"product_id","product_title","product_sku","product_brand"
"251475","Cajun Shore Runner RTF Bowfishing Package 15-45 lbs. RH","KIN-1001006","Cajun"
"242202","Easton Hyperspeed Arrows 500 2 in. Bully Vanes 6 pk.","KIN-1001017","Easton"
"242484","Easton 5mm Axis Sport Arrows 500 2 in. Bully Vanes 6 pk.","KIN-1001018","Easton"
"242203","Easton 5mm Axis Sport Arrows 600 2 in. Bully Vanes 6 pk.","KIN-1001019","Easton"
"242296","Easton 5mm Axis Sport Arrows 700 2 in. Bully Vanes 6 pk.","KIN-1001020","Easton"
"244429","Easton Adjustable Target Points Super Drive 25 90 gr. 12 pk.","KIN-1001026","Easton"
"244514","Easton Adjustable Target Points Super Drive 27 100 gr. 12 pk.","KIN-1001027","Easton"
"250393","Easton Deluxe Field Quiver w/Belt Gray LH","KIN-1001029","Easton"
"250442","Easton Deluxe Field Quiver w/Belt Black RH","KIN-1001030","Easton"
"250394","Easton Deluxe Field Quiver w/Belt Blue RH","KIN-1001031","Easton"
"250443","Easton Deluxe Field Quiver w/Belt Gray RH","KIN-1001033","Easton"
"250438","Easton Elite Takedown Hip Quiver w/Belt Red RH","KIN-1001049","Easton"
"250345","Easton Elite Takedown Hip Quiver w/Belt White LH","KIN-1001052","Easton"
"249886","Easton Contour CS Stabilizer Red 27 in.","KIN-1001053","Easton"
"249800","Easton Contour CS Stabilizer Blue 27 in.","KIN-1001054","Easton"
"249880","Easton Contour CS Stabilizer Blue 30 in.","KIN-1001057","Easton"
"249881","Easton Contour CS Stabilizer Red 33 in.","KIN-1001059","Easton"
"249887","Easton Contour CS Stabilizer Blue 33 in.","KIN-1001060","Easton"
"249844","Easton Contour CS Side Rod Red 12 in.","KIN-1001062","Easton"
"249845","Easton Contour CS Side Rod Blue 15 in.","KIN-1001067","Easton"
"249846","Easton Halcyon Stabilizer Black 33 in.","KIN-1001070","Easton"
"249803","Easton Halcyon Side Rod Black 15 in.","KIN-1001072","Easton"
"245329","Easton Bully Vanes 2in. Blue 100 pk.","KIN-1001074","Easton"
"245705","Easton Boattail Bully Vanes 2 in. Flo Yellow 100 pk.","KIN-1001082","Easton"
"245706","Easton Boattail Bully Vanes 2 in. Flo Green 100 pk.","KIN-1001083","Easton"
"245716","Easton Boattail Bully Vanes 2 in. White 100 pk.","KIN-1001086","Easton"
"252104","Bear X Desire Pistol Bolts 12 pk.","KIN-1001111","BEAR"
"250676","Trophy Ridge Sync Arrow Rest RH","KIN-1001112","TROPHY RIDGE"
"250677","Trophy Ridge Sync Arrow Rest LH","KIN-1001113","TROPHY RIDGE"
"250618","Trophy Ridge Sync MD Arrow Rest RH","KIN-1001114","TROPHY RIDGE"
"250678","Trophy Ridge Sync MD Arrow Rest LH","KIN-1001115","TROPHY RIDGE"
"249349","Trophy Ridge Master Hunter Kit RH","KIN-1001118","TROPHY RIDGE"
"250238","Trophy Ridge Hex Light Quiver Black 5 Arrow","KIN-1001119","TROPHY RIDGE"
"249609","Trophy Ridge Hitman Stabilizer Black 6 in.","KIN-1001121","TROPHY RIDGE"
"249491","Trophy Ridge Hitman Stabilizer Black 8 in.","KIN-1001122","TROPHY RIDGE"
"249438","Trophy Ridge Hitman Stabilizer Black 10 in.","KIN-1001123","TROPHY RIDGE"
"249610","Trophy Ridge Hitman Stabilizer Black 12 in.","KIN-1001124","TROPHY RIDGE"
"250082","Trophy Ridge Hitman Sidemount Bracket","KIN-1001125","TROPHY RIDGE"
"249595","Trophy Ridge Hitman Stabilizer Black 6 in./8 in. Combo","KIN-1001126","TROPHY RIDGE"
"249439","Trophy Ridge Hitman Stabilizer Black 8 in/ 10 in. Combo","KIN-1001127","TROPHY RIDGE"
"249596","Trophy Ridge Hitman Stabilizer Black 10 in./12 in. Combo","KIN-1001128","TROPHY RIDGE"
"249611","Trophy Ridge Blitz Stabilizer Black 6 in.","KIN-1001129","TROPHY RIDGE"
"246325","Rocket Meat Seeker Broadheads 100 gr. 3 pk.","KIN-1001138","Rocket"
"246398","Rocket Broadheads Meat Seeker Crossbow 100 gr. 3 pk.","KIN-1001139","Rocket"
"251585","Cajun Pro Slides 5 pk.","KIN-1001140","Cajun"
"248508","Fletcher Tru Peep Black 1/16 in.","KIN-1001141","FLETCHER"
"248511","Fletcher Tru Peep Black 3/16 in.","KIN-1001146","FLETCHER"
"248512","Fletcher Tru Peep Blue 3/16 in.","KIN-1001147","FLETCHER"
"248513","Fletcher Tru Peep Green 3/16 in.","KIN-1001148","FLETCHER"
"248509","Fletcher Tru Peep Red 3/16 in.","KIN-1001149","FLETCHER"
"246879","Genesis Mini Bow Green LH","KIN-1001158","Genesis"
"246862","Genesis Mini Bow Green RH","KIN-1001159","Genesis"
"246873","Genesis Mini Bow Purple LH","KIN-1001160","Genesis"
"246863","Genesis Mini Bow Purple RH","KIN-1001161","Genesis"
"251356","TruFire Sear Back Tension Release Silver","KIN-1001176","TRUFIRE"
"244005","Nockturnal Lighted Nocks Orange G 3 pk.","KIN-1001182","NOCKTURNAL"
"244024","Nockturnal FIT Lighted Nocks Pink 3 pk.","KIN-1001183","NOCKTURNAL"
"251548","Muzzy Gar Bowfishing Replacement Tips 2 pk.","KIN-1001193","MUZZY"
"251487","Muzzy Vice Bowfishing Kit LH","KIN-1001196","MUZZY"
"251645","Muzzy Bowfishing Gaff 24 in.","KIN-1001197","MUZZY"
"251252","Hot Shot Tempest Release 3 Finger Red","KIN-1001199","Hot Shot Manufacturing"
"251153","Hot Shot Impetus Release Strap Black","KIN-1001211","Hot Shot Manufacturing"
"251253","Hot Shot Haze Release Buckle 3 Finger","KIN-1001212","Hot Shot Manufacturing"
"251276","Hot Shot Haze Release Buckle 4 Finger","KIN-1001213","Hot Shot Manufacturing"
"245529","Q2i Fusion X-II SL Vanes Black 1.75 in. 100 pk.","KIN-1001225","Q2I"
"245707","Q2i Fusion X-II SL Vanes Blue 1.75 in. 100 pk.","KIN-1001226","Q2I"
"245330","Q2i Fusion X-II SL Vanes Neon Green 1.75 in. 100 pk.","KIN-1001227","Q2I"
"245530","Q2i Fusion X-II SL Vanes Neon Orange 1.75 in. 100 pk.","KIN-1001228","Q2I"
"245331","Q2i Fusion X-II SL Vanes Neon Pink 1.75 in. 100 pk.","KIN-1001229","Q2I"
"245531","Q2i Fusion X-II SL Vanes Neon Yellow 1.75 in. 100 pk.","KIN-1001230","Q2I"
"245717","Q2i Fusion X-II SL Vanes Red 1.75 in. 100 pk.","KIN-1001231","Q2I"
"245532","Q2i Fusion X-II SL Vanes White 1.75 in. 100 pk.","KIN-1001232","Q2I"
"245332","Q2i Fusion X-II SL Vanes Black 2.1 in. 100 pk.","KIN-1001234","Q2I"
"245708","Q2i Fusion X-II SL Vanes Blue 2.1 in. 100 pk.","KIN-1001235","Q2I"
"245333","Q2i Fusion X-II SL Vanes Neon Green 2.1 in. 100 pk.","KIN-1001236","Q2I"
"245709","Q2i Fusion X-II SL Vanes Neon Orange 2.1 in. 100 pk.","KIN-1001237","Q2I"
"245719","Q2i Fusion X-II SL Vanes Neon Pink 2.1 in. 100 pk.","KIN-1001238","Q2I"
"245710","Q2i Fusion X-II SL Vanes Neon Yellow 2.1 in. 100 pk.","KIN-1001239","Q2I"
"245533","Q2i Fusion X-II SL Vanes Red 2.1 in. 100 pk.","KIN-1001240","Q2I"
"245720","Q2i Fusion X-II SL Vanes White 2.1 in. 100 pk.","KIN-1001241","Q2I"
"245534","Q2i Fusion X-II SL Vanes Purple 2.1 in. 100 pk.","KIN-1001242","Q2I"
"246274","Rocky Mountain Switchblade Broadheads 100 gr. 3 pk.","KIN-1001254","Rocky Mountain"
"244691","Bitzenburger Fletching Jig Straight","KIN-1001265","BITZENBURGER"
"244675","Bitzenburger Fletching Jig Right Wing","KIN-1001266","BITZENBURGER"
"244681","Bitzenburger Fletching Jig Left Wing","KIN-1001267","BITZENBURGER"
"244676","Bitzenburger Fletching Jig Crossbow Straight","KIN-1001268","BITZENBURGER"
"244682","Bitzenburger Nock Receiver Straight TM","KIN-1001269","BITZENBURGER"
"246522","Grayling Broadhead Wrench","KIN-1001279","Grayling"
"248652","Pine Ridge Kisser Button Slotted Black 25 pk.","KIN-1001311","PINE RIDGE"
"248637","Pine Ridge Kisser Button Slotted Red 25 pk.","KIN-1001312","PINE RIDGE"
"248654","Pine Ridge Kisser Button Slotted Green 25 pk.","KIN-1001313","PINE RIDGE"
"248514","Pine Ridge Silicone Peep Tubing Black 25 ft.","KIN-1001315","PINE RIDGE"
"248515","GWS Rubber Tubing 50 ft. Black","KIN-1001362","Gws"
"251909","TenPoint Mini Foot Stirrup","KIN-1001368","TENPOINT"
"250679","Ripcord Lok Arrow Rest Black RH","KIN-1001371","Ripcord"
"250642","Ripcord Lok Arrow Rest Black LH","KIN-1001372","Ripcord"
"246186","Dirt Nap Gear Alpha Broadheads 100/125 gr. 3 pk.","KIN-1001373","Dirt Nap Gear"
"246399","Dirt Nap Gear Alpha Crossbow Broadheads 100/125 gr. 3 pk.","KIN-1001374","Dirt Nap Gear"
"246187","Dirt Nap Gear HD DRT Single Bevel Broadheads Single Bevel 150/175 gr. 3 pk.","KIN-1001375","Dirt Nap Gear"
"246182","QAD Exodus Broadheads Full Blade 85 gr. 3 pk.","KIN-1001379","QAD"
"250887","QAD Timing Cord Black","KIN-1001380","QAD"
"250619","Hamskea Hybrid Hunter Pro Rest OD Green RH","KIN-1001381","HAMSKEA"
"250643","Hamskea Hybrid Hunter Pro Rest Coyote RH","KIN-1001382","HAMSKEA"
"250680","Hamskea Hybrid Hunter Pro Rest Tan RH","KIN-1001384","HAMSKEA"
"250684","Hamskea Hybrid Hunter Pro Rest Micro Tune OD Green RH","KIN-1001385","HAMSKEA"
"250685","Hamskea Hybrid Hunter Pro Rest Micro Tune Coyote RH","KIN-1001386","HAMSKEA"
"250686","Hamskea Hybrid Hunter Pro Rest Micro Tune Concrete RH","KIN-1001387","HAMSKEA"
"250620","Hamskea Hybrid Hunter Pro Rest Micro Tune Tan RH","KIN-1001388","HAMSKEA"
"250687","Hamskea Hybrid Target Pro Rest Silver RH","KIN-1001389","HAMSKEA"
"250644","Hamskea Hybrid Target Pro Rest Micro Tune Silver RH","KIN-1001390","HAMSKEA"
"250621","Hamskea Trinity Hunter Rest Micro Tune OD Green RH","KIN-1001392","HAMSKEA"
"250688","Hamskea Trinity Hunter Rest Micro Tune Coyote RH","KIN-1001393","HAMSKEA"
"250622","Hamskea Trinity Hunter Rest Micro Tune Concrete RH","KIN-1001394","HAMSKEA"
"250689","Hamskea Trinity Hunter Rest Micro Tune Tan RH","KIN-1001395","HAMSKEA"
"250690","Hamskea Trinity Hunter Rest Micro Tune Black LH","KIN-1001396","HAMSKEA"
"250681","Hamskea Trinity Target Rest Micro Tune Silver RH","KIN-1001398","HAMSKEA"
"250692","Hamskea Trinity Target Rest Micro Tune Black LH","KIN-1001399","HAMSKEA"
"250645","Hamskea Trinity Target Rest Micro Tune Silver LH","KIN-1001400","HAMSKEA"
"250896","Hamskea Limb Clamp Assembly Kit 1 in.","KIN-1001401","HAMSKEA"
"250888","Hamskea Limb Clamp Assembly Kit Universal with EZ Guide","KIN-1001402","HAMSKEA"
"250841","Hamskea G-FLEX Wide Launcher","KIN-1001403","HAMSKEA"
"246326","SWAT Vector Broadheads 100 gr. 3 pk.","KIN-1001404","Swat Broadheads"
"246319","SWAT Hybrid Broadheads 100 gr. 3 pk.","KIN-1001405","Swat Broadheads"
"246107","Zwickey Eskilite Broadheads Glue On 4 Edge 110 gr. 3 pk.","KIN-1001406","Zwickey"
"250646","QAD UltraRest HDX Elite Realtree Xtra LH","KIN-1001408","Elite Archery"
"250609","Vista Maverick Back Quiver Camouflage RH/LH","KIN-1001422","Vista"
"250611","Vista Predator Broadhead Side Quiver Camouflage RH/LH","KIN-1001423","Vista"
"250610","Vista Raider Youth Back Quiver RH/LH","KIN-1001424","Vista"
"252358","Bow Medic Bow Hand Free Standing","KIN-1001427","Bow Medic"
"252364","Bow Medic Bow Hand Bench Mount","KIN-1001428","Bow Medic"
"251956","Barnett Hyperflite Crossbow Bolts 22 in. 3 pk.","KIN-1001446","Barnett"
"252011","Barnett Hyperflite Crossbow Bolts 22 in. 5 pk.","KIN-1001447","Barnett"
"251894","Barnett Rail Lube and Wax Combo","KIN-1001448","Barnett"
"246846","Barnett Vortex Youth Bow Mossy Oak Break Up 22-27 in. 19-45 lbs. RH","KIN-1001449","Barnett"
"246832","Barnett Vortex Lite Youth Bow Mossy Oak Break Up 22-25 in. 18-29 lbs. RH","KIN-1001450","Barnett"
"242937","Barnett Jr Arrows 28 in. 3 pk.","KIN-1001457","Barnett"
"252158","TenPoint Alpha Nocks Metal 6 pk.","KIN-1001458","TENPOINT"
"251887","TenPoint Premium Lubricant w/ Foam Applicator","KIN-1001459","TENPOINT"
"248148","Ravin String and Cable Set R26","KIN-1001464","Ravin"
"248626","Draves Komfort Kiss Kisser Button Assorted Display 100 pk.","KIN-1001465","Draves"
"250979","Third Hand Pro Arrow Puller","KIN-1001482","Third Hand"
"249882","Dead Center Dead Steady Competition Starter Pack Black 24 in./10 in.","KIN-1001609","Dead Center"
"249804","Dead Center Dead Steady Competition Starter Pack Black 28 in./12 in.","KIN-1001610","Dead Center"
"245129","Gut Check Arrow Wrap Indicator Hog, Turkey, and Bear","KIN-1001614","Gut Check"
"246423","Rocky Mountain First Cut X Broadheads 100gr. 3 pk.","KIN-1001669","Rocky Mountain"
"250346","Neet T-2595 Field Quiver Turquoise RH","KIN-1001876","Neet"
"250347","Neet T-2595 Field Quiver Burgundy Leather RH","KIN-1001904","Neet"
"250538","Neet T-PQ-2 Traditional Suede Pocket Quiver Brown RH/LH","KIN-1001905","Neet"
"246880","Genesis Bow Teal RH","KIN-1002061","Genesis"
"246878","Genesis Bow Teal LH","KIN-1002062","Genesis"
"242945","Easton Genesis Arrows Teal 1820 6 pk.","KIN-1002064","Easton"
"246478","Snaro Bird Point 3 in.","KIN-1002087","Snaro"
"246464","Snaro Bird Point 6 in.","KIN-1002088","Snaro"
"251091","Sideklick Draw Check Clicker","KIN-1002089","3 Rivers"
"251096","Clickety-Klicker Draw Check","KIN-1002090","3 Rivers"
"250823","Fred Eichler 3 Under Cordovan Tab X-Large LH","KIN-1002097","Fred Eichler"
"250818","Wild Turkey Feather Arrow Rest RH","KIN-1002098","Wild Turkey"
"250824","Wild Turkey Feather Arrow Rest LH","KIN-1002099","Wild Turkey"
"249883","Trophy Ridge Hitman Stabilizer Black 18 in.","KIN-1002115","TROPHY RIDGE"
"249805","Trophy Ridge Hitman Stabilizer Black 24 in.","KIN-1002116","TROPHY RIDGE"
"249884","Trophy Ridge Hitman Stabilizer Black 30 in.","KIN-1002117","TROPHY RIDGE"
"249978","Trophy Ridge Custom Stabilizer Weights Black","KIN-1002118","TROPHY RIDGE"
"251256","Trophy Ridge Precise Pro T Handle Release Black","KIN-1002119","TROPHY RIDGE"
"246501","SIK Flight Lock Clips Crossbow 12 pk.","KIN-1002140","SIK"
"246320","Rocket Siphon Broadheads 100 gr. 3 pk.","KIN-1002141","Rocket"
"246411","Rocket Siphon XB Broadheads 100 gr. 3 pk.","KIN-1002142","Rocket"
"250769","Trophy Ridge Whisker Biscuit V Max Arrow Rest Black RH","KIN-1002145","TROPHY RIDGE"
"250770","Trophy Ridge Whisker Biscuit V Max Arrow Rest Black LH","KIN-1002146","TROPHY RIDGE"
"250771","Trophy Ridge Whisker Biscuit V Con Arrow Rest Black RH/LH","KIN-1002147","TROPHY RIDGE"
"250768","Trophy Ridge Whisker Biscuit V Arrow Rest Black RH/LH","KIN-1002149","TROPHY RIDGE"
"250764","Trophy Ridge Whisker Biscuit V Replacement Bristle Black","KIN-1002150","TROPHY RIDGE"
"250772","Trophy Ridge Whisker Biscuit V Replacement Bristle Red","KIN-1002151","TROPHY RIDGE"
"246864","Bear Valiant Bow Set Orange RH","KIN-1002158","BEAR"
"246874","Bear Apprentice Bow Set Flo Green RH","KIN-1002159","BEAR"
"250236","Trophy Ridge Hex Light Quiver 5 arrow Realtree Edge","KIN-1002162","TROPHY RIDGE"
"251128","Trophy Ridge DrawPoint Release Black","KIN-1002165","TROPHY RIDGE"
"251129","Trophy Ridge ArchX Release Black","KIN-1002166","TROPHY RIDGE"
"251154","Trophy Ridge Spot-On Release Black","KIN-1002168","TROPHY RIDGE"
"242946","Easton Genesis Arrows 3 in. Vane Black 36 pk.","KIN-1002178","Easton"
"242939","Easton Genesis Arrows 3 in. Vane Teal 36 pk.","KIN-1002179","Easton"
"242940","Easton Genesis Arrows 3 in. Vane Green 36 pk.","KIN-1002180","Easton"
"242947","Easton Genesis Arrows 3 in. Vane Purple 36 pk.","KIN-1002181","Easton"
"242298","Easton 5mm Axis Sport Arrows 260 2 in. Bully Vane 6 pk.","KIN-1002182","Easton"
"242489","Easton 5mm Axis Sport Arrows 300 2 in. Bully Vane 6 pk.","KIN-1002183","Easton"
"242490","Easton 5mm Axis Sport Arrows 340 2 in. Bully Vane 6 pk.","KIN-1002184","Easton"
"242491","Easton 5mm Axis Sport Arrows 400 2 in. Bully Vane 6 pk.","KIN-1002185","Easton"
"242454","Easton 6.5 Match Grade Arrows 300 6 pk.","KIN-1002186","Easton"
"242492","Easton 6.5 Match Grade Arrows 340 6 pk.","KIN-1002187","Easton"
"242455","Easton 6.5 Match Grade Arrows 400 6 pk.","KIN-1002188","Easton"
"242456","Easton 6.5 Match Grade Arrows 500 6 pk.","KIN-1002189","Easton"
"242204","Easton 6.5 Hunter Classic Arrows 300 2 in. Bully Vanes 6 pk.","KIN-1002190","Easton"
"242205","Easton 6.5 Hunter Classic Arrows 340 2 in. Bully Vanes 6 pk.","KIN-1002191","Easton"
"242206","Easton 6.5 Hunter Classic Arrows 400 2 in. Bully Vanes 6 pk.","KIN-1002192","Easton"
"242493","Easton 6.5 Hunter Classic Arrows 500 2 in. Bully Vanes 6 pk.","KIN-1002193","Easton"
"242457","Easton 6.5 Bowhunter Arrows 340 2 in. Bully Vane 6 pk.","KIN-1002194","Easton"
"242494","Easton 6.5 Bowhunter Arrows 400 2 in. Bully Vane 6 pk.","KIN-1002195","Easton"
"242495","Easton 6.5 Bowhunter Arrows 500 2 in. Bully Vane 6 pk.","KIN-1002196","Easton"
"252022","Easton 9mm Bolts 22 in. 36 pk.","KIN-1002198","Easton"
"252112","Easton 9mm Crossbow Nocks Half Moon White 36 pk.","KIN-1002199","Easton"
"243742","Easton 5mm 8-32 Aluminum Half Out #1 12 pk.","KIN-1002202","Easton"
"243710","Easton 5mm 8-32 Aluminum Half Out #2 12 pk.","KIN-1002203","Easton"
"243743","Easton 5mm 8-32 Stainless Half Out #1 12 pk.","KIN-1002204","Easton"
"243711","Easton 5mm 8-32 Stainless Half Out #2 12 pk.","KIN-1002205","Easton"
"252213","Easton 9mm Bolt Insert 12 pk.","KIN-1002206","Easton"
"243744","Easton 6.5mm Inserts Orange 12 pk.","KIN-1002207","Easton"
"243766","Easton 6.5mm Inserts Orange 100 pk.","KIN-1002208","Easton"
"243745","Easton 6mm ST Brass Inserts 50-75gr 12 pk.","KIN-1002209","Easton"
"243712","Easton Aluminum RPS Inserts 1716 12 pk.","KIN-1002210","Easton"
"246515","Easton Zinc Broadhead Alignment Rings BAR 3 12 pk.","KIN-1002211","Easton"
"246519","Easton Zinc Broadhead Alignment Rings BAR 4 12 pk.","KIN-1002212","Easton"
"246516","Easton Zinc Broadhead Alignment Rings BAR 5 12 pk.","KIN-1002213","Easton"
"246520","Easton Zinc Broadhead Alignment Rings BAR 6 12 pk.","KIN-1002214","Easton"
"244104","Easton Pin Bushings SuperDrive 19 12 pk.","KIN-1002215","Easton"
"243916","Easton 6.5mm MicroLite Super Nocks White 12 pk.","KIN-1002216","Easton"
"244186","Easton Uni Bushings G SuperDrive 19 12 pk.","KIN-1002221","Easton"
"244644","Easton Adjustable Target Points SuperDrive 19 90 gr. 12 pk.","KIN-1002223","Easton"
"252255","Easton Omni Tool by Fix It Sticks Metric/Std/Star","KIN-1002227","Easton"
"252312","Competition Electronics ProChrono Carrying Case","KIN-1002231","Competition Electronics"
"249149","Friction-Less Universal Lubricant","KIN-1002234","Scorpion Venom"
"251860","TenPoint AcuDraw 50","KIN-1002241","TENPOINT"
"250548","Neet Osage Bowmen Bison Back Quiver RH","KIN-1002279","Neet"
"250546","Neet Osage Bowmen Bison Pocket Quiver","KIN-1002281","Neet"
"252329","AccuBow 1.0 Forest Camo","KIN-1002296","Accubow"
"249597","Dead Center Dead Silent Verge Stabilizer Black 7 in.","KIN-1002304","Dead Center"
"249496","Dead Center Dead Silent Verge Stabilizer Realtree Edge 7 in.","KIN-1002305","Dead Center"
"249497","Dead Center Dead Silent Verge Stabilizer Black 9 in.","KIN-1002306","Dead Center"
"249498","Dead Center Dead Silent Verge Stabilizer Realtree Edge 9 in.","KIN-1002307","Dead Center"
"249499","Dead Center Dead Silent Verge Stabilizer Black 12 in.","KIN-1002308","Dead Center"
"249440","Dead Center Dead Silent Verge Stabilizer Realtree Edge 12 in.","KIN-1002309","Dead Center"
"249598","Dead Center Dead Level Hunter Verge Kit Black 9 in and 7 in.","KIN-1002310","Dead Center"
"249599","Dead Center Dead Level Hunter Verge Kit Black 12 in. and 9 in.","KIN-1002311","Dead Center"
"249613","Dead Center Dead Level Hunter Verge Kit Realtree Edge 9 in. and 7 in.","KIN-1002312","Dead Center"
"249500","Dead Center Dead Level Hunter Verge Kit Realtree Edge 12 in. and 9 in.","KIN-1002313","Dead Center"
"249441","Dead Center XD4 Stabilizer Green 4 in.","KIN-1002314","Dead Center"
"249501","Dead Center XD4 Stabilizer Red 4 in.","KIN-1002315","Dead Center"
"249502","Dead Center XD4 Stabilizer Orange 4 in.","KIN-1002316","Dead Center"
"249503","Dead Center XD4 Stabilizer Purple 4 in.","KIN-1002317","Dead Center"
"249600","Dead Center XD4 Stabilizer Blue 4 in.","KIN-1002318","Dead Center"
"249504","Dead Center XD4 Stabilizer Pink 4 in.","KIN-1002319","Dead Center"
"249601","Dead Center XD4 Stabilizer Yellow 4 in.","KIN-1002320","Dead Center"
"249505","Dead Center XD4 Stabilizer Silver 4 in.","KIN-1002321","Dead Center"
"249506","Dead Center XD4 Stabilizer Black 4 in.","KIN-1002322","Dead Center"
"249977","Dead Center Diamond Series Riser Mount","KIN-1002323","Dead Center"
"249976","Dead Center Quick Disconnect Switch Kit","KIN-1002324","Dead Center"
"246275","Rage Extreme NC Chisel Tip Broadheads 100 gr. 2 pk.","KIN-1002326","RAGE"
"246321","Rage Extreme NC Cut on Contact Broadheads 100 gr. 2 pk.","KIN-1002327","RAGE"
"246322","Rage Hypodermic NC +P Broadheads 125 gr. 3 pk.","KIN-1002329","RAGE"
"251257","Hot Shot The Hook Up Release 3 Finger","KIN-1002332","Hot Shot Manufacturing"
"251277","Hot Shot The Hook Up Release 4 Finger","KIN-1002333","Hot Shot Manufacturing"
"252024","TenPoint Pro Elite 400 Alpha-Brite Arrows 20 in. Green 6 pk.","KIN-1002342","TENPOINT"
"251978","TenPoint Pro-V 22 Carbon Arrows 22 in. White Alpha Nock 6pk.","KIN-1002346","TENPOINT"
"251979","TenPoint Pro Lite Carbon Arrows 20 in. White Alpha Nock 6 pk.","KIN-1002347","TENPOINT"
"252012","TenPoint Pro-V 22 Alpha-Brite Lighted Arrows 22 in. Green 3 pk.","KIN-1002348","TENPOINT"
"252135","TenPoint Alpha Nock White 6 pk.","KIN-1002350","TENPOINT"
"252161","TenPoint Alpha Nock Receiver .297 Pro Elite Yellow 6 pk.","KIN-1002351","TENPOINT"
"252113","TenPoint Alpha Nock Receiver .300 Pro Lite White 6 pk.","KIN-1002352","TENPOINT"
"252114","TenPoint Alpha Nock Receiver .305 XX75 Orange 6 pk.","KIN-1002353","TENPOINT"
"252162","TenPoint Alpha Brite Lighted Nock Kit .297 Red 3 pk.","KIN-1002354","TENPOINT"
"251862","TenPoint Tech 6 Arrow Quiver Black","KIN-1002355","TENPOINT"
"251828","TenPoint Xtend Adjustable Crank Handle Universal","KIN-1002356","TENPOINT"
"249350","Pine Ridge Nitro Split Limb Dampeners Black","KIN-1002357","PINE RIDGE"
"249370","Pine Ridge Nitro Split Limb Dampeners Red","KIN-1002358","PINE RIDGE"
"250974","Pine Ridge Maxx Grip Arrow Puller Flat","KIN-1002361","PINE RIDGE"
"252245","Pine Ridge Metric Ball Wrench Set 5 pc.","KIN-1002363","PINE RIDGE"
"242950","Easton 6.5 RTS Junior Arrows 500 26 in. 6 pk.","KIN-1002376","Easton"
"242951","Easton 6.5 RTS Junior Arrows 500 28 in. 6 pk.","KIN-1002377","Easton"
"246150","Muzzy One Broadheads 85 gr. 3 pk.","KIN-1002511","MUZZY"
"246109","Muzzy One Broadheads 125 gr. 3 pk.","KIN-1002512","MUZZY"
"246110","Muzzy One Crossbow Broadheads 125 gr. 3 pk.","KIN-1002513","MUZZY"
"251455","Muzzy LV-X Bowfishing Bow Green 25-29 in. 25-50 lb. LH","KIN-1002514","MUZZY"
"251488","Muzzy LV-X Bowfishing Kit Green 25-29 in. 25-50 lb. LH","KIN-1002515","MUZZY"
"251522","Muzzy Lighted Carbon Bowfishing Arrow Gar Point","KIN-1002516","MUZZY"
"251523","Muzzy Lighted Carbon Bowfishing Arrow Carp Point","KIN-1002517","MUZZY"
"251579","Muzzy Lighted Bowfishing Nock 1 pk.","KIN-1002518","MUZZY"
"251580","Muzzy Lighted Bowfishing Nock 3 pk.","KIN-1002519","MUZZY"
"251660","Muzzy Bowfishing Bow Case","KIN-1002520","MUZZY"
"251611","Muzzy LVR Bowfishing Reel Seat","KIN-1002521","MUZZY"
"251626","Muzzy Bowfishing Tournament Reel","KIN-1002522","MUZZY"
"251627","Muzzy Bowfishing Bottle Reel","KIN-1002523","MUZZY"
"246276","Muzzy Shank Broadheads 100 gr. 5 pk.","KIN-1002524","MUZZY"
"251418","TruFire ThruFire Release","KIN-1002525","TRUFIRE"
"251419","TruFire ThruFire Release Small","KIN-1002526","TRUFIRE"
"251357","TruFire Sear-X Release","KIN-1002527","TRUFIRE"
"250237","TruFire 4+1 Quiver","KIN-1002528","TRUFIRE"
"252115","Nockturnal Launchpad Crossbow Nock Green 3 pk.","KIN-1002530","NOCKTURNAL"
"251812","Rocky Mountain Quiet Crank Cocking Winch","KIN-1002531","Rocky Mountain"
"251850","Rocky Mountain Universal Rope Cocker","KIN-1002532","Rocky Mountain"
"251927","Rocky Mountain The Nub Decocking Point","KIN-1002533","Rocky Mountain"
"251888","Rocky Mountain Rail Lubricant","KIN-1002534","Rocky Mountain"
"250938","SureLoc Rhythm Rest Micro Adjust","KIN-1002539","SureLoc"
"242304","Easton 5mm Full Metal Jacket Legend Arrows 300 6 pk.","KIN-1002563","Easton"
"242458","Easton 5mm Full Metal Jacket Legend Arrows 400 6pk.","KIN-1002565","Easton"
"242207","Easton 6.5mm Matrix Arrows Bully Vane 300 6 pk.","KIN-1002566","Easton"
"242459","Easton 6.5mm Matrix Arrows Bully Vane 340 6 pk.","KIN-1002567","Easton"
"242496","Easton 6.5mm Matrix Arrows Bully Vane 400 6 pk.","KIN-1002568","Easton"
"242460","Easton 6.5mm Matrix Arrows Bully Vane 500 6 pk.","KIN-1002569","Easton"
"247103","Lil' John Recurve Set 10 lbs. 16 in. RH ONLY","KIN-1002573","Western Recreation"
"247101","Lil' John Longbow Set 10 lbs. 16 in. RH ONLY","KIN-1002574","Western Recreation"
"242497","Easton 6.5 RTS Junior Arrows 500 26 in. 72 pk.","KIN-1002636","Easton"
"242498","Easton 6.5 RTS Junior Arrows 500 28 in. 72 pk.","KIN-1002637","Easton"
"246151","Crimson Talon G2 Broadheads 100 gr. 3 pk.","KIN-1002638","Crimson Talon"
"246183","Crimson Talon G2 Broadheads 125 gr. 3 pk.","KIN-1002639","Crimson Talon"
"246111","Crimson Talon G2 Hyper Speed Broadheads 100 gr. 3 pk.","KIN-1002640","Crimson Talon"
"246112","Crimson Talon G2 Hyper Speed Broadheads 125 gr. 3 pk.","KIN-1002641","Crimson Talon"
"246184","Northern Broadheads Little Evil Broadheads 100 gr. 4 pk.","KIN-1002664","Northwoods"
"246113","Northern Broadheads Wide Cuts Broadheads 125 gr. 4 pk.","KIN-1002665","Northwoods"
"246185","Northern Broadheads Wide Cuts Broadheads 150 gr. 4 pk.","KIN-1002666","Northwoods"
"246189","Northern Broadheads EVO Broadheads 125 gr. 3 pk.","KIN-1002669","Northwoods"
"251838","Barnett Crank Cocking Device HyperGhost","KIN-1002710","Barnett"
"251821","Barnett Crank Cocking Device Tactical","KIN-1002711","Barnett"
"251813","Barnett Crank Cocking Device Universal","KIN-1002712","Barnett"
"246465","K-Thump Slobberknocker Small Game Heads Orange 100 gr. 4 pk.","KIN-1002713","K-Thump"
"251849","CenterPoint CP400 Rope Cocker","KIN-1002811","Centerpoint"
"251829","CenterPoint CP400 Silent Crank","KIN-1002813","Centerpoint"
"252163","CenterPoint CP400 Arrow Nocks 12 pk.","KIN-1002814","Centerpoint"
"251065","BowTree Path Direction Stake Kit 10 pk.","KIN-1002873","BowTree"
"251034","BowTree Target Number Stake Kit 10 pk.","KIN-1002874","Rinehart"
"251035","BowTree Unmarked Yard Spots 4 pk.","KIN-1002875","Rinehart"
"252394","BowTree Bow Hanger Slat Wall 45 degree","KIN-1002877","Rinehart"
"252378","BowTree Crossbow BowTree Slat Wall","KIN-1002878","Rinehart"
"252409","BowTree Crossbow BowTree Wall","KIN-1002879","BowTree"
"252390","BowTree Crossbow BowTree Ceiling 10 in.","KIN-1002880","Rinehart"
"252391","BowTree Bow Hanger Ceiling 6 in.","KIN-1002881","Rinehart"
"252395","BowTree Bow Hanger Wall","KIN-1002882","Rinehart"
"252382","BowTree Bow Hanger Slat Wall","KIN-1002883","Rinehart"
"246428","Rage Xtreme NC Crossbow Broadheads 100 gr. 2 pk.","KIN-1002896","RAGE"
"246584","Muzzy Broadhead Case","KIN-1002897","MUZZY"
"246578","Rage Cage Acessory Case","KIN-1002898","RAGE"
"250168","Traditions QD Quiver 5 arrow","KIN-1002907","Traditions"
"252105","Traditions Firebolt 2216 Arrows 16 in. 6 pk.","KIN-1002908","Traditions"
"250547","Woodland Basket Quiver","KIN-1002928","3 Rivers"
"251087","Leather Tip Protector Longbow","KIN-1002929","3 Rivers"
"251088","Leather Tip Protector Recurve","KIN-1002930","3 Rivers"
"246116","German Jager Broadheads 2 blade 100 gr. 3 pk.","KIN-1002931","3 Rivers"
"246152","German Jager Broadheads 2 blade 125 gr. 3 pk.","KIN-1002932","3 Rivers"
"246190","German Jager Broadheads 2 blade 145 gr. 3 pk.","KIN-1002933","3 Rivers"
"246117","German Jager Broadheads 2 blade 175 gr. 3 pk.","KIN-1002934","3 Rivers"
"246191","German Jager Broadheads 2 blade 200 gr. 3 pk.","KIN-1002935","3 Rivers"
"246881","Genesis Bow Ambush RH","KIN-1003105","Genesis"
"246882","Genesis Bow Ambush LH","KIN-1003106","Genesis"
"246883","Genesis Bow Set Ambush RH","KIN-1003107","Genesis"
"246865","Genesis Bow Set Ambush LH","KIN-1003108","Genesis"
"243767","Easton 4mm 8-32 Aluminum Half Out Size #1 12pk.","KIN-1003119","Easton"
"243772","Easton 4mm 8-32 Aluminum Half Out Size #2 12 pk.","KIN-1003120","Easton"
"243768","Easton 4mm 8-32 Aluminum Half Out Size #3 12 pk.","KIN-1003121","Easton"
"243773","Easton 4mm 8-32 Aluminum Half Out Size #4 12 pk.","KIN-1003122","Easton"
"243746","Easton 4mm 8-32 Aluminum Half Out Size #5 12 pk.","KIN-1003123","Easton"
"242208","Trophy Ridge Wrath Arrows 340 30 in. 6 pk.","KIN-1003125","TROPHY RIDGE"
"248510","Trophy Ridge No Tie Aluminum Tru Peep 3/16 Black","KIN-1003128","TROPHY RIDGE"
"248906","BCY DynaFlight 97 Bowstring Material Tan 1/4 lb.","KIN-1003140","Bcy"
"248979","BCY DynaFlight 97 Bowstring Material Silver 1/4 lb.","KIN-1003141","Bcy"
"248907","BCY DynaFlight 97 Bowstring Material Buckskin 1/4 lb.","KIN-1003142","Bcy"
"248908","BCY B55 Bowstring Material Root Beer 1/4 lb.","KIN-1003143","Bcy"
"248974","BCY B55 Bowstring Material Cedar 1/4 lb.","KIN-1003144","Bcy"
"248975","BCY B55 Bowstring Material Medium Brown/Tan 1/4 lb.","KIN-1003146","Bcy"
"248909","BCY B55 Bowstring Material Buckskin 1/4 lb.","KIN-1003147","Bcy"
"248980","BCY B55 Bowstring Material Green 1/4 lb.","KIN-1003148","Bcy"
"248942","BCY B55 Bowstring Material Dark Brown 1/4 lb.","KIN-1003149","Bcy"
"248910","BCY B55 Bowstring Material Purple 1/4 lb.","KIN-1003150","Bcy"
"248911","BCY B55 Bowstring Material Gunmetal 1/4 lb.","KIN-1003151","Bcy"
"248912","BCY B55 Bowstring Material Red 1/4 lb.","KIN-1003152","Bcy"
"248943","BCY B55 Bowstring Material Royal Blue 1/4 lb.","KIN-1003153","Bcy"
"248976","BCY B55 Bowstring Material Kiwi 1/4 lb.","KIN-1003154","Bcy"
"248944","BCY B55 Bowstring Material OD Green 1/4 lb.","KIN-1003155","Bcy"
"248945","BCY B55 Bowstring Material Silver 1/4 lb.","KIN-1003156","Bcy"
"248946","BCY B55 Bowstring Material Fluorescent Orange 1/4 lb.","KIN-1003157","Bcy"
"248947","BCY B55 Bowstring Material Fluorescent Green 1/4 lb.","KIN-1003158","Bcy"
"248913","BCY 652 Spectra Bowstring Material Black 1/4 lb.","KIN-1003159","Bcy"
"248981","BCY 652 Spectra Bowstring Material Red 1/4 lb.","KIN-1003160","Bcy"
"248977","BCY 652 Spectra Bowstring Material Green 1/4 lb.","KIN-1003161","Bcy"
"248982","BCY 652 Spectra Bowstring Material Tan 1/4 lb.","KIN-1003162","Bcy"
"248948","BCY 652 Spectra Bowstring Material Silver 1/4 lb.","KIN-1003163","Bcy"
"249058","BCY 400 Nylon Serving Black 100 yds.","KIN-1003164","Bcy"
"251982","Barnett Headhunter Lighted Bolts 20 in. 3 pk.","KIN-1003165","Barnett"
"252013","Barnett Headhunter Lighted Bolts 22 in. 3 pk.","KIN-1003166","Barnett"
"252337","AccuBow Nano Black","KIN-1003173","Accubow"
"242461","Easton 4mm Axis Long Range Match Grade Arrows 250 Blazer Vanes 6 pk.","KIN-1003180","Easton"
"242499","Easton 4mm Axis Long Range Match Grade Arrows 300 Blazer Vanes 6 pk.","KIN-1003181","Easton"
"242462","Easton 4mm Axis Long Range Match Grade Arrows 340 Blazer Vanes 6 pk.","KIN-1003182","Easton"
"242463","Easton 4mm Axis Long Range Match Grade Arrows 400 Blazer Vanes 6 pk.","KIN-1003183","Easton"
"242209","Easton 4mm Axis Long Range Arrows 250 Blazer Vanes 6 pk.","KIN-1003184","Easton"
"242464","Easton 4mm Axis Long Range Arrows 300 Blazer Vanes 6 pk.","KIN-1003185","Easton"
"242465","Easton 4mm Axis Long Range Arrows 340 Blazer Vanes 6 pk.","KIN-1003187","Easton"
"242500","Easton 4mm Axis Long Range Arrows 400 Blazer Vanes 6 pk.","KIN-1003188","Easton"
"242325","Easton 4mm Full Metal Jacket Arrows 250 Blazer Vanes 6 pk.","KIN-1003189","Easton"
"242466","Easton 4mm Full Metal Jacket Arrows 300 Blazer Vanes 6 pk.","KIN-1003190","Easton"
"242501","Easton 4mm Full Metal Jacket Arrows 340 Blazer Vanes 6 pk.","KIN-1003191","Easton"
"242467","Easton 4mm Full Metal Jacket Arrows 400 Blazer Vanes 6 pk.","KIN-1003192","Easton"
"242468","Easton 4mm Full Metal Jacket Match Grade Arrows 250 Blazer Vanes 6 pk.","KIN-1003193","Easton"
"242210","Easton 4mm Full Metal Jacket Match Grade Arrows 300 Blazer Vanes 6 pk.","KIN-1003194","Easton"
"242469","Easton 4mm Full Metal Jacket Match Grade Arrows 340 Blazer Vanes 6 pk.","KIN-1003195","Easton"
"242326","Easton 4mm Full Metal Jacket Match Grade Arrows 400 Blazer Vanes 6 pk.","KIN-1003196","Easton"
"242327","Easton 5mm Full Metal Jacket Match Grade Arrows 250 Blazer Vanes 6 pk.","KIN-1003197","Easton"
"242328","Easton 5mm Full Metal Jacket Arrows 250 Blazer Vanes 6 pk.","KIN-1003198","Easton"
"242470","Easton 5mm Axis Arrows 700 Blazer Vanes 6 pk.","KIN-1003199","Easton"
"242502","Easton 5mm Axis Traditional Arrows 700 4 in. Feathers 6 pk.","KIN-1003200","Easton"
"242329","Easton Hexx 6mm Arrows 260 Blazer Vanes 6 pk.","KIN-1003201","Easton"
"242503","Easton 6.5 Match Grade Arrows 250 2 in. Bully Vanes 6 pk.","KIN-1003202","Easton"
"242471","Easton 6.5 Matrix Match Grade Arrows 400 2 in. Bully Vanes 6 pk.","KIN-1003206","Easton"
"242211","Easton 6.5 Matrix Match Grade Arrows 500 2 in. Bully Vanes 6 pk.","KIN-1003207","Easton"
"242330","Easton 6.5 Whiteout Arrows 300 2 in. Bully Vanes 6 pk.","KIN-1003208","Easton"
"242212","Easton 6.5 Whiteout Arrows 340 2 in. Bully Vanes 6 pk.","KIN-1003209","Easton"
"242472","Easton 6.5 Whiteout Arrows 400 2 in. Bully Vanes 6 pk.","KIN-1003210","Easton"
"242473","Easton 6.5 Whiteout Arrows 500 2 in. Bully Vanes 6 pk.","KIN-1003211","Easton"
"242504","Easton Carbon Legacy Arrows 340 4 in. Feathers 6 pk.","KIN-1003212","Easton"
"242474","Easton Carbon Legacy Arrows 400 4 in. Feathers 6 pk.","KIN-1003213","Easton"
"242505","Easton Carbon Legacy Arrows 500 4 in. Feathers 6 pk.","KIN-1003214","Easton"
"242475","Easton Carbon Legacy Arrows 600 4 in. Feathers 6 pk.","KIN-1003215","Easton"
"242506","Easton Carbon Legacy Arrows 700 4 in. Feathers 6 pk.","KIN-1003216","Easton"
"242507","Easton Legacy Arrows 1916 5 in. Feathers 6 pk.","KIN-1003217","Easton"
"242477","Easton GameGetter Arrows 400 4 in. Feathers 6 pk.","KIN-1003224","Easton"
"242478","Easton 6.5 Bowhunter Arrows 250 2 in. Bully Vanes 6 pk.","KIN-1003226","Easton"
"242214","Easton 6.5mm Matrix Arrows 250 2 in. Bully Vanes 6 pk.","KIN-1003227","Easton"
"251957","Easton Full Metal Jacket Crossbow Bolts 22 in. Half Moon 36 pk.","KIN-1003229","Easton"
"251984","Easton 9mm Crossbow Bolts 20 in. Aluminum Insert Flat Nock 6 pk.","KIN-1003230","Easton"
"252025","Easton 9mm Crossbow Bolts 22 in. Aluminum Insert Flat Nock 6 pk.","KIN-1003231","Easton"
"252014","Easton 9mm Crossbow Bolts 20 in. Brass Insert Flat Nock 6 pk.","KIN-1003232","Easton"
"252015","Easton 9mm Crossbow Bolts 22 in. Brass Insert Flat Nock 6 pk.","KIN-1003233","Easton"
"252016","Easton 9mm Crossbow Bolts 20 in. Aluminum Insert Half Moon Nock 6 pk.","KIN-1003234","Easton"
"252026","Easton 9mm Crossbow Bolts 22 in. Aluminum Insert Half Moon Nock","KIN-1003235","Easton"
"252027","Easton 9mm Crossbow Bolts 20 in. Brass Insert Half Moon Nock 6 pk.","KIN-1003236","Easton"
"252028","Easton 9mm Crossbow Bolts 22 in. Brass Insert Half Moon Nock 6 pk.","KIN-1003237","Easton"
"251958","Easton 9mm Crossbow Bolts 20 in. Aluminum Insert Flat Nock 36 pk.","KIN-1003238","Easton"
"251959","Easton 9mm Crossbow Bolts 22 in. Aluminum Insert Flat Nock 36 pk.","KIN-1003239","Easton"
"251960","Easton 9mm Crossbow Bolts 20 in. Aluminum Insert Half Moon Nock 36 pk.","KIN-1003240","Easton"
"251961","Easton 9mm Crossbow Bolts 22 in. Brass Insert Half Moon Nock 36 pk.","KIN-1003241","Easton"
"252099","Easton XX75 Magnum Crossbow Bolts 20 in. Half Moon Nock 36 pk.","KIN-1003242","Easton"
"252100","Easton XX75 Magnum Crossbow Bolts 22 in. Half Moon Nock 36 pk.","KIN-1003243","Easton"
"252106","Easton XX75 Magnum Crossbow Bolts 20 in. Flat Nock 36 pk.","KIN-1003244","Easton"
"252101","Easton XX75 Magnum Crossbow Bolts 22 in. Flat Nock 36 pk.","KIN-1003245","Easton"
"243774","Easton 6.5mm Brass Insert 50-75 gr. 12 pk.","KIN-1003246","Easton"
"243775","Easton .244 Brass Insert fits Carbon Legacy and Storm 50-75 gr. 12 pk.","KIN-1003247","Easton"
"252216","Easton .297 Brass Crossbow Bolt Inserts 100 gr. 12 pk.","KIN-1003248","Easton"
"252218","Easton 9mm Crossbow Bolt Brass Insert 100 gr. 12 pk.","KIN-1003249","Easton"
"244066","Easton Recurve Pin Nocks Purple Large Groove 12 pk.","KIN-1003250","Easton"
"244067","Easton Recurve Pin Nocks Smoke Large Groove 12 pk.","KIN-1003251","Easton"
"244068","Easton Recurve Pin Nocks Purple Small Groove 12 pk.","KIN-1003252","Easton"
"244069","Easton Recurve Pin Nocks Smoke Small Groove 12 pk.","KIN-1003253","Easton"
"244520","Easton 4mm HL Stainless Steel Break-off Point #1 80-130 gr. 12 pk.","KIN-1003254","Easton"
"244515","Easton 4mm HL Stainless Steel Break-off Point #2 80-130 gr. 12 pk.","KIN-1003255","Easton"
"244521","Easton 4mm HL Stainless Steel Break-off Point #3 80-130 gr. 12 pk.","KIN-1003256","Easton"
"244522","Easton 4mm HL Stainless Steel Break-off Point #4 80-130 gr. 12 pk.","KIN-1003257","Easton"
"244430","Easton 4mm ML Stainless Steel Point #1 60-80 gr. 12 pk.","KIN-1003258","Easton"
"244523","Easton 4mm ML Stainless Steel Point #4 100-120 gr. 12 pk.","KIN-1003259","Easton"
"244516","Easton 4mm Zinc Points #1 70 gr. 12 pk.","KIN-1003260","Easton"
"244517","Easton 4mm Zinc Points #2 70 gr. 12 pk.","KIN-1003261","Easton"
"244518","Easton Adjustable Point 2712 200 gr. 12 pk.","KIN-1003262","Easton"
"244519","Easton Adjustable Point 2315 100 gr. 12 pk.","KIN-1003263","Easton"
"244524","Easton Adjustable Point 2314 100 gr. 12 pk.","KIN-1003264","Easton"
"244525","Easton Adjustable Point 2312 100 gr. 12 pk.","KIN-1003265","Easton"
"244526","Easton Adjustable Point 2214 100 gr. 12 pk.","KIN-1003266","Easton"
"244527","Easton Adjustable Point 2114 100 gr. 12 pk.","KIN-1003267","Easton"
"245336","Easton Diamond HD Vanes Red 3 in. 100 pk.","KIN-1003273","Easton"
"245730","Easton Diamond HD Vanes Orange 3 in. 100 pk.","KIN-1003274","Easton"
"245731","Easton Diamond HD Vanes Yellow 3 in. 100 pk.","KIN-1003275","Easton"
"245732","Easton Diamond HD Vanes Blue 3 in. 100 pk.","KIN-1003276","Easton"
"245733","Easton Diamond HD Vanes White 3 in. 100 pk.","KIN-1003277","Easton"
"245712","Easton Diamond HD Vanes Green 3 in. 100 pk.","KIN-1003278","Easton"
"249903","Easton Z-Comp Side Rod Black 10 in.","KIN-1003281","Easton"
"250623","Ripcord Code Red X Arrow Rest Black RH","KIN-1003295","Ripcord"
"250693","Ripcord Code Red X Arrow Rest Black LH","KIN-1003296","Ripcord"
"250694","Ripcord Drive Cage Arrow Rest Black RH","KIN-1003297","Ripcord"
"250682","Ripcord Drive Cage Arrow Rest Black LH","KIN-1003298","Ripcord"
"250695","Ripcord Drive Cage Micro Arrow Rest Black RH","KIN-1003299","Ripcord"
"250696","Ripcord Drive Cage Micro Arrow Rest Black LH","KIN-1003300","Ripcord"
"250534","Fred Bear Super Light Back Quiver","KIN-1003303","TROPHY RIDGE"
"246277","Rage Hypodermic Trypan NC Broadheads 100 gr. 2 pk.","KIN-1003307","RAGE"
"246323","Rage Hypodermic Trypan NC Crossbow Broadheads 100 gr. 2 pk.","KIN-1003308","RAGE"
"246547","Rage Replacement Blade Kit Hypodermic NC Crossbow","KIN-1003309","RAGE"
"244025","Nockturnal Shift Universal Easy Off Nock System Red 2 pk.","KIN-1003310","NOCKTURNAL"
"244007","Nockturnal Shift Universal Easy Off Nock System Green 2 pk.","KIN-1003311","NOCKTURNAL"
"244023","Nockturnal Shift Universal Easy Off Nock System Strobing Red/Green 2 pk.","KIN-1003312","NOCKTURNAL"
"242479","Carbon Express Maxima Red Contour SD Arrows 400 6 pk.","KIN-1003313","CARBON EXPRESS"
"242334","Carbon Express Maxima Red Contour SD Arrows 350 6 pk.","KIN-1003314","CARBON EXPRESS"
"242480","Carbon Express Maxima Red Contour Arrows 400 6 pk.","KIN-1003315","CARBON EXPRESS"
"242215","Carbon Express Maxima Red Contour Arrows 350 6 pk.","KIN-1003316","CARBON EXPRESS"
"242481","Carbon Express D-Stroyer SD Arrows 400 6 pk.","KIN-1003317","CARBON EXPRESS"
"242510","Carbon Express D-Stroyer SD Arrows 350 6 pk.","KIN-1003318","CARBON EXPRESS"
"242482","Carbon Express D-Stroyer Arrows 500 6 pk.","KIN-1003319","CARBON EXPRESS"
"242511","Carbon Express D-Stroyer Arrows 400 6 pk.","KIN-1003320","CARBON EXPRESS"
"242335","Carbon Express D-Stroyer Arrows 350 6 pk.","KIN-1003321","CARBON EXPRESS"
"242216","Carbon Express D-Stroyer Piledriver Arrows 400 6 pk.","KIN-1003322","CARBON EXPRESS"
"242217","Carbon Express D-Stroyer Piledriver Arrows 350 6 pk.","KIN-1003323","CARBON EXPRESS"
"242218","Carbon Express Adrenaline Arrows 400 6 pk.","KIN-1003325","CARBON EXPRESS"
"242483","Carbon Express Adrenaline FPS Arrows 350 6 pk.","KIN-1003326","CARBON EXPRESS"
"242219","Carbon Express Adrenaline FPS Arrows 400 6 pk.","KIN-1003327","CARBON EXPRESS"
"252017","Carbon Express Maxima Hunter Contour Crossbow Bolt 20 in. Universal Nock 3 pk.","KIN-1003328","CARBON EXPRESS"
"251985","Axe Crossbow Bolts 20 in. 6 pk.","KIN-1003329","Axe"
"251986","Axe Lighted Crossbow Bolts Red 20 in. 3 pk.","KIN-1003330","Axe"
"251987","TenPoint EVO-X CenterPunch Arrows 16 in. Alpha Nocks 6 pk.","KIN-1003348","TENPOINT"
"246413","TenPoint EVO-X Montec Broadhead Black 100 gr. 3 pk.","KIN-1003351","TENPOINT"
"252217","TenPoint Inserts .300 Pro Elite 400 12 pk.","KIN-1003353","TENPOINT"
"251830","TenPoint ACUslide Safety Kit LH","KIN-1003355","TENPOINT"
"247771","TenPoint Replacement String Titan Xtreme","KIN-1003358","TENPOINT"
"247980","TenPoint Replacement Cables Titan Xtreme","KIN-1003359","TENPOINT"
"247691","TenPoint Replacement String Vapor","KIN-1003360","TENPOINT"
"247992","TenPoint Replacement Cables Vapor","KIN-1003361","TENPOINT"
"247742","TenPoint Replacement String Venom","KIN-1003362","TENPOINT"
"247981","TenPoint Replacement Cables Venom","KIN-1003363","TENPOINT"
"247772","TenPoint Replacement Strings Turbo M1, Titan M1, M370","KIN-1003364","TENPOINT"
"247982","TenPoint Replacement Cables Turbo M1, Titan M1, M370","KIN-1003365","TENPOINT"
"247773","TenPoint Replacement Strings HCA-70717","KIN-1003366","TENPOINT"
"247983","TenPoint Replacement Cables HCA-70617","KIN-1003367","TENPOINT"
"247639","TenPoint Replacement String HCA-70317","KIN-1003368","TENPOINT"
"247774","TenPoint Replacement String Carbon Phantom RCX, Eclipse RCX","KIN-1003369","TENPOINT"
"248080","TenPoint Replacement Cables Carbon Phantom RCX, Eclipse RCX","KIN-1003380","TENPOINT"
"247692","TenPoint Replacement String Carbon Nitro RDX","KIN-1003381","TENPOINT"
"247888","TenPoint Replacement Cables Carbon Nitro RDX","KIN-1003382","TENPOINT"
"247640","Wicked Ridge Replacement String HCA-75117","KIN-1003383","Wicked Ridge"
"247938","Wicked Ridge Replacement Cables HCA-75017","KIN-1003384","Wicked Ridge"
"247641","Wicked Ridge Replacement String Ranger","KIN-1003385","Wicked Ridge"
"247984","Wicked Ridge Replacement Cables Ranger","KIN-1003386","Wicked Ridge"
"247642","Wicked Ridge Replacement String RDX 400","KIN-1003387","Wicked Ridge"
"247985","Wicked Ridge Replacement Cables RDX 400","KIN-1003388","Wicked Ridge"
"251822","TenPoint Xtend Crank Handle fits Havoc and Siege","KIN-1003389","TENPOINT"
"245272","Pine Ridge Insert Glue 1 oz.","KIN-1003393","PINE RIDGE"
"248688","Pine Ridge Wishbone Dampener Tan 4 pk.","KIN-1003394","PINE RIDGE"
"248739","Pine Ridge Wishbone Dampener Olive Green 4 pk.","KIN-1003395","PINE RIDGE"
"248740","Pine Ridge Wishbone Dampener Brown 4 pk.","KIN-1003396","PINE RIDGE"
"248655","Pine Ridge Kisser Button Slotted Tan 1 pk.","KIN-1003397","PINE RIDGE"
"248656","Pine Ridge Kisser Button Slotted Olive Green 1 pk.","KIN-1003398","PINE RIDGE"
"248653","Pine Ridge Kisser Button Slotted Brown 1 pk.","KIN-1003399","PINE RIDGE"
"248896","Pine Ridge Nitro Speed Bomb Black 2 pk.","KIN-1003400","PINE RIDGE"
"248887","Pine Ridge Nitro Speed Bomb Red 2 pk.","KIN-1003401","PINE RIDGE"
"248894","Pine Ridge Nitro Speed Bomb Blue 2 pk.","KIN-1003402","PINE RIDGE"
"248895","Pine Ridge Nitro Speed Bomb Orange 2 pk.","KIN-1003403","PINE RIDGE"
"248888","Pine Ridge Nitro Speed Bomb Lime 2 pk.","KIN-1003404","PINE RIDGE"
"248889","Pine Ridge Nitro Speed Bomb Pink 2 pk.","KIN-1003405","PINE RIDGE"
"248890","Pine Ridge Nitro Speed Bomb Purple 2 pk.","KIN-1003406","PINE RIDGE"
"248891","Pine Ridge Nitro Speed Bomb Yellow 2 pk.","KIN-1003407","PINE RIDGE"
"248892","Pine Ridge Nitro Speed Bomb Turquoise 2 pk.","KIN-1003408","PINE RIDGE"
"248880","Pine Ridge Nitro Speed Bomb Tan 2 pk.","KIN-1003409","PINE RIDGE"
"248881","Pine Ridge Nitro Speed Bomb Olive Green 2 pk.","KIN-1003410","PINE RIDGE"
"248882","Pine Ridge Nitro Speed Bomb Brown 2 pk.","KIN-1003411","PINE RIDGE"
"245734","Q2i Zeon Fusion X-II Vanes Green 2.1 in. 50 pk.","KIN-1003414","Q2I"
"245735","Q2i Zeon Fusion X-II Vanes Orange 2.1 in. 50 pk.","KIN-1003415","Q2I"
"245736","Q2i Zeon Fusion X-II Vanes Pink 2.1 in. 50 pk.","KIN-1003416","Q2I"
"245737","Q2i Zeon Fusion X-II Vanes Yellow 2.1 in. 50 pk.","KIN-1003417","Q2I"
"245713","Q2i Zeon Fusion X-II Vanes Red 2.1 in. 50 pk.","KIN-1003418","Q2I"
"246301","Crimson Talon Battle Axe Broadheads 100 gr. 3 pk.","KIN-1003425","Crimson Talon"
"246302","Crimson Talon Battle Axe Broadheads 125 gr. 3 pk.","KIN-1003426","Crimson Talon"
"246303","Crimson Talon Bone Crusher Broadheads 100 gr. 3 pk.","KIN-1003427","Crimson Talon"
"246324","Crimson Talon Bone Crusher Broadheads 125 gr. 3 pk.","KIN-1003428","Crimson Talon"
"246278","Crimson Talon Bone Crusher X Broadheads 175 gr. 3 pk.","KIN-1003430","Crimson Talon"
"246452","Ozcut X-Factor Crossbow Broadhead 100 gr. 3 pk.","KIN-1003450","Ozcut Broadheads"
"246453","Ozcut X-Factor Crossbow Broadhead 125 gr. 3 pk.","KIN-1003451","Ozcut Broadheads"
"250939","QAD UltraRest TRi Target Rest Black RH","KIN-1003576","QAD"
"250940","QAD UltraRest TRi Target Rest Black LH","KIN-1003577","QAD"
"250941","QAD UltraRest TRi SwitchIt Housing Black RH","KIN-1003578","QAD"
"250904","QAD UltraRest TRi SwitchIt Housing Black LH","KIN-1003582","QAD"
"250624","QAD UltraRest Integrate Rest Black RH","KIN-1003583","QAD"
"250683","QAD UltraRest Integrate Rest Black LH","KIN-1003584","QAD"
"250650","QAD UltraRest Integrate Rest PSE RH","KIN-1003585","QAD"
"250651","QAD UltraRest Integrate Rest PSE LH","KIN-1003586","QAD"
"250652","QAD UltraRest HDX Realtree Original RH","KIN-1003587","QAD"
"251814","Ravin Electric Drive System","KIN-1003588","Ravin"
"251823","Ravin Electric Drive Replacement Battery","KIN-1003589","Ravin"
"251815","Ravin Electric Drive Battery Charger","KIN-1003590","Ravin"
"251962","Ravin R18 Arrows .003 16 in. 6 pk.","KIN-1003593","Ravin"
"252029","Ravin R18 Lighted Arrows .003 16 in. 3 pk.","KIN-1003594","Ravin"
"251864","Ravin R18 Replacement Stock/Quiver","KIN-1003598","Ravin"
"246583","Ravin Broadhead Case","KIN-1003599","Ravin"
"249614","Dead Center Verge Stabilizer Green 7 in.","KIN-1003600","Dead Center"
"249518","Dead Center Verge Stabilizer Grey 7 in.","KIN-1003601","Dead Center"
"249602","Dead Center Verge Stabilizer Tan 7 in.","KIN-1003602","Dead Center"
"249603","Dead Center Verge Stabilizer Green 9 in.","KIN-1003603","Dead Center"
"249604","Dead Center Verge Stabilizer Grey 9 in.","KIN-1003604","Dead Center"
"249519","Dead Center Verge Stabilizer Tan 9 in.","KIN-1003605","Dead Center"
"249520","Dead Center Verge Stabilizer Green 12 in.","KIN-1003606","Dead Center"
"249521","Dead Center Verge Stabilizer Grey 12 in.","KIN-1003607","Dead Center"
"249615","Dead Center Verge Stabilizer Tan 12 in.","KIN-1003608","Dead Center"
"249605","Dead Center Dead Silent Carbon V2 Stabilizer Green 8 in.","KIN-1003609","Dead Center"
"249442","Dead Center Dead Silent Carbon V2 Stabilizer Grey 8 in.","KIN-1003610","Dead Center"
"249616","Dead Center Dead Silent Carbon V2 Stabilizer Tan 8 in.","KIN-1003611","Dead Center"
"249522","Dead Center Dead Silent Carbon V2 Stabilizer Green 6 in.","KIN-1003612","Dead Center"
"249606","Dead Center Dead Silent Carbon V2 Stabilizer Gray 6 in.","KIN-1003613","Dead Center"
"249607","Dead Center Dead Silent Carbon V2 Stabilizer Tan 6 in.","KIN-1003614","Dead Center"
"249443","Dead Center Dead Level Hunter Verge Lite Combo Black 9 in./7 in.","KIN-1003615","Dead Center"
"249617","Dead Center Dead Level Hunter Verge Lite Combo Realtree Edge 9 in/7 in.","KIN-1003616","Dead Center"
"249618","Dead Center Dead Level Hunter Verge Lite Combo Green 9 in./ 7 in.","KIN-1003617","Dead Center"
"249444","Dead Center Dead Level Hunter Verge Lite Combo Black 12 in/9 in..","KIN-1003618","Dead Center"
"249619","Dead Center Dead Level Hunter Verge Lite Combo Realtree Edge 12 in./9 in.","KIN-1003619","Dead Center"
"249620","Dead Center Dead Level Hunter Verge Lite Combo Green 12 in./ 9in.","KIN-1003620","Dead Center"
"249523","Dead Center Dead Level Hunter V2 Lite Combo Black 8 in./ 6 in.","KIN-1003621","Dead Center"
"249608","Dead Center Dead Level Hunter V2 Lite Combo Black 10 in./8 in.","KIN-1003622","Dead Center"
"251816","Ravin R18 Draw Handle","KIN-1003641","Ravin"
"248147","Ravin String and Cables Kit R500","KIN-1003642","Ravin"
"248149","Ravin String and Cables Kit R18","KIN-1003643","Ravin"
"252159","Easton 9mm Crossbow Nock Flat Back Green 36 pk.","KIN-1003654","Easton"
"252138","Easton 9mm Crossbow Nock Flat Back Orange 36 pk.","KIN-1003655","Easton"
"252139","Easton 9mm Crossbow Nock Flat Back White 36 pk.","KIN-1003656","Easton"
"252140","Easton 9mm Crossbow Nock Half Moon Green 36 pk.","KIN-1003657","Easton"
"252116","Easton 9mm Crossbow Nock Half Moon Orange 36 pk.","KIN-1003658","Easton"
"251963","Easton 9mm Crossbow Bolts 22 in. Aluminum Insert Half Moon Nock 36 pk.","KIN-1003667","Easton"
"250307","TightSpot Pivot Two Piece Quiver Black 5 Arrow RH","KIN-1003668","Tight Spot"
"250308","TightSpot Pivot Two Piece Quiver Black 5 Arrow LH","KIN-1003669","Tight Spot"
"250309","TightSpot Quiver Moss Green 5 Arrow RH","KIN-1003670","Tight Spot"
"250310","TightSpot Quiver Moss Green 5 Arrow LH","KIN-1003671","Tight Spot"
"250311","TightSpot Quiver Saddle Tan 5 Arrow RH","KIN-1003672","Tight Spot"
"250312","TightSpot Quiver Saddle Tan 5 Arrow LH","KIN-1003673","Tight Spot"
"250313","TightSpot Quiver OD Green 5 Arrow RH","KIN-1003674","Tight Spot"
"250314","TightSpot Quiver OD Green 5 Arrow LH","KIN-1003675","Tight Spot"
"250315","TightSpot Quiver Gun Metal 5 Arrow RH","KIN-1003676","Tight Spot"
"250316","TightSpot Quiver Gun Metal 5 ARrow LH","KIN-1003677","Tight Spot"
"250317","TightSpot Rise Quiver Moss Green 5 Arrow RH","KIN-1003678","Tight Spot"
"250318","TightSpot Rise Quiver Moss Green 5 Arrow LH","KIN-1003679","Tight Spot"
"250565","TightSpot Tree Stand Bracket 3 Arrow","KIN-1003680","Tight Spot"
"250566","TightSpot Tree Stand Bracket 5/7 Arrow","KIN-1003681","Tight Spot"
"252237","Bow Medic Field Press","KIN-1003683","Western Recreation"
"252030","Easton 9mm Crossbow Bolts 20 in. Brass Insert Half Moon Nock 36 pk.","KIN-1003690","Easton"
"250554","Neet Alligator Embossed Back Quiver RH Turquoise","KIN-1003714","Neet"
"250555","Neet Alligator Embossed Back Quiver RH Tan","KIN-1003715","Neet"
"248879","Wifler Industries String Armor 0.5 oz.","KIN-1003784","Wifler Industries"
"246385","REK Broadheads 1.8 Expandable Broadheads 100 gr. 3 pk.","KIN-1003791","REK Broadheads"
"246260","REK Broadhead 1.2 Fixed Blade Broadheads 100 gr. 3 pk.","KIN-1003792","REK Broadheads"
"246262","Musacchia Broadheads NBS100 Broadheads 4 blade 100 gr. 3 pk.","KIN-1003794","Musacchia Broadheads"
"249137","Bowmar Grip Tape Black","KIN-1003959","Bowmar Archery"
"249138","Bowmar Grip Tape Desert Tan","KIN-1003960","Bowmar Archery"
"249139","Bowmar Grip Tape Gray","KIN-1003961","Bowmar Archery"
"249140","Bowmar Grip Tape Green","KIN-1003962","Bowmar Archery"
"249141","Bowmar Grip Tape Orange","KIN-1003963","Bowmar Archery"
"249142","Bowmar Grip Tape Pink","KIN-1003964","Bowmar Archery"
"249143","Bowmar Grip Tape Red","KIN-1003965","Bowmar Archery"
"249144","Bowmar Grip Tape Turquoise","KIN-1003966","Bowmar Archery"
"249145","Bowmar Grip Tape White","KIN-1003967","Bowmar Archery"
"249146","Bowmar Grip Tape Yellow","KIN-1003968","Bowmar Archery"
"249147","Bowmar Grip Tape Moss","KIN-1003969","Bowmar Archery"
"252345","AccuBow 2.0 Green Mantis","KIN-1003970","Accubow"
"252346","AccuBow 1.0 Winter Camo","KIN-1003971","Accubow"
"252347","AccuBow Nano Aqua","KIN-1003972","Accubow"
"252067","Ravin R500 Series Arrows .003 6 pk.","KIN-1004005","Ravin"
"252068","Ravin R500 Series Arrows .001 6 pk.","KIN-1004006","Ravin"
"246895","Genesis Bow Sand RH","KIN-1004034","Genesis"
"246896","Genesis Bow Sand LH","KIN-1004035","Genesis"
"246897","Genesis Bow Set Sand RH","KIN-1004036","Genesis"
"246264","Dirt Nap Gear Hellhound Broadheads 100 gr. 3 pk.","KIN-1004054","Dirt Nap Gear"
"246265","Dirt Nap Gear Titan Broadheads 200/225 gr. 3 pk.","KIN-1004055","Dirt Nap Gear"
"246053","Q2i Fusion X-II SL Vanes Gray 2.1 in. 100 pk.","KIN-1004056","Q2I"
"246054","Q2i Fusion X-II Vanes Gray 2.1 in. 100 pk.","KIN-1004057","Q2I"
"246055","Q2i Fusion X-II Vanes Gray 3 in. 100 pk.","KIN-1004058","Q2I"
"252069","Wicked Ridge Match 400 Alpha-Nock Carbon Arrows 20 in. 3 pk.","KIN-1004063","Wicked Ridge"
"252070","Wicked Ridge Match 400 Alpha-Nock Carbon Arrows 20 in. 6 pk.","KIN-1004064","Wicked Ridge"
"252071","Wicked Ridge Match 400 Alpha-Brite Carbon Arrows 20 in. Green 3 pk.","KIN-1004065","Wicked Ridge"
"252072","TenPoint EVO-X CenterPunch Lighted Carbon Arrows 16 in. Alpha-Blaze Green 3 pk.","KIN-1004066","TENPOINT"
"252073","TenPoint EVO-X CenterPunch Lighted Carbon Arrows 20 in. Alpha-Blaze Green 3 pk.","KIN-1004067","TENPOINT"
"252204","TenPoint Alpha-Nock HP Yellow 12 pk.","KIN-1004068","TENPOINT"
"252205","TenPoint Alpha-Nock HP Orange 12 pk.","KIN-1004069","TENPOINT"
"252206","TenPoint HP Aluminum Bushing .300 12 pk.","KIN-1004071","TENPOINT"
"252207","TenPoint HP Aluminum Bushing .305 12 pk.","KIN-1004072","TENPOINT"
"252208","TenPoint Alpha-Blaze Lighted Nocks Green 3 pk.","KIN-1004073","TENPOINT"
"246454","Wicked Ridge Impact Broadheads 100 gr. 3 pk.","KIN-1004074","Wicked Ridge"
"251877","TenPoint SDS Replacement Bumper 3 pk.","KIN-1004076","TENPOINT"
"251919","TenPoint Tech Bow Hanger","KIN-1004077","TENPOINT"
"251920","TenPoint Universal Picatinny Rail","KIN-1004078","TENPOINT"
"251839","TenPoint ACUdraw Hub Kit","KIN-1004079","TENPOINT"
"251840","TenPoint ACUdraw PRO Hub Kit","KIN-1004080","TENPOINT"
"251841","TenPoint ACUdraw DC Handle","KIN-1004081","TENPOINT"
"247886","TenPoint Replacement String Nitro 505","KIN-1004082","TENPOINT"
"248081","TenPoint Replacement Cables Nitro 505","KIN-1004083","TENPOINT"
"251202","TruFire Smoke PTC Release Buckle Foldback","KIN-1004087","TRUFIRE"
"251430","TruFire Exert Release","KIN-1004088","TRUFIRE"
"251203","TruFire Spark PTC Release","KIN-1004089","TRUFIRE"
"251467","Muzzy Decay Bowfishing Bow RH","KIN-1004090","MUZZY"
"251498","Muzzy Decay Bowfishing Bow Kit RH","KIN-1004091","MUZZY"
"251468","Muzzy VXM Bowfishing Bow RH","KIN-1004092","MUZZY"
"251499","Muzzy VXM Bowfishing Bow Kit RH","KIN-1004093","MUZZY"
"251546","Muzzy Carbon Fish Arrow Lit Nock and Iron 3-Barb Point","KIN-1004094","MUZZY"
"251547","Muzzy Carbon Fish Arrow Lit Nock, Slide, and 3-Barb Point","KIN-1004095","MUZZY"
"251578","Muzzy Big Fish Adaptor 5 pk.","KIN-1004096","MUZZY"
"251682","Muzzy Bowfishing Single Arrow Quiver","KIN-1004097","MUZZY"
"251640","Muzzy Bowfishing Anchor Reel Seat","KIN-1004098","MUZZY"
"242872","Carbon Express Maxima Sable RZ Arrows 350 6 pk.","KIN-1004099","CARBON EXPRESS"
"242873","Carbon Express Maxima Sable RZ Arrows 400 6 pk.","KIN-1004100","CARBON EXPRESS"
"243826","Carbon Express Brass Inserts #1 .244 50 gr. 12 pk.","KIN-1004101","CARBON EXPRESS"
"243827","Carbon Express Brass Inserts #2 .244 50 gr. 12 pk.","KIN-1004102","CARBON EXPRESS"
"243828","Carbon Express Brass Inserts #1 .244 100 gr. 12 pk.","KIN-1004103","CARBON EXPRESS"
"243829","Carbon Express Brass Inserts #2 .244 100 gr. 12 pk.","KIN-1004104","CARBON EXPRESS"
"252074","Carbon Express D-Stroyer 380 Crossbolt 3 pk. w/ Nub and Universal Nocks","KIN-1004109","CARBON EXPRESS"
"252075","Carbon Express D-Stroyer 380 Crossbolt Moon Nock 36 pk.","KIN-1004110","CARBON EXPRESS"
"250741","QAD UltraRest Integrate R2 Rest Black RH","KIN-1004309","QAD"
"250742","QAD UltraRest Integrate R2 Rest Black LH","KIN-1004310","QAD"
"250743","QAD UltraRest Integrate Rest Bowtech RH","KIN-1004311","QAD"
"250744","QAD UltraRest Integrate Rest Bowtech LH","KIN-1004312","QAD"
"250745","QAD UltraRest Integrate Mounting Block Berger Button Size 1","KIN-1004313","QAD"
"250746","QAD UltraRest Integrate Mounting Block Berger Button Size 2","KIN-1004314","QAD"
"250747","QAD UltraRest HDX Nock On Edition Rest Black RH","KIN-1004315","QAD"
"250748","QAD UltraRest HDX Nock On Edition Rest Black LH","KIN-1004316","QAD"
"251842","Bear X EZ Crossbow Silent Cocking Crank","KIN-1004317","BEAR"
"251932","Bear X Decocking Bolt","KIN-1004318","BEAR"
"246271","Bear Razor Head VWS Single Bevel Broadhead Kit 150-200 gr. 3 pk.","KIN-1004320","BEAR"
"246272","Bear Razor Head VWS Double Bevel Broadheads Kit 150-200 gr. 3 pk.","KIN-1004321","BEAR"
"250557","Bear Kodiak Quick Disconnect Traditional Quiver","KIN-1004322","BEAR"
"250324","Trophy Ridge Vrsa Lite Quiver","KIN-1004328","TROPHY RIDGE"
"249975","Trophy Ridge Stabilizer Shock Stop Black 8 in.","KIN-1004329","TROPHY RIDGE"
"251469","Cajun Sucker Punch Pro RTF Bowfishing Package Red 50 lbs. RH","KIN-1004330","Cajun"
"251470","Cajun Sucker Punch Pro RTF Patriot Bowfishing Kit Red White and Blue 50 lbs. RH","KIN-1004331","Cajun"
"251471","Cajun Sucker Punch Pro Glow Bowfishing Package White 50 lbs. RH","KIN-1004332","Cajun"
"251641","Cajun Spin Master Reel Black","KIN-1004333","Cajun"
"242882","Easton Vector Arrows Bulk Pack 31 in. 2 in. Feathers 800 spine 72 pk.","KIN-1004334","Easton"
"242883","Easton Vector Arrows Bulk Pack 30 in. 2 in. Feathers 1000 spine 72 pk.","KIN-1004335","Easton"
"242884","Easton Vector Arrows Bulk Pack 29 in. 2 in. Feathers 1200 spine 72 pk.","KIN-1004336","Easton"
"242885","Easton Sonic 6.0 Arrows Factory Helical 250 6 pk.","KIN-1004337","Easton"
"242886","Easton Sonic 6.0 Arrows Factory Helical 300 6 pk.","KIN-1004338","Easton"
"242887","Easton Sonic 6.0 Arrows Factory Helical 340 6 pk.","KIN-1004339","Easton"
"242888","Easton Sonic 6.0 Arrows Factory Helical 400 6 pk.","KIN-1004340","Easton"
"242889","Easton Sonic 6.0 Arrows Factory Helical 500 6 pk.","KIN-1004341","Easton"
"242890","Easton Sonic 6.0 Arrows Factory Helical 600 6 pk.","KIN-1004342","Easton"
"242891","Easton 5mm FMJ Autumn Orange Arrows 300 2 in. Bully Vanes 6 pk.","KIN-1004343","Easton"
"242892","Easton 5mm FMJ Autumn Orange Arrows 340 2 in. Bully Vanes 6 pk.","KIN-1004344","Easton"
"242893","Easton 5mm FMJ Autum Orange Arrows 250 2 in. Bully Vanes 6 pk.","KIN-1004345","Easton"
"242894","Easton 5mm FMJ Autumn Orange Arrows 400 2 in. Bully Vanes 6 pk.","KIN-1004346","Easton"
"242895","Easton 5mm Axis Arrows 200 Blazer Vanes 6 pk.","KIN-1004347","Easton"
"242896","Easton 5mm Axis Sport Arrows 200 2 in. Bully Vanes 6 pk.","KIN-1004348","Easton"
"243830","Easton 4mm Steel Half-Outs #5 8-32 95 gr. 12 pk.","KIN-1004349","Easton"
"243831","Easton 4mm Steel Half-Outs #1 8-32 95 gr. 12 pk.","KIN-1004350","Easton"
"243832","Easton 4mm Steel Half-Outs #2 8-32 95 gr. 12 pk.","KIN-1004351","Easton"
"243833","Easton 4mm Steel Half-Outs #3 8-32 95 gr. 12 pk.","KIN-1004352","Easton"
"243834","Easton 4mm Steel Half-Outs #4 8-32 95 gr. 12 pk.","KIN-1004353","Easton"
"243835","Easton Sonic 6mm Inserts Aluminum 12 pk.","KIN-1004354","Easton"
"243836","Easton Sonic 6mm Brass Inserts 50-75 gr. 12 pk.","KIN-1004355","Easton"
"252228","Ravin Multi Crossbow Press","KIN-1004361","Ravin"
"244672","Easton Adjustable Point System Weight Module 50 gr. 12 pk.","KIN-1004362","Easton"
"244673","Easton Adjustable Point System Weight Module 20 gr. 12 pk.","KIN-1004363","Easton"
"244674","Easton Adjustable Point System Weight Module 10 gr. 12 pk.","KIN-1004364","Easton"
"244646","Easton 19/64 Multi Points 100 gr. 12 pk.","KIN-1004365","Easton"
"244647","Easton 19/64 Multi Points 125 gr. 12 pk.","KIN-1004366","Easton"
"251873","Ravin R500 Series Arrow Quiver 3 arrow","KIN-1004369","Ravin"
"252209","Ravin R500 Series Replacement Nocks 12 pk.","KIN-1004370","Ravin"
"251921","Ravin R18 Replacement Rest","KIN-1004371","Ravin"
"251922","Ravin R500 Arrow Rest","KIN-1004372","Ravin"
"251923","Ravin Iron Sight Adapter","KIN-1004373","Ravin"
"249752","Dead Center Dead Silent Carbon XS Stabilizer Black 6 in.","KIN-1004374","Dead Center"
"249753","Dead Center Dead Silent Carbon XS Stabilizer Green 6 in.","KIN-1004375","Dead Center"
"249754","Dead Center Dead Silent Carbon XS Stabilizer Gray 6 in.","KIN-1004376","Dead Center"
"249755","Dead Center Dead Silent Carbon XS Stabilizer Realtree Edge 6 in.","KIN-1004377","Dead Center"
"249756","Dead Center Dead Silent Carbon XS Stabilizer Tan 6 in.","KIN-1004378","Dead Center"
"249757","Dead Center Dead Silent Carbon XS Stabilizer Black 8 in.","KIN-1004379","Dead Center"
"249758","Dead Center Dead Silent Carbon XS Stabilizer Green 8 in.","KIN-1004380","Dead Center"
"249759","Dead Center Dead Silent Carbon XS Stabilizer Gray 8 in.","KIN-1004381","Dead Center"
"249760","Dead Center Dead Silent Carbon XS Stabilizer Realtree Edge 8 in.","KIN-1004382","Dead Center"
"249761","Dead Center Dead Silent Carbon XS Stabilizer Tan 8 in.","KIN-1004383","Dead Center"
"249762","Dead Center Dead Silent Carbon XS Stabilizer Black 10 in.","KIN-1004384","Dead Center"
"249763","Dead Center Dead Silent Carbon XS Stabilizer Green 10 in.","KIN-1004385","Dead Center"
"249764","Dead Center Dead Silent Carbon XS Stabilizer Gray 10 in.","KIN-1004386","Dead Center"
"249765","Dead Center Dead Silent Carbon XS Stabilizer Realtree Edge 10 in.","KIN-1004387","Dead Center"
"249766","Dead Center Dead Silent Carbon XS Stabilizer Tan 10 in.","KIN-1004388","Dead Center"
"249767","Dead Center Dead Level Hunter XS Combo Black 8 in./6 in","KIN-1004389","Dead Center"
"249768","Dead Center Dead Level Hunter XS Combo Realtree Edge 8 in./6 in.","KIN-1004390","Dead Center"
"249769","Dead Center Dead Level Hunter XS Combo Green 8 in./6 in","KIN-1004391","Dead Center"
"249770","Dead Center Dead Level Hunter XS Combo Gray 8 in./6 in","KIN-1004392","Dead Center"
"249771","Dead Center Dead Level Hunter XS Combo Tan 8 in./6 in","KIN-1004393","Dead Center"
"249772","Dead Center Dead Level Hunter XS Combo Black 10 in./8 in.","KIN-1004394","Dead Center"
"249773","Dead Center Dead Level Hunter XS Combo Realtree Edge 10 in./8 in.","KIN-1004395","Dead Center"
"249774","Dead Center Dead Level Hunter XS Combo Green 10 in./8 in.","KIN-1004396","Dead Center"
"249775","Dead Center Dead Level Hunter XS Combo Gray 10 in./8 in.","KIN-1004397","Dead Center"
"249776","Dead Center Dead Level Hunter XS Combo Tan 10 in./8 in.","KIN-1004398","Dead Center"
"249777","Dead Center Dead Level Hunter XS Lite Combo Black 8 in./6in.","KIN-1004399","Dead Center"
"249778","Dead Center Dead Level Hunter XS Lite Combo Realtree Edge 8 in./6in.","KIN-1004400","Dead Center"
"249779","Dead Center Dead Level Hunter XS Lite Combo Green 8 in./6in.","KIN-1004401","Dead Center"
"249780","Dead Center Dead Level Hunter XS Lite Combo Gray 8 in./6in.","KIN-1004402","Dead Center"
"249781","Dead Center Dead Level Hunter XS Lite Combo Tan 8 in./6in.","KIN-1004403","Dead Center"
"249782","Dead Center Dead Level Hunter XS Lite Combo Black 10 in./8 in.","KIN-1004404","Dead Center"
"249783","Dead Center Dead Level Hunter XS Lite Combo Realtree Edge 10 in./8 in.","KIN-1004405","Dead Center"
"249784","Dead Center Dead Level Hunter XS Lite Combo Green 10 in./8 in.","KIN-1004406","Dead Center"
"249785","Dead Center Dead Level Hunter XS Lite Combo Gray 10 in./8 in.","KIN-1004407","Dead Center"
"249786","Dead Center Dead Level Hunter XS Lite Combo Tan 10 in./8 in.","KIN-1004408","Dead Center"
"252110","CenterPoint Hornet Stinger Bolts 12 pk.","KIN-1004414","Centerpoint"
"251843","Barnett Sled Crank Cocking Device","KIN-1004416","Barnett"
"251844","Barnett Crank Cocking Device Explorer Series","KIN-1004417","Barnett"
"251933","Barnett Hyper Evac Decelerating Arrow 5 pk.","KIN-1004418","Barnett"
"252210","Barnett Lighted Strobe Nocks 3 pk.","KIN-1004419","Barnett"
"246273","REK FX4 Broadheads 100 gr. 3 pk.","KIN-1004428","REK Broadheads"
"250325","Tight Spot Rise Quiver Saddle Tan RH","KIN-1004585","Tight Spot"
"250326","Tight Spot Rise Quiver Saddle Tan LH","KIN-1004586","Tight Spot"
"250327","Tight Spot Rise Quiver OD Green RH","KIN-1004587","Tight Spot"
"250328","Tight Spot Rise Quiver OD Green LH","KIN-1004588","Tight Spot"
"250329","Tight Spot Rise Quiver Gun Metal RH","KIN-1004591","Tight Spot"
"250330","Tight Spot Rise Quiver Gun Metal LH","KIN-1004592","Tight Spot"
"250331","Tight Spot Shift Lock Quiver Moss Green RH/LH","KIN-1004593","Tight Spot"
"250332","Tight Spot Shift Lock Quiver Black RH/LH","KIN-1004594","Tight Spot"
"250333","Tight Spot Shift Lock Quiver Saddle Tan RH/LH","KIN-1004595","Tight Spot"
"250334","Tight Spot Shift Lock Quiver Kuiu Verde 2.0 RH/LH","KIN-1004596","Tight Spot"
"250335","Tight Spot Shift Lock Quiver OD Green RH/LH","KIN-1004597","Tight Spot"
"250336","Tight Spot Shift Lock Quiver Optifade Sub Alpine RH/LH","KIN-1004598","Tight Spot"
"250337","Tight Spot Shift Lock Quiver Realtree Edge RH/LH","KIN-1004599","Tight Spot"
"250338","Tight Spot Shift Lock Quiver Gun Metal RH/LH","KIN-1004600","Tight Spot"
"250751","Ripcord Code Red X IMS Arrow Rest RH","KIN-1004601","Ripcord"
"250752","Ripcord Code Red X IMS Arrow Rest LH","KIN-1004602","Ripcord"
"250753","RIpcord Drive IMS Arrow Rest RH","KIN-1004603","Ripcord"
"250754","Ripcord Drive IMS Arrow Rest LH","KIN-1004604","Ripcord"
"250755","Ripcord Max IMS Arrow Rest RH","KIN-1004605","Ripcord"
"250756","RIpcord Max IMS Arrow Rest LH","KIN-1004606","Ripcord"
"251891","BlackHeart Rail Lube and Wax Combo Pack","KIN-10101","Blackheart"
"251892","BlackHeart Crossbow String Wax 1 oz.","KIN-10102","Blackheart"
"251893","BlackHeart Crossbow Rail Lube .25 oz.","KIN-10103","Blackheart"
"250447","October Mountain No-Spill Quiver Black RH/LH","KIN-10107","OCTOBER MOUNTAIN"
"250401","October Mountain No-Spill Quiver Blue RH/LH","KIN-10108","OCTOBER MOUNTAIN"
"250402","October Mountain No-Spill Quiver Pink RH/LH","KIN-10109","OCTOBER MOUNTAIN"
"250439","October Mountain No-Spill Quiver Red RH/LH","KIN-10110","OCTOBER MOUNTAIN"
"250440","October Mountain No-Spill Quiver Camo RH/LH","KIN-10111","OCTOBER MOUNTAIN"
"250826","October Mountain Rug Rest Recurve","KIN-10112","OCTOBER MOUNTAIN"
"250827","October Mountain Rug Rest Longbow","KIN-10113","OCTOBER MOUNTAIN"
"248114","October Mountain Flemish String D97 52 in. AMO","KIN-10116","OCTOBER MOUNTAIN"
"248097","October Mountain Flemish String D97 54 in. AMO","KIN-10117","OCTOBER MOUNTAIN"
"248116","October Mountain Flemish String D97 56 in. AMO","KIN-10118","OCTOBER MOUNTAIN"
"248117","October Mountain Flemish String D97 58 in. AMO","KIN-10119","OCTOBER MOUNTAIN"
"248098","October Mountain Flemish String D97 60 in. AMO","KIN-10120","OCTOBER MOUNTAIN"
"248115","October Mountain Flemish String D97 62 in. AMO","KIN-10121","OCTOBER MOUNTAIN"
"248099","October Mountain Flemish String D97 64 in. AMO","KIN-10122","OCTOBER MOUNTAIN"
"248118","October Mountain Flemish String D97 66 in. AMO","KIN-10123","OCTOBER MOUNTAIN"
"248119","October Mountain Flemish String D97 68 in. AMO","KIN-10124","OCTOBER MOUNTAIN"
"247693","BlackHeart Crossbow String 34 in. Barnett","KIN-10136","Blackheart"
"247775","BlackHeart Crossbow String 35 in. Barnett Penetrator","KIN-10137","Blackheart"
"247694","BlackHeart Crossbow String 38 1/2 in. Barnett","KIN-10138","Blackheart"
"247743","BlackHeart Crossbow String 39.625 in. Barnett","KIN-10139","Blackheart"
"247695","BlackHeart Crossbow String 40.875 in. Barnett Ghost 400","KIN-10140","Blackheart"
"247776","BlackHeart Crossbow String 43 in. Revolution XS","KIN-10141","Blackheart"
"247696","BlackHeart Crossbow String 46.625 in. Barnett","KIN-10142","Blackheart"
"247777","BlackHeart Crossbow String 41 in. Barnett Razr","KIN-10143","Blackheart"
"247643","BlackHeart Crossbow String 38.875 in. Barnett Ghost 410","KIN-10144","Blackheart"
"247644","BlackHeart Crossbow String 41 in. Barnett Ghost 385","KIN-10145","Blackheart"
"247744","BlackHeart Crossbow String 38 1/2 in. Covert CX2","KIN-10147","Blackheart"
"247745","BlackHeart Crossbow String 34.3125 in. Carbon Express","KIN-10148","Blackheart"
"247645","BlackHeart Crossbow String 34 in. Covert SLS","KIN-10149","Blackheart"
"247746","BlackHeart Crossbow String 36 in. Excalibur","KIN-10150","Blackheart"
"247747","BlackHeart Crossbow String 31 in. Excalibur Matrix","KIN-10151","Blackheart"
"247748","BlackHeart Crossbow String 31 1/2 in. Horton","KIN-10153","Blackheart"
"247778","BlackHeart Crossbow String 33 in. Horton","KIN-10155","Blackheart"
"247749","BlackHeart Crossbow String 37 in. Horton Bone Collector","KIN-10156","Blackheart"
"247697","BlackHeart Crossbow String 35 1/2 in. Horton Brotherhood","KIN-10157","Blackheart"
"247779","BlackHeart Crossbow String 32.125 in. Parker Concorde","KIN-10158","Blackheart"
"247780","BlackHeart Crossbow String 34 1/4 in. Parker","KIN-10159","Blackheart"
"247646","BlackHeart Crossbow String 35 1/2 in. Parker","KIN-10160","Blackheart"
"247698","BlackHeart Crossbow String 35 1/2 in. Parker","KIN-10161","Blackheart"
"247781","BlackHeart Crossbow String 34.875 in. Parker","KIN-10162","Blackheart"
"247699","BlackHeart Crossbow String 37.125 in. Ten Point Vapor","KIN-10163","Blackheart"
"247750","BlackHeart Crossbow String 30 3/4 in. Ten Point","KIN-10164","Blackheart"
"247751","BlackHeart Crossbow String 34 1/2 in. Ten Point","KIN-10165","Blackheart"
"247782","BlackHeart Crossbow String 37 1/2 in. Ten Point","KIN-10166","Blackheart"
"247700","BlackHeart Crossbow String 32 in. Ten Point","KIN-10167","Blackheart"
"247647","BlackHeart Crossbow String 32 in. Ten Point","KIN-10168","Blackheart"
"247752","BlackHeart Crossbow String 34 1/2 in. Wicked Ridge Raider","KIN-10169","Blackheart"
"247648","BlackHeart Crossbow String 38 3/4 in. Mission","KIN-10170","Blackheart"
"247649","BlackHeart Crossbow String 38.375 in. Mission MXB 360","KIN-10171","Blackheart"
"247889","BlackHeart Crossbow Control Cables 20 in. Barnett Ghost 385","KIN-10172","Blackheart"
"247890","BlackHeart Crossbow Split Cables 23 1/4 in. Barnett (A)","KIN-10173","Blackheart"
"247939","BlackHeart Crossbow Split Cables 23 1/4 in. Barnett (B)","KIN-10175","Blackheart"
"247891","BlackHeart Crossbow Split Cables 28 1/2 in. Barnett","KIN-10176","Blackheart"
"247892","BlackHeart Crossbow Split Cables 23.5625 in. Barnett","KIN-10177","Blackheart"
"247940","BlackHeart Crossbow Cables 29.125 in. Revolution XS","KIN-10178","Blackheart"
"247941","BlackHeart Crossbow Control Cables 17.625 in. Barnett Vengeance","KIN-10179","Blackheart"
"247993","BlackHeart Crossbow Control Cables 20 in. Barnett Razr","KIN-10180","Blackheart"
"247893","BlackHeart Crossbow Split Cables 21 1/2 in. Barnett Ghost 410","KIN-10181","Blackheart"
"247994","BlackHeart Crossbow Split Cables 18 3/4 in. Carbon Express","KIN-10182","Blackheart"
"247942","BlackHeart Crossbow Split Cables 25 1/2 in. Horton","KIN-10186","Blackheart"
"247995","BlackHeart Crossbow Split Cables 16 1/2 in. Horton Fury","KIN-10187","Blackheart"
"247894","BlackHeart Crossbow Split Cables 23 1/4 in. Horton","KIN-10189","Blackheart"
"247943","BlackHeart Crossbow Control Cables 14 1/2 in. Horton","KIN-10190","Blackheart"
"247895","BlackHeart Crossbow Control Cables 21 1/4 in. Parker","KIN-10191","Blackheart"
"247896","BlackHeart Crossbow Split Cables 25.375 in. Parker","KIN-10192","Blackheart"
"247897","BlackHeart Crossbow Split Cables 22.375 in. Parker","KIN-10193","Blackheart"
"247996","BlackHeart Crossbow Split Cables 27 1/4 in. Parker","KIN-10194","Blackheart"
"247944","BlackHeart Crossbow Split Cables 20.875 in. Parker Concorde","KIN-10195","Blackheart"
"247898","BlackHeart Crossbow Split Cables 23 in. Parker","KIN-10196","Blackheart"
"247899","BlackHeart Crossbow Split Cables 22.875 in. Titan Extreme","KIN-10197","Blackheart"
"247945","BlackHeart Crossbow Split Cables 19 1/2 in. Mission MXB 360","KIN-10198","Blackheart"
"247946","BlackHeart Crossbow Split Cables 19.25 in. Mission","KIN-10199","Blackheart"
"247997","BlackHeart Crossbow Split Cables 27.8125 in. Wicked Ridge","KIN-10200","Blackheart"
"247900","BlackHeart Crossbow Split Cables 22.625 in. Ten Point","KIN-10201","Blackheart"
"247901","BlackHeart Crossbow Split Cables 27 1/2 in. Ten Point","KIN-10202","Blackheart"
"247902","BlackHeart Crossbow Split Cables 19 3/4 in. Ten Point","KIN-10203","Blackheart"
"247947","BlackHeart Crossbow Split Cables 19.625 in. Ten Point","KIN-10204","Blackheart"
"247998","BlackHeart Crossbow Split Cables 19.8125 in. Ten Point Vapor","KIN-10205","Blackheart"
"247903","BlackHeart Crossbow Split Cables 19.625 in. Ten Point","KIN-10206","Blackheart"
"247650","BlackHeart Crossbow String 33.875 in. Titan Extreme","KIN-10207","Blackheart"
"247701","BlackHeart Crossbow String 36 in. Stryker","KIN-10208","Blackheart"
"247986","BlackHeart Crossbow Control Cables 21.6875 in. Stryker","KIN-10209","Blackheart"
"248716","October Mountain Remedy Black 2 pk.","KIN-10215","OCTOBER MOUNTAIN"
"248717","October Mountain Remedy Orange 2 pk.","KIN-10216","OCTOBER MOUNTAIN"
"248741","October Mountain Remedy Red 2 pk.","KIN-10217","OCTOBER MOUNTAIN"
"248738","October Mountain Remedy Pink 2 pk.","KIN-10218","OCTOBER MOUNTAIN"
"247753","October Mountain Crossbow String 32.938 in. Barnett","KIN-10227","OCTOBER MOUNTAIN"
"247702","October Mountain Crossbow String 36 in. Barnett Brotherhood","KIN-10229","OCTOBER MOUNTAIN"
"247754","October Mountain Crossbow String 38.875 in. Barnett Ghost 410","KIN-10230","OCTOBER MOUNTAIN"
"247755","October Mountain Crossbow String 40.313 in. Barnett Ghost 360","KIN-10231","OCTOBER MOUNTAIN"
"247756","October Mountain Crossbow String 33 1/4 in. Parker","KIN-10232","OCTOBER MOUNTAIN"
"247757","October Mountain Crossbow String 34.875 in. Parker","KIN-10233","OCTOBER MOUNTAIN"
"247783","October Mountain Crossbow String 31.625 in. Parker","KIN-10234","OCTOBER MOUNTAIN"
"247703","October Mountain Crossbow String 37 in. CX XForce 454SL","KIN-10235","OCTOBER MOUNTAIN"
"247758","October Mountain Crossbow String 34 in. Carbon Express","KIN-10236","OCTOBER MOUNTAIN"
"247759","October Mountain Crossbow String Velocity+ 34.3125 in. CX","KIN-10237","OCTOBER MOUNTAIN"
"247784","October Mountain Crossbow String 37 1/4 in. Velocity Lionheart","KIN-10238","OCTOBER MOUNTAIN"
"247704","October Mountain Crossbow String 39.375 in. Velocity","KIN-10240","OCTOBER MOUNTAIN"
"247760","October Mountain Crossbow String 37 in. PSE Toxic","KIN-10241","OCTOBER MOUNTAIN"
"247761","October Mountain Crossbow String 38 in. PSE Viper","KIN-10242","OCTOBER MOUNTAIN"
"247762","October Mountain Crossbow String 32.1875 in. TenPoint Venom","KIN-10243","OCTOBER MOUNTAIN"
"247785","October Mountain Crossbow String 32 in. TenPoint","KIN-10244","OCTOBER MOUNTAIN"
"247705","October Mountain Crossbow String 38 3/4 in. Mission","KIN-10245","OCTOBER MOUNTAIN"
"247763","October Mountain Crossbow String 38.375 in. Mission MXB 360","KIN-10246","OCTOBER MOUNTAIN"
"247764","October Mountain Crossbow String 31 in. Excalibur Matrix Series","KIN-10247","OCTOBER MOUNTAIN"
"247999","October Mountain Crossbow Split Cables 17.625 in. Barnett","KIN-10248","OCTOBER MOUNTAIN"
"247948","October Mountain Crossbow Split Cables 21.438 in. Barnett","KIN-10250","OCTOBER MOUNTAIN"
"247987","October Mountain Crossbow Split Cables 21 1/2 in. Barnett Ghost 410","KIN-10251","OCTOBER MOUNTAIN"
"247949","October Mountain Crossbow Split Cables 20.5625 in. Barnett","KIN-10252","OCTOBER MOUNTAIN"
"247950","October Mountain Crossbow Split Cables 22 in. Parker","KIN-10254","OCTOBER MOUNTAIN"
"247951","October Mountain Crossbow Split Cables 22.375 in. Parker","KIN-10256","OCTOBER MOUNTAIN"
"248000","October Mountain Crossbow Split Cables 23 in. Parker Split","KIN-10257","OCTOBER MOUNTAIN"
"247952","October Mountain Crossbow Split Cables 21 3/4 in. CX XForce 454SL","KIN-10259","OCTOBER MOUNTAIN"
"247904","October Mountain Crossbow Split Cables 18.8125 in. CarbonExpress","KIN-10260","OCTOBER MOUNTAIN"
"248001","October Mountain Crossbow Split Cables 18 3/4 in. CX Covert CX-3SL+","KIN-10261","OCTOBER MOUNTAIN"
"247905","October Mountain Crossbow Split Cables 24 in. SA Sports","KIN-10263","OCTOBER MOUNTAIN"
"247988","October Mountain Crossbow Split Cables 27 in. SA Sports","KIN-10264","OCTOBER MOUNTAIN"
"248002","October Mountain Crossbow Split Cables 24.2188 in. Velocity","KIN-10265","OCTOBER MOUNTAIN"
"247906","October Mountain Crossbow Split Cables 27 in. Velocity Lionheart","KIN-10267","OCTOBER MOUNTAIN"
"248003","October Mountain Crossbow Split Cables 21.4375 in. PSE Toxic","KIN-10269","OCTOBER MOUNTAIN"
"247953","October Mountain Crossbow Split Cables 23 in. PSE Viper","KIN-10270","OCTOBER MOUNTAIN"
"248004","October Mountain Crossbow Split Cables 19.6875 in. TenPoint Venom","KIN-10271","OCTOBER MOUNTAIN"
"247954","October Mountain Crossbow Split Cables 19.625 in. TenPoint","KIN-10272","OCTOBER MOUNTAIN"
"248005","October Mountain Crossbow Split Cables 19.25 in. Mission","KIN-10273","OCTOBER MOUNTAIN"
"248006","October Mountain Crossbow Split Cables 19 1/2 in. Mission MXB 360","KIN-10274","OCTOBER MOUNTAIN"
"247765","BlackHeart Crossbow String 33 1/4 in. Parker","KIN-10275","Blackheart"
"247706","BlackHeart Crossbow String 36 in. Barnett Brotherhood","KIN-10276","Blackheart"
"247786","BlackHeart Crossbow String 40.313 in. Barnett Ghost 360","KIN-10277","Blackheart"
"247766","BlackHeart Crossbow String 32.1875 in. Ten Point","KIN-10278","Blackheart"
"247907","BlackHeart Crossbow Split Cables 22 in. Parker","KIN-10279","Blackheart"
"247955","BlackHeart Crossbow Split Cables 19.6875 in. Ten Point Venom","KIN-10280","Blackheart"
"247908","BlackHeart Crossbow Split Cables 21.438 in. Barnett Brotherhood","KIN-10281","Blackheart"
"247956","BlackHeart Crossbow Split Cables 20.5625 in. Barnett","KIN-10282","Blackheart"
"251684","Fin Finder Raider Bowfishing Package","KIN-10283","Fin-Finder"
"251685","Fin Finder Raider Pro Bowfishing Package","KIN-10284","Fin-Finder"
"251628","Fin Finder Heavy Duty Drum Bowfishing Reel","KIN-10287","Fin-Finder"
"251604","Fin Finder Heavy Duty Drum Bowfishing Reel Replacement Line 80 ft.","KIN-10288","Fin-Finder"
"251930","October Mountain XB Impact Discharge Head","KIN-10293","OCTOBER MOUNTAIN"
"247651","BlackHeart Crossbow String 34 in. Parker","KIN-10294","Blackheart"
"247787","BlackHeart Crossbow String 37.875 in. Wicked Ridge","KIN-10302","Blackheart"
"247957","BlackHeart Crossbow Split Cables 22.625 in. Wicked Ridge Raider","KIN-10303","Blackheart"
"247707","October Mountain Crossbow String Velocity+ 39 1/2 in. CX","KIN-10309","OCTOBER MOUNTAIN"
"251036","October Mountain Kickstand Pro Standard Limb Blue","KIN-10311","OCTOBER MOUNTAIN"
"247708","BlackHeart Crossbow String 38 in. Covert CX2","KIN-10312","Blackheart"
"252365","October Mountain Versa Cradle Stand","KIN-10314","OCTOBER MOUNTAIN"
"252370","October Mountain Versa Cradle Bow Vise and Stand Combo","KIN-10315","OCTOBER MOUNTAIN"
"250441","Elevation Transition Hip Quiver Black/Silver RH","KIN-10316","ELEVATION"
"250403","Elevation Transition Hip Quiver Black/Blue RH","KIN-10318","ELEVATION"
"250404","Elevation Transition Hip Quiver Black/Blue LH","KIN-10319","ELEVATION"
"250448","Elevation Pro Shooters Belt Silver 28-46 in.","KIN-10323","ELEVATION"
"250582","Elevation Pro Release Pouch Black/Silver","KIN-10324","ELEVATION"
"250405","Elevation Pro Shooters Belt Blue 28-46 in.","KIN-10325","ELEVATION"
"250575","Elevation Pro Release Pouch Black/Blue","KIN-10326","ELEVATION"
"242948","Bear Brave Arrows 3 pk.","KIN-1040","BEAR"
"244736","3Rivers Tru-Center V2 Taper Tool","KIN-10510","Three Rivers"
"246595","NAP Gobbler Getter Broadheads 100 gr. 3 pk.","KIN-10580","New Archery Products"
"251280","Carter Target 4 Release 4 Finger","KIN-106018","Carter"
"244136","Easton Uni Bushings 2213 12 pk.","KIN-1075","Easton"
"244230","Saunders Combo Points 5/16 90 gr. 100 pk.","KIN-11010","SAUNDERS"
"250200","TightSpot Quiver Black 3 Arrow LH","KIN-1101082","Tight Spot"
"250169","TightSpot Quiver Optifade Sub Alpine 5 Arrow LH","KIN-1101084","Tight Spot"
"250170","TightSpot Quiver Kuiu Verde 2.0 5 Arrow LH","KIN-1101086","Tight Spot"
"250243","TightSpot Quiver Realtree Edge 5 Arrow LH","KIN-1101088","Tight Spot"
"250244","TightSpot Quiver Optifade Elevated II 5 Arrow LH","KIN-1101090","Tight Spot"
"250239","TightSpot Quiver Carbon 5 Arrow RH","KIN-1101097","Tight Spot"
"250245","TightSpot Quiver Carbon 5 Arrow LH","KIN-1101098","Tight Spot"
"250171","TightSpot Quiver Break Up Country 5 Arrow LH","KIN-1101104","Tight Spot"
"251865","TightSpot XBow Bracket Black","KIN-1101108","Tight Spot"
"250201","TightSpot Quiver Rise Optifade Sub Alpine 5 Arrow LH","KIN-1101115","Tight Spot"
"250202","TightSpot Quiver Rise Kuiu Verde 2.0 5 Arrow LH","KIN-1101117","Tight Spot"
"250240","TightSpot Quiver Rise Realtree Edge 5 Arrow LH","KIN-1101119","Tight Spot"
"250203","TightSpot Quiver Rise Realtree Edge 5 Arrow RH","KIN-1101120","Tight Spot"
"250246","TightSpot Quiver Rise Optifade Elevated II Dye Sub LH","KIN-1101123","Tight Spot"
"242949","Easton Scout II Fiberglass Arrows 28 in. 36 pk.","KIN-1101157","Easton"
"251447","Muzzy LV-X Bowfishing Bow Green 25-29 in. 25-50 lbs. RH","KIN-1101226","MUZZY"
"251477","Muzzy LV-X Bowfishing Kit Green 25-29 in. 25-50 lbs. RH","KIN-1101227","MUZZY"
"249889","Easton Z-Comp Side Rod Black 12 in.","KIN-1101304","Easton"
"244118","Easton Super Uni Bushings 2018 12 pk.","KIN-1103","Easton"
"244105","Easton Super Uni Bushings 2117 12 pk.","KIN-1108","Easton"
"244119","Easton Super Uni Bushings 2213 12 pk.","KIN-1110","Easton"
"244120","Easton Super Uni Bushings 2216 12 pk.","KIN-1112","Easton"
"244106","Easton Super Uni Bushings 2315 12 pk.","KIN-1116","Easton"
"246466","Zwickey Kondor Points Screw In 105 gr. 1 pk.","KIN-11266","Zwickey"
"246118","Steel Force Premium Broadheads 4 Blade 100 gr. 3 pk.","KIN-11453","Steel Force"
"252284","Pine Ridge Arrow Inspector","KIN-11473","PINE RIDGE"
"252296","RS Bow Vise Bowstring Level Snap On","KIN-11695","RS BOWVISE"
"252289","RS Bow Vise Vari-Nok Arrow Level","KIN-11697","RS BOWVISE"
"252290","RS Bow Vise Nok-Ez Arrow Level","KIN-11698","RS BOWVISE"
"244745","Gateway Tre-Bark Feathers Tre-Green 4 in. RW 100 pk.","KIN-11748","GATEWAY"
"244932","Gateway Tre-Bark Feathers Tre-Bark 4 in. RW 100 pk.","KIN-11916","GATEWAY"
"244933","Gateway Tre-Bark Feathers Tre-Yellow 4 in. RW 100 pk.","KIN-11917","GATEWAY"
"244746","Gateway Tre-Bark Feathers Tre-Orange 4 in. RW 100 pk.","KIN-11919","GATEWAY"
"244835","Gateway Tre-Bark Feathers Tre-Red 4 in. RW 100 pk.","KIN-11921","GATEWAY"
"252417","Specialty Archery Paper Tuner","KIN-11984","SPECIALTY ARCHERY"
"250980","Lumenok Extinguisher Arrow Puller Green Yellow","KIN-1201000","Lumenok"
"251520","AMS AnKor FX Bowfishing Arrow White","KIN-1201002","AMS"
"251563","AMS AnKor QT Bowfishing Point","KIN-1201005","AMS"
"251564","AMS Cyclone Bowfishing Tips 2 pk.","KIN-1201006","AMS"
"251549","AMS RipZ Bowfishing Tips 2 pk.","KIN-1201007","AMS"
"251524","AMS Lava Crux Chaos FX Bowfishing Arrow","KIN-1201008","AMS"
"251589","AMS Spectra Line White 25 yds.","KIN-1201009","AMS"
"251657","AMS Ring Sets for 5/16&quote; Arrows 10 pk.","KIN-1201010","AMS"
"251661","AMS String Things Finger Savers Green","KIN-1201012","AMS"
"251658","AMS String Things Finger Savers Orange","KIN-1201013","AMS"
"251662","AMS String Things Finger Savers Pink","KIN-1201014","AMS"
"251659","AMS String Things Finger Savers Red","KIN-1201015","AMS"
"251663","AMS String Things Finger Savers Yellow","KIN-1201016","AMS"
"251525","AMS Lava Crux AnKor FX Bowfishing Arrow","KIN-1201017","AMS"
"244677","BPE Arrow Fletcher Right Helical","KIN-1201018","Bpe"
"252275","BPE Arrow Insert Tool","KIN-1201019","Bpe"
"245255","Cir-Cut Hot Melt Stick 15 in.","KIN-1201022","Cir-Cut"
"248823","Cir-Cut Release Rope Camo 7.5 in. 3 pk.","KIN-1201023","Cir-Cut"
"250832","Cir-Cut Super Micro Fleece Pad Black","KIN-1201024","Cir-Cut"
"246333","Xecutioner Broadheads Expandable Blue 100 gr. 4 pk.","KIN-1201025","Xecutioner"
"246599","Xecutioner Broadheads Turkey Necker 160 gr. 4 pk.","KIN-1201026","Xecutioner"
"242486","Gold Tip AirStrike Arrows 300 Raptor Vanes 6 pk.","KIN-1201033","Gold Tip"
"242342","Gold Tip AirStrike Arrows 300 4 Fletch 6 pk.","KIN-1201034","Gold Tip"
"242343","Gold Tip AirStrike Arrows 340 Raptor Vanes 6 pk.","KIN-1201035","Gold Tip"
"242344","Gold Tip AirStrike Arrows 340 4 Fletch 6 pk.","KIN-1201036","Gold Tip"
"242345","Gold Tip AirStrike Arrows 400 Raptor Vanes 6 pk.","KIN-1201037","Gold Tip"
"242220","Gold Tip AirStrike Arrows 400 4 Fletch 6 pk.","KIN-1201038","Gold Tip"
"243837","Gold Tip GTO Nocks Blue 12 pk.","KIN-1201039","Gold Tip"
"244043","Gold Tip Mini HD Pin Nocks Blue 12 pk.","KIN-1201040","Gold Tip"
"244044","Gold Tip HD Pin Nocks Blue 12 pk.","KIN-1201041","Gold Tip"
"243880","Gold Tip GT Series Nocks Blue 12 pk.","KIN-1201042","Gold Tip"
"243917","Gold Tip Accu-Lite Nocks Blue 12 pk.","KIN-1201043","Gold Tip"
"242487","Gold Tip Hunter XT Arrows 300 Raptor Vanes 12 pk.","KIN-1201044","Gold Tip"
"242221","Gold Tip Hunter XT Arrows 340 Raptor Vanes 12 pk.","KIN-1201045","Gold Tip"
"242488","Gold Tip Hunter XT Arrows 400 Raptor Vanes 12 pk.","KIN-1201046","Gold Tip"
"242222","Gold Tip Hunter XT Arrows 500 Raptor Vanes 12 pk.","KIN-1201047","Gold Tip"
"242512","Gold Tip Hunter Arrows 300 Raptor Vanes 12 pk.","KIN-1201048","Gold Tip"
"242346","Gold Tip Hunter Arrows 340 Raptor Vanes 12 pk.","KIN-1201049","Gold Tip"
"242223","Gold Tip Hunter Arrows 400 Raptor Vanes 12 pk.","KIN-1201050","Gold Tip"
"242513","Gold Tip Hunter Arrows 500 Raptor Vanes 12 pk.","KIN-1201051","Gold Tip"
"243713","Gold Tip .246 Inserts Small 12 gr. 12 pk.","KIN-1201052","Gold Tip"
"243838","Gold Tip GTO Nocks Pink 12 pk.","KIN-1201054","Gold Tip"
"243839","Gold Tip Accu-Tough Nocks Ruby 12 pk.","KIN-1201056","Gold Tip"
"243881","Gold Tip Accu-Lite Nocks Ruby 12 pk.","KIN-1201058","Gold Tip"
"251281","Carter Convertible Release","KIN-1201072","Carter"
"248516","Hamskea Insight Peep Housing Short Draw","KIN-1201104","HAMSKEA"
"248519","Hamskea Insight Clarifier A+ Purple","KIN-1201106","HAMSKEA"
"248520","Hamskea Insight Feather Vision Clearifying Lense A","KIN-1201107","HAMSKEA"
"248521","Hamskea Insight Feather Vision Clearifying Lense B","KIN-1201108","HAMSKEA"
"248422","Hamskea Insight Peep Kit Short Draw 6 Aperutures and Peep","KIN-1201109","HAMSKEA"
"248522","Hamskea Insight Peep Kit Deluxe Short Draw 6 Aperture 4 Clearifier Peep","KIN-1201110","HAMSKEA"
"248473","Hamskea Insight Feather Vision Pro Kit 6 Aperture Peep Lense A and B","KIN-1201111","HAMSKEA"
"248523","Hamskea Insight Feather Vision Pro Kit Short Draw 6 Aperture Peep Lense A and B","KIN-1201112","HAMSKEA"
"250978","Hamskea Arrow Jack Arrow Puller","KIN-1201113","HAMSKEA"
"250653","Hamskea Hybrid Hunter Pro Rest Blue RH","KIN-1201114","HAMSKEA"
"250625","Hamskea Hybrid Hunter Pro Rest Blue LH","KIN-1201116","HAMSKEA"
"250691","Hamskea Hybrid Target Pro Rest Micro Tune Blue RH","KIN-1201117","HAMSKEA"
"250626","Hamskea Hybrid Target Pro Rest Micro Tune Blue LH","KIN-1201118","HAMSKEA"
"250697","Hamskea Versa Rest Micro Tune with Standard Clamp Black RH","KIN-1201119","HAMSKEA"
"250627","Hamskea Hybrid Hunter Pro Rest Micro Tune Blue RH","KIN-1201120","HAMSKEA"
"250628","Hamskea Hybrid Target Pro Rest Blue RH","KIN-1201122","HAMSKEA"
"250629","Hamskea Hybrid Target Pro Rest Blue LH","KIN-1201123","HAMSKEA"
"249159","Paradox Standard Bow Sling Neon Orange","KIN-1201125","Paradox"
"249216","Paradox Elite Bow Sling Red","KIN-1201126","Paradox"
"249160","Paradox Elite Bow Sling Neon Green","KIN-1201127","Paradox"
"249217","Paradox Standard Bow Sling Camo","KIN-1201128","Paradox"
"249188","Paradox Standard Bow Sling Snowfield Camo","KIN-1201129","Paradox"
"249189","Paradox Standard Bow Sling CRP Camo","KIN-1201130","Paradox"
"249161","Paradox Standard Bow Sling Brown Camo","KIN-1201131","Paradox"
"248797","Paradox S-Type Release Rope Black 100 ft.","KIN-1201132","Paradox"
"249218","Paradox Elite Custom Cobra Bow Sling Black/ Neon Orange","KIN-1201133","Paradox"
"249219","Paradox Standard Bow Sling Retro Tree Camo","KIN-1201135","Paradox"
"249220","Paradox Custom Cobra Bow Sling Retro Tree Camo","KIN-1201136","Paradox"
"249221","Paradox Elite Bow Sling Retro Tree Camo","KIN-1201137","Paradox"
"246429","NAP Thunderhead Broadheads Crossbow 125 gr. 5 pk.","KIN-1201141","New Archery Products"
"246304","NAP Spitfire Maxx Trophy Tip Broadheads 100 gr 3 pk.","KIN-1201143","New Archery Products"
"246425","Dead Ringer Super Freak Extreme Broadheads Crossbow 100 gr. 3 pk.","KIN-1201152","Dead Ringer"
"249524","CBE Affect Stabilizer Black 6 in.","KIN-1201180","Cbe"
"251911","Excalibur Replacment Rope C2 and Crankaroo","KIN-1201201","Excalibur"
"251396","Scott Buckle Strap Caliper Connector","KIN-1201233","Scott"
"251102","TRU Ball Assassin XT Release Velcro","KIN-1201254","Tru Ball"
"251221","TRU Ball Max Hunter Plus Release 3 Finger Black","KIN-1201260","Tru Ball"
"251222","TRU Ball Max Hunter Plus Release 3 Finger Camo","KIN-1201261","Tru Ball"
"251223","TRU Ball Max Pro Plus Release 4 Finger Camo","KIN-1201263","Tru Ball"
"251385","TRU Ball Goat Release Sear Clicker Regular","KIN-1201265","Tru Ball"
"250241","Elite Archery Two-Piece Quiver Realtree Edge 4 Arrow","KIN-1201291","Elite Archery"
"250242","Elite Archery One-Piece Quiver Realtree Edge 4 Arrow","KIN-1201295","Elite Archery"
"249621","Elite Archery Stabilizer Realtree Edge 11 in.","KIN-1201298","Elite Archery"
"249612","Elite Archery Stabilizer Realtree Edge 7 1/4 in.","KIN-1201300","Elite Archery"
"251724","Excalibur Assassin 420 TD Crossbow Realtree Edge with Tact 100 Scope","KIN-1201309","Excalibur"
"251723","Excalibur Bulldog 440 Crossbow Mossy Oak Breakup Tact 100 Scope and EXT","KIN-1201312","Excalibur"
"251916","Excalibur Pro Shot ACP Triggers Standard Models","KIN-1201313","Excalibur"
"252018","Excalibur ProFlight Crossbow Bolts 20 in. 6 pk.","KIN-1201315","Excalibur"
"251964","Excalibur ProFlight Illuminated Crossbow Bolts 20 in. 3 pk.","KIN-1201316","Excalibur"
"252019","Excalibur ProFlight Crossbow Bolts 18 in. 6 pk.","KIN-1201317","Excalibur"
"251988","Excalibur ProFlight Illuminated Crossbow Bolts 18 in. 3 pk.","KIN-1201318","Excalibur"
"252020","Excalibur ProFlight Crossbow Bolts 16.5 in. 6 pk.","KIN-1201319","Excalibur"
"251989","Excalibur ProFlight Illuminated Crossbow Bolts 16.5 in. 3 pk.","KIN-1201320","Excalibur"
"252383","Excalibur Buckhanger Bow/Crossbow Hanger","KIN-1201323","Excalibur"
"248798","BCY 24 D-Loop Material Green/Black 1m","KIN-1201325","Bcy"
"248799","BCY 24 D-Loop Material Blue/Black 1m","KIN-1201326","Bcy"
"248800","BCY 24 D-Loop Material Red/Black 1m","KIN-1201327","Bcy"
"248821","BCY 24 D-Loop Material Brown/Black 1m","KIN-1201328","Bcy"
"248801","BCY 24 D-Loop Material Flo Green/Black 1m","KIN-1201329","Bcy"
"248822","BCY 24 D-Loop Material Flo Orange/Black 1m","KIN-1201330","Bcy"
"248824","BCY 24 D-Loop Material Purple/Black 1m","KIN-1201331","Bcy"
"248978","BCY 452X Bowstring Material Flo Purple 1/8 lb.","KIN-1201335","Bcy"
"249059","BCY 350 Nylon Braided Serving Black .015 125 yds.","KIN-1201336","Bcy"
"249075","BCY Spectra Serving Black .008 150 yds.","KIN-1201337","Bcy"
"248851","BCY X Wax","KIN-1201338","Bcy"
"248802","BCY 24 D-Loop Material Black 1m","KIN-1201339","Bcy"
"249060","BCY 2S Serving Black .018 100 yds.","KIN-1201340","Bcy"
"249076","BCY Nock Point Tying Thread Black 75 yds.","KIN-1201341","Bcy"
"248517","G5 Assorted Peep Kit Multiple Colors 96 pc.","KIN-1201342","G5 OUTDOORS"
"246531","G5 Montec BPM Practice Broadheads 125 gr. 3 pk.","KIN-1201349","G5 OUTDOORS"
"246508","G5 Deadmeat Snap Lock Collar 100 gr. 12 pk.","KIN-1201350","G5 OUTDOORS"
"246503","G5 Deadmeat Snap Lock Collar 125 gr. 12 pk.","KIN-1201351","G5 OUTDOORS"
"252232","Last Chance Wheel Kit Floor Stand","KIN-1201353","Last Chance Archery"
"252233","Last Chance Finger Caps","KIN-1201354","Last Chance Archery"
"246608","NAP DK4 Broadheads 125 gr. 3 pk.","KIN-1201385","New Archery Products"
"246479","Cold Steel Cheap Shot Wrecking Ball Broadheads 100 gr. 10 pk.","KIN-1201415","Cold Steel"
"246192","Cold Steel Cheap Shot Buzzsaw Broadheads 125 gr. 10 pk.","KIN-1201416","Cold Steel"
"246188","Cold Steel Cheap Shot Buzzsaw Broadheads 100 gr. 10 pk.","KIN-1201417","Cold Steel"
"251550","Innerloc Pro Point Fish Point","KIN-1201418","Innerloc"
"246193","Innerloc Deep Slice Broadheads 100 gr. 3 pk.","KIN-1201419","Innerloc"
"246119","Innerloc Carbon Tuner Broadheads 125 gr. 3 pk.","KIN-1201420","Innerloc"
"246498","Innerloc Shape Shifter Replacement EXO Covers 6 pk.","KIN-1201422","Innerloc"
"246120","Innerloc Stainless Extreme Broadheads 100 gr. 3 pk.","KIN-1201423","Innerloc"
"251557","Innerloc 2 Barb Grapple Point 5/16 Shafts","KIN-1201424","Innerloc"
"246305","Innerloc Carnage Broadheads 100 gr. 3 pk.","KIN-1201425","Innerloc"
"246504","Innerloc Carnage Replacement Wraps 38 ct.","KIN-1201426","Innerloc"
"251224","Spot Hogg Whipper Snapper Release Open Jaw 3 Finger","KIN-1201465","Spot-Hogg"
"245721","VaneTec HP Vanes Flo. Yellow 2 in. 100 pk.","KIN-1201480","Vanetec"
"245722","VaneTec HP Vanes Flo. Green 2 in. 100 pk.","KIN-1201481","Vanetec"
"245541","VaneTec HP Vanes Red 2 in. 100 pk.","KIN-1201482","Vanetec"
"245738","VaneTec HP Vanes Flo. Orange 2 in. 100 pk.","KIN-1201483","Vanetec"
"245337","VaneTec Super Spine Vanes White 3 in. 100 pk.","KIN-1201484","Vanetec"
"245723","VaneTec Super Spine Vanes Red 3 in. 100 pk.","KIN-1201485","Vanetec"
"245338","VaneTec Super Spine Vanes Black 3 in. 100 pk.","KIN-1201486","Vanetec"
"245724","VaneTec Super Spine Vanes Flo. Yellow 3 in. 100 pk.","KIN-1201487","Vanetec"
"245739","VaneTec Super Spine Vanes Flo. Green 3 in. 100 pk.","KIN-1201488","Vanetec"
"245725","VaneTec Super Spine Vanes Flo. Orange 3 in. 100 pk.","KIN-1201489","Vanetec"
"245542","VaneTec V-Max Vanes White 3 in. 100 pk.","KIN-1201492","Vanetec"
"245740","VaneTec V-Max Vanes Blue 3 in. 100 pk.","KIN-1201493","Vanetec"
"245726","VaneTec V-Max Vanes Red 3 in. 100 pk.","KIN-1201494","Vanetec"
"245339","VaneTec V-Max Vanes Flo. Yellow 3 in. 100 pk.","KIN-1201495","Vanetec"
"245727","VaneTec V-Max Vanes Flo. Green 3 in 100 pk.","KIN-1201496","Vanetec"
"252392","Raxx Bow Hanger Mathews Archery","KIN-1201550","Raxx"
"252397","Raxx Bow Hanger Elk Skull","KIN-1201551","Raxx"
"252393","Raxx Mini Bow Hanger Bowtech Archery","KIN-1201553","Raxx"
"252384","Raxx Mini Bow Hanger Hoyt Archery","KIN-1201555","Raxx"
"252385","Raxx Mini Bow Hanger Mathews Archery","KIN-1201556","Raxx"
"252379","Raxx Mini Bow Hanger Elk Skull","KIN-1201560","Raxx"
"252314","T-Bird Modular Arrow Saw With Dust Collector and Squaring Device","KIN-1201734","T-Bird Archery"
"252321","T-Bird Cut-Off Wheels Steel 168 Tooth 3 in.","KIN-1201737","T-Bird Archery"
"252318","T-Bird Arrow Squaring Kit","KIN-1201738","T-Bird Archery"
"252322","T-Bird Sanding Discs 1 in. 10 pc.","KIN-1201739","T-Bird Archery"
"250117","Shrewd Atlas V-Bar Gloss Black Single","KIN-1201763","Shrewd Archery"
"250083","Shrewd Atlas V-Bar Matte Black Single","KIN-1201764","Shrewd Archery"
"250118","Shrewd Atlas V-Bar Matte Black Double","KIN-1201766","Shrewd Archery"
"251069","Shrewd Side Kick Archery Chair","KIN-1201775","Shrewd Archery"
"249890","Shrewd Onyx Stabilizer Black 8 in.","KIN-1201777","Shrewd Archery"
"249806","Shrewd Onyx Stabilizer Black 18 in.","KIN-1201778","Shrewd Archery"
"249852","Shrewd Onyx Stabilizer Black 36 in.","KIN-1201779","Shrewd Archery"
"248268","FirstString Genesis String and Cable Set Light Blue/ Black","KIN-1201829","First String"
"248269","FirstString Genesis String and Cable Set Red/ Black","KIN-1201830","First String"
"248270","FirstString Genesis String and Cable Set White/ Black","KIN-1201831","First String"
"248210","FirstString Genesis String and Cable Set Red/ Blue","KIN-1201832","First String"
"248271","FirstString Genesis String and Cable Set Blue/ Flo Orange","KIN-1201833","First String"
"248211","FirstString Genesis String and Cable Set Flo Green/ Blue","KIN-1201834","First String"
"248272","FirstString Genesis String and Cable Set Mountain Berry/ Yellow","KIN-1201835","First String"
"248150","FirstString Genesis String and Cable Set Mountain Berry/ Black","KIN-1201836","First String"
"247989","FirstString Crossbow Cables Barnett Wildcat C6, Droptine, Vindicator","KIN-1201837","First String"
"248007","FirstString Crossbow Cables Barnett Jackal","KIN-1201838","First String"
"247990","FirstString Crossbow Cables Barnett Ghost 350","KIN-1201839","First String"
"247909","FirstString Crossbow Cables Barnett Quad 400, Revolution","KIN-1201840","First String"
"247910","FirstString Crossbow Cables Barnett Recruit, Raptor","KIN-1201841","First String"
"247958","FirstString Crossbow Cables Barnett Wildcat C5","KIN-1201842","First String"
"247788","First String Crossbow String Barnett Wildcat C6, Droptine, Vindicator","KIN-1201843","First String"
"247767","First String Crossbow String Barnett Jackal","KIN-1201844","First String"
"247798","First String Crossbow String Barnett Ghost 350","KIN-1201845","First String"
"247799","First String Crossbow String Barnett Quad 400, Revolution","KIN-1201846","First String"
"247800","First String Crossbow String Barnett Recruit, Raptor","KIN-1201847","First String"
"247652","First String Crossbow String Barnett Wildcat C5","KIN-1201848","First String"
"249344","First String Pro Slide Grey","KIN-1201849","First String"
"247991","FirstString Crossbow Cables Horton Recon, Vision 175","KIN-1201850","First String"
"247768","First String Crossbow String Horton Yukon SL, Scout HD, Legend 150","KIN-1201851","First String"
"247709","First String Crossbow String Horton Recon, Vision 175","KIN-1201852","First String"
"247769","First String Crossbow String Mission MXB 320, Dagger","KIN-1201853","First String"
"247959","FirstString Crossbow Cables Parker Buckbuster 150, 175, Enforcer","KIN-1201854","First String"
"247770","First String Crossbow String Parker Buckbuster 150, 175, Enforcer","KIN-1201855","First String"
"249335","First String Pro Slide Black","KIN-1201856","First String"
"249339","First String Pro Slide Blue","KIN-1201857","First String"
"249345","First String Pro Slide Red","KIN-1201858","First String"
"249340","First String Pro Slide Flo Green","KIN-1201859","First String"
"248883","First String Speed Kit Black 4 pk.","KIN-1201860","First String"
"248016","FirstString Crossbow Cables Stryker Strykezone 350, 380","KIN-1201861","First String"
"247653","First String Crossbow String Stryker Strykezone 350, 380","KIN-1201862","First String"
"247911","FirstString Crossbow Cables Tenpoint Blazer HP, Turbo EXT, Stealth X2","KIN-1201863","First String"
"247801","First String Crossbow String Tenpoint Blazer HP, Turbo EXT, Stealth X2","KIN-1201864","First String"
"246306","Vortex Broadheads Blue 100 gr. 2 in. Cut 3 pk.","KIN-1201960","Vortex Broadheads"
"246337","Vortex Broadheads Orange 100 gr. 2.5 in. Cut 3 pk.","KIN-1201961","Vortex Broadheads"
"246307","Vortex Broadheads Black 100 gr. 2.75 in Cut 3 pk.","KIN-1201962","Vortex Broadheads"
"246338","Vortex Broadheads Green 125 gr. 2.75 in. Cut 3 pk.","KIN-1201963","Vortex Broadheads"
"246559","Vortex Replacment Blades Large Blades 6 pk.","KIN-1201964","Vortex Broadheads"
"246537","Vortex Replacment Blades Medium Blades 6 pk.","KIN-1201967","Vortex Broadheads"
"245274","Woody Wire Flex Tough Bowfishing Gel","KIN-1202056","Woody Wire"
"251924","Killer Instinct Discharge Bolt","KIN-1202065","Killer Instinct"
"251225","Carter First Choice Release 4 Finger","KIN-1202124","Carter"
"245340","VaneTec HP Vanes White 2 in. 100 pk.","KIN-1202126","Vanetec"
"250802","BPE Mini Arrow Rest RH","KIN-1202128","Bpe"
"244026","NAP Thunderglo Lighted Nocks Green Universal Fit 6 pk.","KIN-1202131","New Archery Products"
"244008","NAP Thunderglo Lighted Nocks Red Universal Fit 6 pk.","KIN-1202135","New Archery Products"
"252141","NAP Thunderglo Lighted Crossbow Nocks Green Universal Fit 3 pk.","KIN-1202136","New Archery Products"
"243779","Gold Tip Airstrike Inserts Aluminum 250 12 pk.","KIN-1202191","Gold Tip"
"243769","Gold Tip Airstrike Inserts Aluminum 300 12 pk.","KIN-1202192","Gold Tip"
"243770","Gold Tip Airstrike Inserts Aluminum 340 12 pk.","KIN-1202193","Gold Tip"
"243714","Gold Tip Airstrike Inserts Aluminum 400 12 pk.","KIN-1202194","Gold Tip"
"243771","Gold Tip Airstrike Inserts Stainless 250 12 pk.","KIN-1202195","Gold Tip"
"243747","Gold Tip Airstrike Inserts Stainless 300 12 pk.","KIN-1202196","Gold Tip"
"243748","Gold Tip Airstrike Inserts Stainless 340 12 pk.","KIN-1202197","Gold Tip"
"243749","Gold Tip Airstrike Inserts Stainless 400 12 pk.","KIN-1202198","Gold Tip"
"252142","Lumenok Crossbow Nocks HD Orange Capture 3 pk.","KIN-1202204","Lumenok"
"252117","Lumenok Crossbow Nocks Green Capture 3 pk.","KIN-1202205","Lumenok"
"252160","Lumenok Crossbow Nocks Pink Capture 3 pk.","KIN-1202206","Lumenok"
"252143","Lumenok Crossbow Nocks Ruby Capture 3 pk.","KIN-1202207","Lumenok"
"250819","Cir-Cut Super Hair Rest Kit Black Leather","KIN-1202250","Cir-Cut"
"250820","Cir-Cut Traditional Rest Brown Leather","KIN-1202251","Cir-Cut"
"250825","Cir-Cut Traditional Rest Kit Black Calf Hair 2 pc.","KIN-1202252","Cir-Cut"
"250821","Cir-Cut Strike Plate Black Leather","KIN-1202253","Cir-Cut"
"245341","VaneTec HD Swift Vanes Flo Pink 2.25 in. 100 pk.","KIN-1202257","Vanetec"
"245775","VaneTec HD Swift Vanes Flo Green 2.25 in. 100 pk.","KIN-1202259","Vanetec"
"245776","VaneTec HD Swift Vanes Flo Orange 2.25 in. 100 pk.","KIN-1202260","Vanetec"
"245543","VaneTec HD Swift Vanes Rasberry Red 2.25 in. 100 pk.","KIN-1202261","Vanetec"
"245777","VaneTec HD Swift Vanes Ultra Blue 2.25 in. 100 pk.","KIN-1202262","Vanetec"
"245544","VaneTec HD Swift Vanes Purple 2.25 in. 100 pk.","KIN-1202263","Vanetec"
"245728","VaneTec HD Swift Vanes Black 2.25 in. 100 pk","KIN-1202264","Vanetec"
"245342","VaneTec HD Swift Vanes Gray 2.25 in. 100 pk.","KIN-1202265","Vanetec"
"246494","G5 Montec M3 BMP 100 gr. 3 pk.","KIN-1202268","G5 OUTDOORS"
"246489","G5 Striker X BMP 100 gr. 3 pk.","KIN-1202271","G5 OUTDOORS"
"246491","G5 Striker X BMP 125 gr. 3 pk.","KIN-1202272","G5 OUTDOORS"
"246490","G5 Mega Meat Replacement Blades","KIN-1202275","G5 OUTDOORS"
"246495","G5 Mega Meat Collars Standard 12 pk.","KIN-1202276","G5 OUTDOORS"
"246492","G5 Mega Meat Collars Crossbow 12 pk.","KIN-1202277","G5 OUTDOORS"
"246493","G5 Mega Meat BMP 100 gr. 3 pk.","KIN-1202280","G5 OUTDOORS"
"246496","G5 Mega Meat BMP 125 gr. 3 pk.","KIN-1202281","G5 OUTDOORS"
"251902","Excalibur Utility Pack X-Slick, Ex-Wax and Ex Oil","KIN-1202284","Excalibur"
"251905","Excalibur Micro Survival Pack Micro String, Rope Cocker and Stringing Aid","KIN-1202285","Excalibur"
"251903","Excalibur Matrix Survival Pack Matrix String, Rope Cocker and Stringing Aid","KIN-1202286","Excalibur"
"246426","Excalibur Trailblazers Broadhead 150 gr. 3 pk.","KIN-1202287","Excalibur"
"246432","Excalibur Trailblazers Broadhead 100 gr. 3 pk.","KIN-1202288","Excalibur"
"251906","Excalibur Crossbow Stringer","KIN-1202290","Excalibur"
"244730","G5 ASD Flip Replacment Pads 10 pk.","KIN-1202295","G5 OUTDOORS"
"246052","VaneTec HD Swift Vanes White 2.25 in. 100 pk.","KIN-1202301","Vanetec"
"251420","Carter NV Release 3 Finger","KIN-1202355","Carter"
"246279","Innerloc Devastation Broadhead 100 gr. 3 pk.","KIN-1202356","Innerloc"
"251155","Tru Ball eXecution Release Clinch Web Velcro Large","KIN-1202357","Tru Ball"
"251104","Tru Ball eXecution Release Clinch Web Velcro X-Large","KIN-1202358","Tru Ball"
"246339","Innerloc Devastation Broadhead 150 gr. 3 pk.","KIN-1202359","Innerloc"
"251105","Tru Ball eXecution Release Clinch Web Buckle Large","KIN-1202360","Tru Ball"
"251106","Tru Ball eXecution Release Clinch Web Buckle X-Large","KIN-1202361","Tru Ball"
"251130","Tru Ball eXecution GS Release Globo Swivel Buckle Large","KIN-1202362","Tru Ball"
"251156","Tru Ball Beast XT Hybrid Release Buckle Junior","KIN-1202366","Tru Ball"
"251107","Tru Ball Beast XT Hybrid Release Buckle Large","KIN-1202367","Tru Ball"
"251131","Tru Ball Beast XT Hybrid Release Buckle X-Large","KIN-1202368","Tru Ball"
"251108","Tru Ball Stinger XT Release Velcro Black Junior","KIN-1202369","Tru Ball"
"251157","Tru Ball Stinger XT Release Velcro Black Large","KIN-1202370","Tru Ball"
"251158","Tru Ball Stinger XT Release Buckle Black X-Large","KIN-1202371","Tru Ball"
"251161","Tru Ball Stinger XT Release Buckle Black Junior","KIN-1202372","Tru Ball"
"251132","Tru Ball Stinger XT Release Buckle Black Large","KIN-1202373","Tru Ball"
"251109","Tru Ball Stinger XT Release Velcro Black X-Large","KIN-1202374","Tru Ball"
"251133","Tru Ball Stinger XT Release Velcro Camo Junior","KIN-1202375","Tru Ball"
"251134","Tru Ball Stinger XT Release Velcro Camo Large","KIN-1202376","Tru Ball"
"251135","Tru Ball Stinger XT Release Velcro Camo X-Large","KIN-1202377","Tru Ball"
"251159","Tru Ball Stinger XT Release Buckle Camo Junior","KIN-1202378","Tru Ball"
"251136","Tru Ball Stinger XT Release Buckle Camo Large","KIN-1202379","Tru Ball"
"251110","Tru Ball Stinger XT Release Buckle Camo X-Large","KIN-1202380","Tru Ball"
"251226","Tru Ball Blade Pro Flex Release Silver/ QuickSilver Medium","KIN-1202381","Tru Ball"
"251284","Tru Ball Blade Pro Flex Release Silver/ QuickSilver Large","KIN-1202382","Tru Ball"
"251259","Tru Ball Blade Pro Flex Release Black/ QuickSilver Medium","KIN-1202383","Tru Ball"
"251278","Tru Ball Blade Pro Flex Release Black/ QuickSilver Large","KIN-1202384","Tru Ball"
"251343","Tru Ball Sweet Spot Pro Flex Release QuickSilver","KIN-1202385","Tru Ball"
"251279","Tru Ball GO2 Release Index/ Pinky Trigger","KIN-1202386","Tru Ball"
"250121","Axcel TriLock Adjustable V-Bar Mount Black","KIN-1202395","Axcel"
"250122","Axcel TriLock Adjustable Offset Mount Black","KIN-1202396","Axcel"
"250123","Axcel CenterLock Quick Disconnect 0 Degree Black","KIN-1202397","Axcel"
"250084","Axcel CenterLock Quick Disconnect 8 Degree Black","KIN-1202398","Axcel"
"250124","Axcel CenterLock Quick Disconnect 16 Degree Black","KIN-1202399","Axcel"
"250005","Axcel Kryptos Pro Adjustable Dampener Black/ Black","KIN-1202400","Axcel"
"250040","Axcel Kryptos Pro Adjustable Dampener Red/ Black","KIN-1202401","Axcel"
"250030","Axcel Kryptos Pro Adjustable Dampener Blue/ Black","KIN-1202402","Axcel"
"250031","Axcel Kryptos Pro Adjustable Dampener Green/ Black","KIN-1202403","Axcel"
"250041","Axcel Stabilizer Weight 1 oz. 1 in. Stainless Steel","KIN-1202404","Axcel"
"249979","Axcel Stabilizer Weight 1 oz. 1 in. Black Nitride SST","KIN-1202405","Axcel"
"250032","Axcel Stabilizer Weight 1 oz. 1 in. Stainless Steel 3 pk.","KIN-1202406","Axcel"
"249980","Axcel Stabilizer Weight 1 oz. 1 in. Black Nitride SST 3 pk.","KIN-1202407","Axcel"
"250042","Axcel Stabilizer Weight 2 oz. 1 in. Stainless Steel","KIN-1202408","Axcel"
"249981","Axcel Stabilizer Weight 2 oz. 1 in. Black Nitride SST","KIN-1202409","Axcel"
"250033","Axcel Stabilizer Weight 3 oz. 1 in. Stainless Steel","KIN-1202410","Axcel"
"250034","Axcel Stabilizer Weight 3 oz. 1 in. Black Nitride SST","KIN-1202411","Axcel"
"250006","Axcel Stabilizer Weight 4 oz. 1 in. Stainless Steel","KIN-1202412","Axcel"
"250043","Axcel Stabilizer Weight 4 oz. 1 in. Black Nitride SST","KIN-1202413","Axcel"
"249982","Axcel Stabilizer Weight 2 oz. 1.25 in. Stainless Steel","KIN-1202414","Axcel"
"250035","Axcel Stabilizer Weight 2 oz. 1.25 in. Black Nitride SST","KIN-1202415","Axcel"
"249983","Axcel Stabilizer Weight 4 oz. 1.25 in. Stainless Steel","KIN-1202416","Axcel"
"250036","Axcel Stabilizer Weight 4 oz. 1.25 in. Black Nitride SST","KIN-1202417","Axcel"
"249984","Axcel Stabilizer Weight 6 oz. 1.25 in. Stainless Steel","KIN-1202418","Axcel"
"250007","Axcel Stabilizer Weight 6 oz. 1.25 in. Black Nitride SST","KIN-1202419","Axcel"
"250044","Axcel Stabilizer Weight 10 oz. 1.25 in. Stainless Steel","KIN-1202420","Axcel"
"250008","Axcel Stabilizer Weight 10 oz. 1.25 in. Black Nitride SST","KIN-1202421","Axcel"
"249985","Axcel Stabilizer Weight 3 oz. 1.5 in. Stainless Steel","KIN-1202422","Axcel"
"249986","Axcel Stabilizer Weight 3 oz. 1.5 in. Black Nitride SST","KIN-1202423","Axcel"
"250009","Axcel Stabilizer Weight 4 oz. 1.75 in. Stainless Steel","KIN-1202424","Axcel"
"250010","Axcel Stabilizer Weight 4 oz. 1.75 in. Black Nitride SST","KIN-1202425","Axcel"
"250011","Axcel Stabilizer Weight 4 oz. 1.25 in. Ball Shape Stainless Steel","KIN-1202426","Axcel"
"250012","Axcel Stabilizer Weight 4 oz. 1.25 in. Ball Shape Black Nitride SST","KIN-1202427","Axcel"
"250037","Axcel Stabilizer Weight 10 oz. Stack Stainless Steel","KIN-1202428","Axcel"
"250013","Axcel Stabilizer Weight 10 oz. Stack Black Nitride SST","KIN-1202429","Axcel"
"249987","Axcel Stabilizer End Cap 0.3 oz. 1 in. Aluminum Black","KIN-1202430","Axcel"
"250045","Axcel Stabilizer Weight 0.3 oz. 1 in. Black","KIN-1202431","Axcel"
"249988","Axcel Stabilizer Weight 0.3 oz. 1 in. Silver","KIN-1202432","Axcel"
"249989","Axcel Stabilizer Weight 1.3 oz. 1.25 in Black","KIN-1202433","Axcel"
"250046","Axcel Stabilizer Weight 1.3 oz. 1.25 in Stainless","KIN-1202434","Axcel"
"249912","Axcel CarboFlax 500 Stabilizer Black 24 in.","KIN-1202435","Axcel"
"249913","Axcel CarboFlax 500 Stabilizer Black 27 in.","KIN-1202436","Axcel"
"249914","Axcel CarboFlax 500 Stabilizer Black 30 in.","KIN-1202437","Axcel"
"249891","Axcel CarboFlax 500 Stabilizer Black 33 in.","KIN-1202438","Axcel"
"249915","Axcel CarboFlax 650 Stabilizer Black 24 in.","KIN-1202439","Axcel"
"249807","Axcel CarboFlax 650 Stabilizer Black 27 in.","KIN-1202440","Axcel"
"249808","Axcel CarboFlax 650 Stabilizer Black 30 in.","KIN-1202441","Axcel"
"249853","Axcel CarboFlax 650 Stabilizer Black 33 in.","KIN-1202442","Axcel"
"249916","Axcel CarboFlax 500 Stabilizer Black 10 in.","KIN-1202443","Axcel"
"249892","Axcel CarboFlax 500 Stabilizer Black 12 in.","KIN-1202444","Axcel"
"249809","Axcel CarboFlax 500 Stabilizer Black 15 in.","KIN-1202445","Axcel"
"249893","Axcel CarboFlax 650 Stabilizer Black 10 in.","KIN-1202446","Axcel"
"249810","Axcel CarboFlax 650 Stabilizer Black 12 in.","KIN-1202447","Axcel"
"249894","Axcel CarboFlax 650 Stabilizer Black 15 in.","KIN-1202448","Axcel"
"249525","Axcel CarboFlax Hunting Stabilizer Black/ Black 8 in.","KIN-1202449","Axcel"
"249446","Axcel CarboFlax Hunting Stabilizer Gray/ Black 8 in.","KIN-1202450","Axcel"
"249447","Axcel CarboFlax Hunting Stabilizer Black/ Black 10 in.","KIN-1202451","Axcel"
"249630","Axcel CarboFlax Hunting Stabilizer Gray/ Black 10 in.","KIN-1202452","Axcel"
"251162","Tru Ball Short-N-Sweet'R Hybrid Release Clinch Web Velcro Large","KIN-1202455","Tru Ball"
"251163","Tru Ball Short-N-Sweet'R Hybrid Release Clinch Web Velcro X-Large","KIN-1202456","Tru Ball"
"251164","Tru Ball Short-N-Sweet'R Hybrid Release Clinch Web Buckle Large","KIN-1202457","Tru Ball"
"251160","Tru Ball Short-N-Sweet'R Hybrid Release Clinch Web Buckle X-Large","KIN-1202458","Tru Ball"
"251285","Tru Ball Blade Pro Release 3 Finger Purple/ Quicksilver Medium","KIN-1202461","Tru Ball"
"246560","Innerloc Devastation Replacement Blades 9 pk.","KIN-1202463","Innerloc"
"246433","Innerloc Devastation Crossbow Broadhead 100 gr. 3 pk.","KIN-1202464","Innerloc"
"246434","Innerloc Devastation Crossbow Broadhead 150 gr. 3 pk.","KIN-1202465","Innerloc"
"252352","Last Chance HS3 Hand Held Scale","KIN-1202466","Last Chance Archery"
"249154","Paradox Standard Bow Sling Olive Xtra","KIN-1202468","Paradox"
"249153","Paradox Elite Bow Sling Olive Xtra","KIN-1202469","Paradox"
"249155","Paradox Elite Custom Cobra Bow Sling Olive Xtra","KIN-1202470","Paradox"
"249158","Paradox Bow Sling Olive Xtra","KIN-1202471","Paradox"
"249156","Paradox MetL3 Bow Sling Olive Xtra","KIN-1202472","Paradox"
"249157","Paradox MetL3 Custom Cobra Bow Sling Olive Xtra","KIN-1202473","Paradox"
"249917","B-Stinger Competitor Stabilizer Black/ Silver 20 in.","KIN-1202474","Bee Stinger"
"249918","B-Stinger Competitor Stabilizer Black/ Silver 24 in.","KIN-1202475","Bee Stinger"
"249919","B-Stinger Competitor Stabilizer Black/ Silver 27 in.","KIN-1202476","Bee Stinger"
"249920","B-Stinger Competitor Stabilizer Black/ Silver 30 in.","KIN-1202477","Bee Stinger"
"249811","B-Stinger Competitor Stabilizer Black/ Silver 33 in.","KIN-1202478","Bee Stinger"
"249921","B-Stinger Competitor Stabilizer Black/ Silver 36 in.","KIN-1202479","Bee Stinger"
"249895","B-Stinger Premier Plus Countervail Stabilizer White 20 in.","KIN-1202486","Bee Stinger"
"249812","B-Stinger Premier Plus Countervail Stabilizer White 24 in.","KIN-1202487","Bee Stinger"
"249854","B-Stinger Premier Plus Countervail Stabilizer White 27 in.","KIN-1202488","Bee Stinger"
"249813","B-Stinger Premier Plus Countervail Stabilizer White 30 in.","KIN-1202489","Bee Stinger"
"249855","B-Stinger Premier Plus Countervail Stabilizer White 33 in.","KIN-1202490","Bee Stinger"
"249922","B-Stinger Premier Plus Countervail Stabilizer White 36 in.","KIN-1202491","Bee Stinger"
"249896","B-Stinger Premier Plus Countervail Stabilizer Black/ Yellow 20 in.","KIN-1202492","Bee Stinger"
"249897","B-Stinger Premier Plus Countervail Stabilizer Black/ Yellow 24 in.","KIN-1202493","Bee Stinger"
"249923","B-Stinger Premier Plus Countervail Stabilizer Black/ Yellow 27 in.","KIN-1202494","Bee Stinger"
"249814","B-Stinger Premier Plus Countervail Stabilizer Black/ Yellow 30 in.","KIN-1202495","Bee Stinger"
"249898","B-Stinger Premier Plus Countervail Stabilizer Black/ Yellow 33 in.","KIN-1202496","Bee Stinger"
"249924","B-Stinger Premier Plus Countervail Stabilizer Black/ Yellow 36 in.","KIN-1202497","Bee Stinger"
"249925","B-Stinger Premier Plus Countervail Stabilizer Gray 20 in.","KIN-1202498","Bee Stinger"
"249815","B-Stinger Premier Plus Countervail Stabilizer Gray 24 in.","KIN-1202499","Bee Stinger"
"249856","B-Stinger Premier Plus Countervail Stabilizer Gray 27 in.","KIN-1202500","Bee Stinger"
"249926","B-Stinger Premier Plus Countervail Stabilizer Gray 30 in.","KIN-1202501","Bee Stinger"
"249899","B-Stinger Premier Plus Countervail Stabilizer Gray 33 in.","KIN-1202502","Bee Stinger"
"249900","B-Stinger Premier Plus Countervail Stabilizer Gray 36 in.","KIN-1202503","Bee Stinger"
"249816","B-Stinger Premier Plus Countervail V-Bar White 10 in.","KIN-1202504","Bee Stinger"
"249857","B-Stinger Premier Plus Countervail V-Bar White 12 in.","KIN-1202505","Bee Stinger"
"249858","B-Stinger Premier Plus Countervail V-Bar White 15 in.","KIN-1202506","Bee Stinger"
"249859","B-Stinger Premier Plus Countervail V-Bar Black/ Yellow 10 in.","KIN-1202507","Bee Stinger"
"249901","B-Stinger Premier Plus Countervail V-Bar Black/ Yellow 12 in.","KIN-1202508","Bee Stinger"
"249860","B-Stinger Premier Plus Countervail V-Bar Black/ Yellow 15 in.","KIN-1202509","Bee Stinger"
"249817","B-Stinger Premier Plus Countervail V-Bar Gray 10 in.","KIN-1202510","Bee Stinger"
"249818","B-Stinger Premier Plus Countervail V-Bar Gray 12 in.","KIN-1202511","Bee Stinger"
"249927","B-Stinger Premier Plus Countervail V-Bar Gray 15 in.","KIN-1202512","Bee Stinger"
"250850","Hamskea Target Conversion Kit G-Flex","KIN-1202595","HAMSKEA"
"250851","Hamskea Target Conversion Kit Wide Stainless","KIN-1202596","HAMSKEA"
"250852","Hamskea Target Conversion Kit Contoured Accu-Guide","KIN-1202597","HAMSKEA"
"250891","Hamskea Replacmnet Knobby Limb Pad 20 pk.","KIN-1202598","HAMSKEA"
"250860","Hamskea G-Flex Launcher Blade Ultra Narrow","KIN-1202599","HAMSKEA"
"250842","Hamskea G-Flex Launcher Blade Field","KIN-1202600","HAMSKEA"
"250853","Hamskea G-Flex Launcher Blade 3D","KIN-1202601","HAMSKEA"
"250861","Hamskea G-Flex Launcher Blade Full Capture","KIN-1202602","HAMSKEA"
"248518","Hamskea Insight Clarifier A- Orange","KIN-1202603","HAMSKEA"
"249902","CBE Torx Spyder V-Bar Black 15 in.","KIN-1202676","Cbe"
"251590","Woody Wire Bowfishing Braided Line 400 lb 100 ft.","KIN-1202686","Woody Wire"
"252316","Last Chance Revolution Arrow Saw","KIN-1202797","Last Chance Archery"
"249111","Last Chance Reserve Pro","KIN-1202798","Last Chance Archery"
"250125","Last Chance Multi-Angle QD","KIN-1202799","Last Chance Archery"
"252256","Last Chance Pocket Shop","KIN-1202800","Last Chance Archery"
"252229","Last Chance Mag Strip","KIN-1202801","Last Chance Archery"
"251165","Spot Hogg Tuff Guy Release BOA Strap","KIN-1202973","Spot-Hogg"
"251111","Spot Hogg Tuff Guy Release Rigid Buckle Black","KIN-1202974","Spot-Hogg"
"251166","Spot Hogg Tuff Guy Release Realtree Strap","KIN-1202975","Spot-Hogg"
"252323","Last Chance Peel n Stick Measuring Tape","KIN-1203126","Last Chance Archery"
"252320","Last Chance Cut-Off Wheel","KIN-1203133","Last Chance Archery"
"252324","Last Chance Arrow Squaring Disc","KIN-1203134","Last Chance Archery"
"249904","Shrewd RevX Stabilizer Matte Black 8 in.","KIN-1203137","Shrewd Archery"
"249819","Shrewd RevX Stabilizer Matte Black 10 in.","KIN-1203138","Shrewd Archery"
"249928","Shrewd RevX Stabilizer Matte Black 12 in.","KIN-1203139","Shrewd Archery"
"249861","Shrewd RevX Stabilizer Matte Black 15 in.","KIN-1203140","Shrewd Archery"
"249905","Shrewd RevX Stabilizer Matte Black 26 in.","KIN-1203141","Shrewd Archery"
"249862","Shrewd RevX Stabilizer Matte Black 28 in.","KIN-1203142","Shrewd Archery"
"249929","Shrewd RevX Stabilizer Matte Black 30 in.","KIN-1203143","Shrewd Archery"
"249820","Shrewd RevX Stabilizer Matte Black 32 in.","KIN-1203144","Shrewd Archery"
"249930","Shrewd S2 Stabilizer Matte Black 8 in.","KIN-1203145","Shrewd Archery"
"249931","Shrewd S2 Stabilizer Matte Black 10 in.","KIN-1203146","Shrewd Archery"
"249932","Shrewd S2 Stabilizer Matte Black 12 in.","KIN-1203147","Shrewd Archery"
"249906","Shrewd S2 Stabilizer Matte Black 14 in.","KIN-1203148","Shrewd Archery"
"249907","Shrewd S2 Stabilizer Matte Black 26 in.","KIN-1203149","Shrewd Archery"
"249821","Shrewd S2 Stabilizer Matte Black 28 in.","KIN-1203150","Shrewd Archery"
"249822","Shrewd S2 Stabilizer Matte Black 30 in.","KIN-1203151","Shrewd Archery"
"249823","Shrewd S2 Stabilizer Matte Black 32 in.","KIN-1203152","Shrewd Archery"
"246328","SWAT A4 CP Broadhead 100 gr. 3 pk.","KIN-1203156","Swat Broadheads"
"246280","SWAT X-MAG CP Broadhead 100 gr. 3 pk.","KIN-1203157","Swat Broadheads"
"246329","SWAT A4 Mini CP Broadhead 100/ 125 gr. 3 pk.","KIN-1203158","Swat Broadheads"
"246346","SWAT VECTOR CP Broadhead 100/ 125 gr. 3 pk.","KIN-1203159","Swat Broadheads"
"246330","SWAT HYBRID Titanium Broadhead 100 gr. 3 pk.","KIN-1203160","Swat Broadheads"
"246308","SWAT MINI MAG Broadhead 100/ 125 gr. 3 pk.","KIN-1203161","Swat Broadheads"
"246331","SWAT MINI MAG CP Broadhead 100/ 125 gr. 3 pk.","KIN-1203162","Swat Broadheads"
"246332","SWAT X-MAG CP Crossbow Broadhead 100/ 125 gr. 3 pk.","KIN-1203163","Swat Broadheads"
"246281","SWAT MOAB Broadhead 100 gr. 3 pk.","KIN-1203164","Swat Broadheads"
"244121","Easton 4mm Pins #1 12 pk.","KIN-12034","Easton"
"245343","Flex Fletch Silent Knight Vanes Flo Yellow 3 in. 36 pk.","KIN-1203452","Flex Fletch"
"245344","Flex Fletch Silent Knight Vanes Blaze Orange 3 in. 36 pk.","KIN-1203453","Flex Fletch"
"245821","Flex Fletch Silent Knight Vanes White 3 in. 36 pk.","KIN-1203454","Flex Fletch"
"245822","Flex Fletch Silent Knight Vanes Red 3 in. 36 pk.","KIN-1203455","Flex Fletch"
"248983","BCY 454 Bowstring Material Neon Green 1/8 lb.","KIN-1203458","Bcy"
"248984","BCY 454 Bowstring Material Neon Orange 1/8 lb.","KIN-1203460","Bcy"
"248985","BCY 454 Bowstring Material Red 1/8 lb.","KIN-1203461","Bcy"
"248914","BCY 454 Bowstring Material Black 1/4 lb.","KIN-1203464","Bcy"
"249003","BCY 454 Bowstring Material Green/Black 1/4 lb.","KIN-1203465","Bcy"
"249004","BCY 454 Bowstring Material Neon Green 1/4 lb.","KIN-1203466","Bcy"
"249005","BCY 454 Bowstring Material Neon Orange 1/4 lb.","KIN-1203467","Bcy"
"248915","BCY 454 Bowstring Material Red 1/4 lb.","KIN-1203468","Bcy"
"249006","BCY 454 Bowstring Material Royal Blue 1/4 lb.","KIN-1203469","Bcy"
"248986","BCY 454 Bowstring Material Tan 1/4 lb.","KIN-1203470","Bcy"
"248987","BCY 454 Bowstring Material Tan/Black 1/4 lb.","KIN-1203471","Bcy"
"252400","Raxx Bow Hanger Realtree Orange","KIN-1203472","Raxx"
"252396","Raxx Bow Hanger Realtree Green","KIN-1203473","Raxx"
"252401","Raxx Crossbow Hanger Ravin","KIN-1203474","Raxx"
"252164","Lumenok Parker Style Capture Nock Unlit 6 pk.","KIN-1203475","Lumenok"
"248151","FirstString Premium String Kit Green/ Brown Bear Attitude","KIN-1203520","First String"
"248152","FirstString Premium String Kit Green/ Brown Bear Charge","KIN-1203521","First String"
"248288","FirstString Premium String Kit Green/ Brown Bear Cruzer","KIN-1203522","First String"
"248212","FirstString Premium String Kit Green/ Brown Bear Cruzer G2","KIN-1203523","First String"
"248213","FirstString Premium String Kit Green/ Brown Bowtech Carbon Icon","KIN-1203524","First String"
"248273","FirstString Premium String Kit Green/ Brown Bowtech Carbon Knight","KIN-1203525","First String"
"248153","FirstString Premium String Kit Green/ Brown Bowtech Experience","KIN-1203526","First String"
"248274","FirstString Premium String Kit Green/ Brown Bowtech Insanity CPX","KIN-1203527","First String"
"248275","FirstString Premium String Kit Green/ Brown Bowtech Reign 6/7","KIN-1203529","First String"
"248154","FirstString Premium String Kit Green/ Brown Bowtech Realm SS","KIN-1203530","First String"
"248155","FirstString Premium String Kit Green/ Brown Bowtech Realm SR6","KIN-1203531","First String"
"248214","FirstString Premium String Kit Green/ Brown Bowtech Revolt","KIN-1203532","First String"
"248289","FirstString Premium String Kit Green/ Brown Bowtech Revolt X","KIN-1203533","First String"
"248290","FirstString Premium String Kit Green/ Brown Diamond Edge SB-1","KIN-1203534","First String"
"248276","FirstString Premium String Kit Green/ Brown Diamond Infinite Edge Pro 2016","KIN-1203535","First String"
"248156","FirstString Premium String Kit Green/ Brown Diamond Deploy SB","KIN-1203536","First String"
"248215","FirstString Premium String Kit Green/ Brown PSE Brute X","KIN-1203537","First String"
"248216","FirstString Premium String Kit Green/ Brown PSE Decree HD 32","KIN-1203538","First String"
"248217","FirstString Premium String Kit Green/ Brown PSE Evolve 31","KIN-1203542","First String"
"248291","FirstString Premium String Kit Green/ Brown Elite Energy 32","KIN-1203543","First String"
"248292","FirstString Premium String Kit Green/ Brown Elite Energy 35","KIN-1203544","First String"
"248277","FirstString Premium String Kit Green/ Brown Elite Enlist","KIN-1203545","First String"
"248157","FirstString Premium String Kit Green/ Brown Elite Impulse 31","KIN-1203546","First String"
"248278","FirstString Premium String Kit Green/ Brown Elite Impulse 34","KIN-1203547","First String"
"248218","FirstString Premium String Kit Green/ Brown Elite Ritual 35","KIN-1203548","First String"
"248279","FirstString Premium String Kit Green/ Brown Elite Ritual 30","KIN-1203549","First String"
"248293","FirstString Premium String Kit Green/ Brown Elite Kure","KIN-1203550","First String"
"248158","FirstString Premium String Kit Green/ Brown Hoyt Faktor 30 #2 Cam","KIN-1203551","First String"
"248219","FirstString Premium String Kit Green/ Brown Hoyt Faktor 34 #2 Cam","KIN-1203553","First String"
"248159","FirstString Premium String Kit Green/ Brown Hoyt Faktor 34 #3 Cam","KIN-1203554","First String"
"248294","FirstString Premium String Kit Green/ Brown Hoyt PowerMax #2 Cam","KIN-1203555","First String"
"248295","FirstString Premium String Kit Green/ Brown Hoyt PowerMax #3 Cam","KIN-1203556","First String"
"248296","FirstString Premium String Kit Green/ Brown Hoyt Rampage XT #2 Cam","KIN-1203557","First String"
"248297","FirstString Premium String Kit Green/ Brown Hoyt Rampage XT #3 Cam","KIN-1203558","First String"
"248280","FirstString Premium String Kit Green/ Brown Hoyt RX3 #2 Cam","KIN-1203559","First String"
"248281","FirstString Premium String Kit Green/ Brown Hoyt RX3 #3 Cam","KIN-1203560","First String"
"248282","FirstString Premium String Kit Green/ Brown Hoyt RX3 Ultra #2 Cam","KIN-1203561","First String"
"248220","FirstString Premium String Kit Green/ Brown Hoyt RX3 Ultra #3 Cam","KIN-1203562","First String"
"248298","FirstString Premium String Kit Green/ Brown Hoyt RX4 Alpha #2 Cam","KIN-1203563","First String"
"248299","FirstString Premium String Kit Green/ Brown Hoyt RX4 Alpha #3 Cam","KIN-1203564","First String"
"251260","Carter EZ Release Orange 3 Finger","KIN-1203572","Carter"
"251227","Carter EZ Release Gray 3 Finger Small","KIN-1203581","Carter"
"249078","Brownell Diamondback Serving Black/ Green .018","KIN-1203583","Brownell"
"248916","Brownell B50 String Material Dark Brown 1/4 lb.","KIN-1203584","Brownell"
"248950","Brownell B50 String Material Hunter Green 1/4 lb.","KIN-1203585","Brownell"
"248988","Brownell FastFlight Plus Red 1/4lb","KIN-1203587","Brownell"
"248989","Brownell FastFlight Plus Flo Green 1/4 lb","KIN-1203589","Brownell"
"246562","Swhacker Levi Morgan Series Replacement Blades 2 in. Blade 100 gr. 6 pk.","KIN-1204066","Swhacker"
"251334","Carter Evolution 20 Release 3 Finger","KIN-1204319","Carter"
"246197","G5 Montec M3 Broadhead 125 gr 3 pk.","KIN-1204908","G5 OUTDOORS"
"246497","G5 Montec M3 BMP Practice Point 125 gr 3 pk.","KIN-1204909","G5 OUTDOORS"
"246430","G5 Montec M3 Crossbow Broadheads 125 gr. 3 pk.","KIN-1204910","G5 OUTDOORS"
"250563","G5 Head Loc Quiver Tree Mount Black","KIN-1204911","G5 OUTDOORS"
"251918","Excalibur TwinStrike Stringing Aid","KIN-1205562","Excalibur"
"251866","Excalibur Rebolt Quiver Package Black","KIN-1205606","Excalibur"
"246121","Excalibur BoltCutter Broadheads 125 gr. 3 pk.","KIN-1205609","Excalibur"
"246153","Excalibur Trailblazers Broadhead 125 gr. 3 pk.","KIN-1205610","Excalibur"
"252259","Last Chance ReachIt Wrench 24 in 1 Tool","KIN-1205614","Last Chance Archery"
"245545","TAC Vanes Summit Vanes OD Green 2 in. 36 pk.","KIN-1205616","Tac Vanes"
"245345","TAC Vanes Summit Vanes Tan 2 in. 36 pk.","KIN-1205617","Tac Vanes"
"245346","TAC Vanes Summit Vanes OD Green 2 in. 100 pk.","KIN-1205618","Tac Vanes"
"245546","TAC Vanes Summit Vanes Tan 2 in. 100 pk.","KIN-1205619","Tac Vanes"
"245347","TAC Vanes Matrix Vanes OD Green 2 in. 36 pk.","KIN-1205620","Tac Vanes"
"245830","TAC Vanes Matrix Vanes Tan 2 in. 36 pk.","KIN-1205621","Tac Vanes"
"245741","TAC Vanes Matrix Vanes OD Green 2 in. 100 pk.","KIN-1205622","Tac Vanes"
"245742","TAC Vanes Matrix Vanes Tan 2 in. 100 pk.","KIN-1205623","Tac Vanes"
"245743","TAC Vanes Matrix Vanes OD Green 2.25 in. 36 pk.","KIN-1205624","Tac Vanes"
"245831","TAC Vanes Matrix Vanes Tan 2.25 in. 36 pk.","KIN-1205625","Tac Vanes"
"245832","TAC Vanes Matrix Vanes OD Green 2.25 in. 100 pk.","KIN-1205626","Tac Vanes"
"245833","TAC Vanes Matrix Vanes Tan 2.25 in. 100 pk.","KIN-1205627","Tac Vanes"
"245547","TAC Vanes Driver Vanes OD Green 2.25 in. 36 pk.","KIN-1205628","Tac Vanes"
"245834","TAC Vanes Driver Vanes Tan 2.25 in. 36 pk.","KIN-1205629","Tac Vanes"
"245548","TAC Vanes Driver Vanes OD Green 2.25 in. 100 pk.","KIN-1205630","Tac Vanes"
"245835","TAC Vanes Driver Vanes Tan 2.25 in. 100 pk.","KIN-1205631","Tac Vanes"
"245744","TAC Vanes Driver Vanes OD Green 2.75 in. 36 pk.","KIN-1205632","Tac Vanes"
"245745","TAC Vanes Driver Vanes Tan 2.75 in. 36 pk.","KIN-1205633","Tac Vanes"
"245836","TAC Vanes Driver Vanes OD Green 2.75 in. 100 pk.","KIN-1205634","Tac Vanes"
"245837","TAC Vanes Driver Vanes Tan 2.75 in. 100 pk.","KIN-1205635","Tac Vanes"
"245838","TAC Vanes Driver Vanes OD Green 3.75 in. 36 pk.","KIN-1205636","Tac Vanes"
"245839","TAC Vanes Driver Vanes Tan 3.75 in. 36 pk.","KIN-1205637","Tac Vanes"
"245549","TAC Vanes Driver Vanes OD Green 3.75 in. 100 pk.","KIN-1205638","Tac Vanes"
"245746","TAC Vanes Driver Vanes Tan 3.75 in. 100 pk.","KIN-1205639","Tac Vanes"
"245130","TAC Vanes Arrow Specific Wraps White Size A 3.625 13 pk.","KIN-1205640","Tac Vanes"
"245099","TAC Vanes Arrow Specific Wraps White Size B 4.625 13 pk.","KIN-1205641","Tac Vanes"
"245179","TAC Vanes Arrow Specific Wraps White Size C 4.675 13 pk.","KIN-1205642","Tac Vanes"
"245131","TAC Vanes Arrow Specific Wraps White Size D 4.675 13 pk.","KIN-1205643","Tac Vanes"
"245180","TAC Vanes Arrow Specific Wraps White Size E 4.675 13 pk.","KIN-1205644","Tac Vanes"
"245100","TAC Vanes Arrow Specific Wraps White Size F 5.5 13 pk.","KIN-1205645","Tac Vanes"
"245156","TAC Vanes Arrow Specific Wraps White Size G 5.5 13 pk.","KIN-1205646","Tac Vanes"
"245101","TAC Vanes Arrow Specific Wraps White Size H 5.5 13 pk.","KIN-1205647","Tac Vanes"
"245102","TAC Vanes Arrow Specific Wraps White Size I 5.5 13 pk.","KIN-1205648","Tac Vanes"
"246282","SWAT Juggernaut Broadheads 100/125 gr. 3 pk.","KIN-1205649","Swat Broadheads"
"246600","SWAT Chopper Broadheads 180 gr. 3 pk.","KIN-1205650","Swat Broadheads"
"246596","SWAT Turkey Vector Broadhead 100 gr. 3 pk.","KIN-1205651","Swat Broadheads"
"246347","SWAT MAG X4 Broadheads 100 gr. 3 pk.","KIN-1205652","Swat Broadheads"
"251965","Killer Instinct Lighted Hypr Crossbow Bolts 20 in. 3 pk.","KIN-1205762","Killer Instinct"
"251966","Killer Instinct Lighted Hypr Lite Crossbow Bolts 20 in. 3 pk.","KIN-1205763","Killer Instinct"
"251990","Killer Instinct Hypr SWAT Crossbow Bolts 22 in. 6 pk.","KIN-1205764","Killer Instinct"
"251824","Killer Instinct DSC Compact Crossbow Crank Narrow Sled","KIN-1205765","Killer Instinct"
"251817","Killer Instinct DSC Compact Crossbow Crank Wide Sled","KIN-1205766","Killer Instinct"
"246580","Titan Broadhead Caddy Gray and Orange","KIN-1205949","Titan"
"244327","Titan Bullet Points 21/64 in. 100 gr. 12 pk.","KIN-1205951","Titan"
"244277","Titan Bullet Points 17/64 in. 100 gr. 12 pk.","KIN-1205952","Titan"
"244328","Titan Bullet Points 5/16 in. 100 gr. 12 pk.","KIN-1205953","Titan"
"244231","Titan Bullet Points 11/32 in. 100 gr. 12 pk.","KIN-1205954","Titan"
"244329","Titan Bullet Points 5/16 in. 125 gr. 12 pk.","KIN-1205955","Titan"
"244330","Titan Bullet Points 11/32 in. 125 gr. 12 pk.","KIN-1205956","Titan"
"244331","Titan Bullet Points 9/32 in. 100 gr. 12 pk.","KIN-1205957","Titan"
"244332","Titan Bullet Points 9/32 in. 85 gr. 12 pk.","KIN-1205958","Titan"
"244232","Titan Bullet Points 9/32 in. 125 gr. 12 pk.","KIN-1205959","Titan"
"246154","Velox Photon Broadheads 100 gr. 3 pk.","KIN-1205960","Velox"
"246198","Velox Photon Broadheads 125 gr. 3 pk.","KIN-1205961","Velox"
"248951","Brownell Rampage Bowstring Material Black 1/4 lb.","KIN-1206652","Brownell"
"249007","Brownell Vantage Bowstring Material Black 1/4 lb.","KIN-1206653","Brownell"
"248952","Brownell Rampage Bowstring Material Black 1/8 lb.","KIN-1206654","Brownell"
"248917","Brownell Rampage Bowstring Material Grey 1/8 lb.","KIN-1206655","Brownell"
"248990","Brownell Rampage Bowstring Material Medium Brown 1/8 lb.","KIN-1206656","Brownell"
"248918","Brownell B50 Bowstring Material Black 1 lb.","KIN-1206657","Brownell"
"249045","Brownell Fast Flight Braided Center Serving Black .026 75 yd.","KIN-1206658","Brownell"
"249079","Brownell Diamondback Serving White and Black .018 120 yd.","KIN-1206659","Brownell"
"249061","Brownell Diamondback Serving Black .018 120 yd.","KIN-1206660","Brownell"
"249080","Brownell Diamondback Serving White and Black .022 75 yd.","KIN-1206661","Brownell"
"248919","Brownell Rampage Bowstring Material Fluorescent Green 1/8 lb.","KIN-1206662","Brownell"
"249046","Brownell Diamondback Serving White and Black .026 65 yd.","KIN-1206663","Brownell"
"249008","Brownell Vantage Bowstring Material Black 1/8 lb.","KIN-1206664","Brownell"
"249009","Brownell Rampage Bowstring Material Dark Brown 1/8 lb.","KIN-1206665","Brownell"
"249081","Brownell Bullwhip Serving Black .014 125 yd.","KIN-1206666","Brownell"
"249010","Brownell Rampage Bowstring Material Hunter Green 1/8 lb.","KIN-1206667","Brownell"
"249062","Brownell 1D Twisted Serving Red .019 100 yd.","KIN-1206668","Brownell"
"249047","Brownell 1D Twisted Serving Hunter Green .019 100 yd.","KIN-1206669","Brownell"
"249011","Brownell Rampage Bowstring Material Red 1/8 lb.","KIN-1206670","Brownell"
"244009","NAP Thunderglo Lighted Crossbow Nocks Red Universal Fit 3 pk.","KIN-1206809","Natures Essence"
"242546","Victory VAP SS Elite Arrows 250 2 in. Vanes 6 pk.","KIN-1206818","Victory"
"242224","Victory VAP SS Gamer Arrows 250 2 in. Vanes 6 pk.","KIN-1206819","Victory"
"242225","Victory VAP SS Sport Arrows 250 2 in. Vanes 6 pk.","KIN-1206820","Victory"
"242514","Victory VAP Elite Arrows 250 Blazer Vanes 6 pk.","KIN-1206826","Victory"
"242226","Victory VAP Gamer Arrows 250 Blazer Vanes 6 pk.","KIN-1206827","Victory"
"242547","Victory VAP Sport Arrows 250 Raptor Vanes 6 pk.","KIN-1206828","Victory"
"242227","Victory VAP Sport Arrows 300 Raptor Vanes 6 pk.","KIN-1206829","Victory"
"242228","Victory RIP TKO Elite Low Torque Arrows 250 2 in. Vanes 6 pk.","KIN-1206839","Victory"
"242229","Victory RIP TKO Elite Low Torque Arrows 300 2 in. Vanes 6 pk.","KIN-1206841","Victory"
"242548","Victory RIP TKO Elite Low Torque Arrows 350 2 in. Vanes 6 pk.","KIN-1206842","Victory"
"242355","Victory RIP TKO Elite Low Torque Arrows 400 2 in. Vanes 6 pk.","KIN-1206843","Victory"
"242515","Victory RIP TKO Gamer Low Torque Arrows 250 2 in. Vanes 6 pk.","KIN-1206844","Victory"
"242356","Victory RIP TKO Gamer Low Torque Arrows 300 2 in. Vanes 6 pk.","KIN-1206845","Victory"
"242357","Victory RIP TKO Gamer Low Torque Arrows 350 2 in. Vanes 6 pk.","KIN-1206846","Victory"
"242358","Victory RIP TKO Gamer Low Torque Arrows 400 2 in. Vanes 6 pk.","KIN-1206847","Victory"
"242230","Victory RIP TKO Sport Low Torque Arrows 250 2 in. Vanes 6 pk.","KIN-1206848","Victory"
"242359","Victory RIP TKO Sport Low Torque Arrows 300 2 in. Vanes 6 pk.","KIN-1206849","Victory"
"242231","Victory RIP TKO Sport Low Torque Arrows 350 2 in. Vanes 6 pk.","KIN-1206850","Victory"
"242232","Victory RIP TKO Sport Low Torque Arrows 400 2 in. Vanes 6 pk.","KIN-1206851","Victory"
"242360","Victory RIP Elite Arrows 300 2 in. Vanes 6 pk.","KIN-1206852","Victory"
"242549","Victory RIP Elite Arrows 350 2 in. Vanes 6 pk.","KIN-1206853","Victory"
"242516","Victory RIP Elite Arrows 400 2 in. Vanes 6 pk.","KIN-1206854","Victory"
"242550","Victory RIP Elite Arrows 500 2 in. Vanes 6 pk.","KIN-1206855","Victory"
"242551","Victory RIP Gamer Arrows 300 2 in. Vanes 6 pk.","KIN-1206856","Victory"
"242552","Victory RIP Gamer Arrows 350 2 in. Vanes 6 pk.","KIN-1206857","Victory"
"242553","Victory RIP Gamer Arrows 400 2 in. Vanes 6 pk.","KIN-1206858","Victory"
"242233","Victory RIP Gamer Arrows 500 2 in. Vanes 6 pk.","KIN-1206859","Victory"
"242554","Victory RIP Sport Arrows 300 2 in. Vanes 6 pk.","KIN-1206860","Victory"
"242234","Victory RIP Sport Arrows 350 2 in. Vanes 6 pk.","KIN-1206861","Victory"
"242555","Victory RIP Sport Arrows 400 2 in. Vanes 6 pk.","KIN-1206862","Victory"
"242361","Victory RIP Sport Arrows 500 2 in. Vanes 6 pk.","KIN-1206863","Victory"
"242517","Victory RIP XV Elite Arrows 250 2 in. Vanes 6 pk.","KIN-1206864","Victory"
"242518","Victory RIP XV Elite Arrows 300 2 in. Vanes 6 pk.","KIN-1206870","Victory"
"242519","Victory RIP XV Elite Arrows 350 2 in. Vanes 6 pk.","KIN-1206871","Victory"
"242362","Victory RIP XV Elite Arrows 400 2 in. Vanes 6 pk.","KIN-1206872","Victory"
"242556","Victory RIP XV Elite Arrows 500 2 in. Vanes 6 pk.","KIN-1206873","Victory"
"242235","Victory RIP XV Gamer Arrows 250 Blazer Vanes 6 pk.","KIN-1206874","Victory"
"242557","Victory RIP XV Gamer Arrows 500 Blazer Vanes 6 pk.","KIN-1206875","Victory"
"242236","Victory VForce TKO Gamer Low Torque Arrows 300 2 in. Vanes 6 pk.","KIN-1206876","Victory"
"242558","Victory VForce TKO Gamer Low Torque Arrows 350 2 in. Vanes 6 pk.","KIN-1206877","Victory"
"242559","Victory VForce TKO Gamer Low Torque Arrows 400 2 in. Vanes 6 pk.","KIN-1206878","Victory"
"242520","Victory VForce TKO Sport Low Torque Arrows 300 2 in. Vanes 6 pk.","KIN-1206879","Victory"
"242363","Victory VForce TKO Sport Low Torque Arrows 350 2 in. Vanes 6 pk.","KIN-1206880","Victory"
"242560","Victory VForce TKO Sport Low Torque Arrows 400 2 in. Vanes 6 pk.","KIN-1206881","Victory"
"242521","Victory VForce Elite Arrows 250 2 in. Vanes 6 pk.","KIN-1206882","Victory"
"242522","Victory VForce Elite Arrows 300 2 in. Vanes 6 pk.","KIN-1206883","Victory"
"242561","Victory VForce Elite Arrows 350 2 in. Vanes 6 pk.","KIN-1206884","Victory"
"242523","Victory VForce Elite Arrows 400 2 in. Vanes 6 pk.","KIN-1206885","Victory"
"242237","Victory VForce Elite Arrows 500 2 in. Vanes 6 pk.","KIN-1206886","Victory"
"242524","Victory VForce Gamer Arrows 250 2 in. Vanes 6 pk.","KIN-1206887","Victory"
"242364","Victory VForce Sport Arrows 250 2 in. Vanes 6 pk.","KIN-1206888","Victory"
"242525","Victory VForce Sport Arrows 350 4 in. Feathers 6 pk.","KIN-1206889","Victory"
"242526","Victory VForce Sport Arrows 400 4 in. Feathers 6 pk.","KIN-1206890","Victory"
"242527","Victory VForce Sport Arrows 500 4 in. Feathers 6 pk.","KIN-1206891","Victory"
"242365","Victory VForce Sport Arrows 600 4 in. Feathers 6 pk.","KIN-1206892","Victory"
"242562","Victory Carbon Trad Gamer Arrows 350 4 in. Feathers 6 pk.","KIN-1206893","Victory"
"242238","Victory Carbon Trad Gamer Arrows 450 4 in. Feathers 6 pk.","KIN-1206894","Victory"
"242563","Victory Carbon Trad Gamer Arrows 550 4 in. Feathers 6 pk.","KIN-1206895","Victory"
"242564","Victory Carbon Trad Gamer Arrows 650 4 in. Feathers 6 pk.","KIN-1206896","Victory"
"242565","Victory Carbon Trad Sport Arrows 650 4 in. Feathers 6 pk.","KIN-1206897","Victory"
"252031","Victory Voodoo Stainless Steel Bolts 350 2 in. Vanes 3 pk.","KIN-1206898","Victory"
"242566","Victory RIP TKO Elite Low Torque Shafts 250 1 Doz.","KIN-1206901","Victory"
"242366","Victory RIP TKO Elite Low Torque Shafts 400 1 Doz.","KIN-1206902","Victory"
"242567","Victory RIP TKO Gamer Low Torque Shafts 250 1 Doz.","KIN-1206903","Victory"
"242367","Victory RIP TKO Gamer Low Torque Shafts 400 1 Doz.","KIN-1206904","Victory"
"243776","Victory VForce/VForce TKO Stainless Steel Inserts 33 gr. 12 pk.","KIN-1206905","Victory"
"244657","Victory Screw in Back Weights .204 Dia. 10 gr. 12 pk.","KIN-1206907","Victory"
"244658","Victory Screw in Back Weights .204 Dia. 20 gr. 12 pk.","KIN-1206908","Victory"
"244659","Victory Screw in Back Weights .204 Dia. 50 gr. 12 pk.","KIN-1206909","Victory"
"244660","Victory Screw in Back Weights .245 Dia. 10 gr. 12 pk.","KIN-1206910","Victory"
"244651","Victory Screw in Back Weights .245 Dia. 20 gr. 12 pk.","KIN-1206911","Victory"
"244656","Victory Screw in Back Weights .245 Dia. 50 gr. 12 pk.","KIN-1206912","Victory"
"252276","Victory Backweight Wrench","KIN-1206913","Victory"
"243923","Victory VForce/VForce TKO Press Fit Nocks Blue 12 pk.","KIN-1206914","Victory"
"243918","Victory VForce/VForce TKO Press Fit Nocks White 12 pk.","KIN-1206915","Victory"
"243840","Victory VForce/VForce TKO Press Fit Nocks Green 12 pk.","KIN-1206916","Victory"
"243919","Victory VForce/VForce TKO Press Fit Nocks Orange 12 pk.","KIN-1206917","Victory"
"243882","Victory VForce/VForce TKO Press Fit Nocks Yellow 12 pk.","KIN-1206918","Victory"
"243920","Victory VForce/VForce TKO Press Fit Nocks Red 12 pk.","KIN-1206919","Victory"
"243924","Victory VForce/VForce TKO Press Fit Nocks Black 12 pk.","KIN-1206920","Victory"
"243841","Victory Bohning Double Lock VForce/VForce TKO Nock Apricot 12 pk.","KIN-1206921","Victory"
"243843","Victory Bohning Double Lock VForce/VForce TKO Nock Neon Red 12 pk.","KIN-1206925","Victory"
"243921","Victory Bohning Double Lock VForce/VForce TKO Nock Rose 12 pk.","KIN-1206926","Victory"
"243844","Victory VAP/VAP TKO/VAP-SS Press Fit Nock Black 12 pk.","KIN-1206927","Victory"
"243922","Victory 3DHV/RIP Press Fit Nock Blue 12 pk.","KIN-1206928","Victory"
"243845","Victory 3DHV/RIP Press Fit Nock White 12 pk.","KIN-1206929","Victory"
"243846","Victory 3DHV/RIP Press Fit Nock Green 12 pk.","KIN-1206930","Victory"
"243847","Victory 3DHV/RIP Press Fit Nock Orange 12 pk.","KIN-1206931","Victory"
"243884","Victory 3DHV/RIP Press Fit Nock Yellow 12 pk.","KIN-1206932","Victory"
"243925","Victory 3DHV/RIP Press Fit Nock Red 12 pk.","KIN-1206933","Victory"
"243848","Victory 3DHV/RIP Press Fit Nock Black 12 pk.","KIN-1206934","Victory"
"244071","Victory Pin Nocks Apricot 12 pk.","KIN-1206935","Victory"
"244122","Victory VXT Taper Pin Bushing","KIN-1206940","Victory"
"244539","Victory VAP Glue in Bullet Point 80-100 gr. 12 pk.","KIN-1206941","Victory"
"244473","Victory VAP Glue in Bullet Point 120-140 gr. 12 pk.","KIN-1206942","Victory"
"244540","Victory VAP Glue in Bullet Point 80-100 gr. 12 pk.","KIN-1206943","Victory"
"244528","Victory VXT/VAP/TKO Glue in Bullet Point 80-100 gr. 12 pk.","KIN-1206944","Victory"
"244541","Victory VXT/VAP/TKO Glue in Bullet Point 120-140 gr. 12 pk.","KIN-1206945","Victory"
"244529","Victory VXT/VAP/TKO Glue in Bullet Point 80-100 gr. 12 pk.","KIN-1206946","Victory"
"244542","Victory VXT/VAP/TKO Glue in Bullet Point 120-140 gr. 12 pk.","KIN-1206947","Victory"
"244543","Victory VXT Tungsten Glue in Target Point 80-140 gr. 12 pk.","KIN-1206948","Victory"
"248991","Brownell Vantage Bowstring Material Grey 1/8 lb.","KIN-1206949","Brownell"
"248920","Brownell Vantage Bowstring Material Medium Brown 1/8 lb.","KIN-1206950","Brownell"
"248921","Brownell Vantage Bowstring Material Dark Brown 1/8 lb.","KIN-1206951","Brownell"
"248953","Brownell Vantage Bowstring Material Hunter Green 1/8 lb.","KIN-1206952","Brownell"
"249012","Brownell Vantage Bowstring Material Red 1/8 lb.","KIN-1206953","Brownell"
"248922","Brownell Vantage Bowstring Material Fluorescent Green 1/8 lb.","KIN-1206954","Brownell"
"249013","Brownell Rhino Bowstring Material Black 1/8 lb.","KIN-1206955","Brownell"
"249014","Brownell Rhino Bowstring Material Grey 1/8 lb.","KIN-1206956","Brownell"
"249015","Brownell Rhino Bowstring Material Medium Brown 1/8 lb.","KIN-1206957","Brownell"
"248992","Brownell Rhino Bowstring Material Dark Brown 1/8 lb.","KIN-1206958","Brownell"
"248923","Brownell Rhino Bowstring Material Hunter Green 1/8 lb.","KIN-1206959","Brownell"
"248954","Brownell Rhino Bowstring Material Red 1/8 lb.","KIN-1206960","Brownell"
"249016","Brownell Rhino Bowstring Material Fluorescent Green 1/8 lb.","KIN-1206961","Brownell"
"248955","Brownell Fast Flight Plus Bowstring Material Black 1/8 lb.","KIN-1206962","Brownell"
"249017","Brownell Fast Flight Plus Bowstring Material Fluorescent Green 1/8 lb.","KIN-1206963","Brownell"
"248924","Brownell Fast Flight Plus Bowstring Material Medium Brown 1/8 lb.","KIN-1206964","Brownell"
"249018","Brownell Fast Flight Plus Bowstring Material Dark Brown 1/8 lb.","KIN-1206965","Brownell"
"249019","Brownell Fast Flight Plus Bowstring Material Hunter Green 1/8 lb.","KIN-1206966","Brownell"
"249020","Brownell Fast Flight Plus Bowstring Material Grey 1/8 lb.","KIN-1206967","Brownell"
"249021","Brownell B50 Bowstring Material Brown 1/4 lb.","KIN-1206968","Brownell"
"249022","Brownell B50 Bowstring Material Yellow 1/4 lb.","KIN-1206969","Brownell"
"248993","Brownell B50 Bowstring Material Blue 1/4 lb.","KIN-1206970","Brownell"
"248994","Brownell B50 Bowstring Material Bronze 1/4 lb.","KIN-1206971","Brownell"
"248995","Brownell B50 Bowstring Material Dark Brown 1/4 lb.","KIN-1206972","Brownell"
"248996","Brownell B50 Bowstring Material Fluorescent Green1/4 lb.","KIN-1206973","Brownell"
"249023","Brownell B50 Bowstring Material Fluorescent Orange 1/4 lb.","KIN-1206974","Brownell"
"248997","Brownell B50 Bowstring Material Fluorescent Pink 1/4 lb.","KIN-1206975","Brownell"
"248925","Brownell B50 Bowstring Material Fluorescent Yellow 1/4 lb.","KIN-1206976","Brownell"
"248998","Brownell B50 Bowstring Material Grey 1/4 lb.","KIN-1206977","Brownell"
"248926","Brownell B50 Bowstring Material Silver 1/4 lb.","KIN-1206978","Brownell"
"248956","Brownell B50 Bowstring Material Medium Brown 1/4 lb.","KIN-1206979","Brownell"
"249024","Brownell B50 Bowstring Material Purple 1/4 lb.","KIN-1206980","Brownell"
"248957","Brownell B50 Bowstring Material Red 1/4 lb.","KIN-1206981","Brownell"
"249048","Brownell Mini Serving Black .015 139 yd.","KIN-1206982","Brownell"
"246334","Innerloc Devastation Broadhead 125 gr. 3 pk.","KIN-1207036","Innerloc"
"246400","Innerloc Devastation Crossbow Broadhead 125 gr. 3 pk.","KIN-1207037","Innerloc"
"242368","Nexxus Infinity Arrows 250 3 in. q2i Fusion Vanes 6 pk.","KIN-1207038","Nextorch"
"242239","Nexxus Infinity Arrows 300 3 in. q2i Fusion Vanes 6 pk.","KIN-1207039","Nexxus"
"242528","Nexxus Infinity Arrows 350 3 in. q2i Fusion Vanes 6 pk.","KIN-1207040","Nexxus"
"242529","Nexxus Infinity Arrows 400 3 in. q2i Fusion Vanes 6 pk.","KIN-1207041","Nexxus"
"243695","Nexxus Alloy Outserts 250 12 pk.","KIN-1207042","Nexxus"
"243691","Nexxus Alloy Outserts 300 12 pk.","KIN-1207043","Nexxus"
"243696","Nexxus Alloy Outserts 350 12 pk.","KIN-1207044","Nexxus"
"243692","Nexxus Alloy Outserts 400 12 pk.","KIN-1207045","Nexxus"
"243684","Nexxus Titanium Outserts 250 12 pk.","KIN-1207048","Nexxus"
"243697","Nexxus Titanium Outserts 300 12 pk.","KIN-1207049","Nexxus"
"243693","Nexxus Titanium Outserts 350 12 pk.","KIN-1207050","Nexxus"
"243694","Nexxus Titanium Outserts 400 12 pk.","KIN-1207051","Nexxus"
"252398","Raxx Crossbow Hanger Tenpoint","KIN-1207109","Raxx"
"252399","Raxx Crossbow Hanger Mission","KIN-1207110","Raxx"
"249526","Mathews Flatline Stabilizer Green Ambush 6 in.","KIN-1207203","MATHEWS"
"249622","Mathews Flatline Stabilizer Green Ambush 8 in.","KIN-1207204","MATHEWS"
"249527","Mathews Flatline Stabilizer Green Ambush 10 in.","KIN-1207205","MATHEWS"
"249623","Mathews Flatline Stabilizer Green Ambush 12 in.","KIN-1207206","MATHEWS"
"250173","Mathews Arrow Web HD Quiver Elevated II 6 Arrow","KIN-1207207","MATHEWS"
"250204","Mathews Arrow Web HD Quiver Subalpine 6 Arrow","KIN-1207208","MATHEWS"
"250174","Mathews Arrow Web HD Quiver Green Ambush 4 Arrow","KIN-1207209","MATHEWS"
"250205","Mathews Arrow Web HD Quiver Green Ambush 6 Arrow","KIN-1207210","MATHEWS"
"250260","Mathews Q-Lite Quiver Green Ambush 6 Arrow RH","KIN-1207211","MATHEWS"
"247197","Zebra Trophy String Black V3 27","KIN-1207235","ZEBRA"
"247475","Zebra Trophy Split Cable Black V3 27","KIN-1207236","ZEBRA"
"247265","Zebra Trophy String Black V3 31","KIN-1207237","ZEBRA"
"247511","Zebra Trophy Split Cable Black V3 31","KIN-1207238","ZEBRA"
"247266","Zebra Trophy String Black ATLAS","KIN-1207239","ZEBRA"
"247451","Zebra Trophy Split Cable Black ATLAS","KIN-1207240","ZEBRA"
"247452","Zebra Trophy Yokes Black V3 27, V3, ATLAS","KIN-1207241","ZEBRA"
"245273","Flex Fletch Zing Fletching Combo Primer Pen and Zing Kling","KIN-1207364","Flex Fletch"
"245256","Flex Fletch Zing Kling Glue .7oz","KIN-1207365","Flex Fletch"
"245550","Flex Fletch Silent Knight Vanes Flo Green 3 in. 36 pk.","KIN-1207366","Flex Fletch"
"251056","Bateman Leather Bow Carrier Brown","KIN-1207461","Bateman"
"251057","Bateman Leather Bow Carrier Black","KIN-1207462","Bateman"
"251058","Bateman Leather Bow Holster Brown","KIN-1207463","Bateman"
"251059","Bateman Leather Bow Holster Black","KIN-1207464","Bateman"
"250556","Bateman Deluxe Leather Pocket Quiver Brown","KIN-1207465","Bateman"
"251086","Bateman Traditional String Keeper Brown","KIN-1207466","Bateman"
"250515","Bateman CT Leather Target Hip Quiver Black 3 Slot RH","KIN-1207467","Bateman"
"250522","Bateman CT Leather Target Hip Quiver Black 4 Slot RH","KIN-1207468","Bateman"
"250516","Bateman Superwear Custom Target Hip Quiver Black 3 Slot RH","KIN-1207469","Bateman"
"250517","Bateman Superwear Custom Target Hip Quiver Brown 3 Slot RH","KIN-1207470","Bateman"
"250518","Bateman Superwear Custom Target Hip Quiver Brown 1 Slot RH","KIN-1207471","Bateman"
"250519","Bateman Superwear Custom Target Hip Quiver Black 1 Slot RH","KIN-1207472","Bateman"
"250520","Bateman Superwear RQ Target Hip Quiver Camo RH/LH","KIN-1207473","Bateman"
"250521","Bateman Superwear RQ Target Hip Quiver Black RH/LH","KIN-1207474","Bateman"
"246348","Vortex American Archer Broadheads 100 gr. 2 in. 3 pk.","KIN-1207490","Vortex Broadheads"
"248408","FirstString Premium String Kit Green/ Brown Bowtech Carbon Cure","KIN-1207730","First String"
"248409","FirstString Premium String Kit Green/ Brown Mission Craze","KIN-1207731","First String"
"248410","FirstString Premium String Kit Green/ Brown Mission Craze II","KIN-1207732","First String"
"248411","FirstString Premium String Kit Green/ Brown Mathews Prima","KIN-1207733","First String"
"248412","FirstString Premium String Kit Green/ Brown Mathews Traverse","KIN-1207734","First String"
"248413","FirstString Premium String Kit Green/ Brown Mathews Vertix","KIN-1207735","First String"
"248414","FirstString Premium String Kit Green/ Brown Mathews Triax","KIN-1207736","First String"
"248415","FirstString Premium String Kit Green/ Brown Mathews Halon 30","KIN-1207737","First String"
"248416","FirstString Premium String Kit Green/ Brown Mathews Halon 32","KIN-1207738","First String"
"248417","FirstString Premium String Kit Green/ Brown Mathews Halon X","KIN-1207739","First String"
"248418","FirstString Premium String Kit Green/ Brown Mathews VXR 28","KIN-1207740","First String"
"248419","FirstString Premium String Kit Green/ Brown Mathews VXR 31.5","KIN-1207741","First String"
"248420","FirstString Premium String Kit Green/ Brown Mathews V3 27","KIN-1207742","First String"
"248421","FirstString Premium String Kit Green/ Brown Mathews V3 31","KIN-1207743","First String"
"251878","Excalibur R.E.D.S Suppressors For TwinStrike Series","KIN-1208312","Excalibur"
"251879","Excalibur R.E.D.S Suppressors For MAG Series","KIN-1208313","Excalibur"
"247887","Excalibur Ceasefire String","KIN-1208314","Excalibur"
"251955","Killer Instinct HYPR KE Crossbow Bolts 20 in. 6 pk.","KIN-1208332","Killer Instinct"
"246455","Killer Instinct KillerTech Broadhead 100 gr. 3 pk.","KIN-1208334","Killer Instinct"
"246456","Killer Instinct KillerTech Broadhead 125 gr. 3 pk.","KIN-1208335","Killer Instinct"
"246457","Killer Instinct KillerTech Broadhead 150 gr. 3 pk.","KIN-1208336","Killer Instinct"
"246458","SYKD Endurance Broadheads 100 gr. 3 pk.","KIN-1208338","SYKD Hunt"
"252076","SYKD Xbow Bolts 20 in. 6 pk.","KIN-1208339","SYKD Hunt"
"252077","SYKD Xbow Bolts 22 in. 6 pk.","KIN-1208340","SYKD Hunt"
"251861","SYKD Rope Cocking Aid","KIN-1208341","SYKD Hunt"
"246386","Stryke Vapor Broadhead 100 gr. 3 pk.","KIN-1208419","ALLEN"
"252266","KNetix Lumen Bow Tuning Kit","KIN-1208423","ALLEN"
"250323","Titan Shield Arrow Quiver Black 4 Arrow","KIN-1208424","Titan"
"246387","NAP Blackflip 2 Broadheads 100 gr. 3 pk.","KIN-1208475","NAP"
"246266","NAP Endgame Broadheads 100 gr. 3 pk.","KIN-1208476","NAP"
"246459","NAP Endgame Crossbow Broadheads 100 gr. 3 pk.","KIN-1208477","NAP"
"246267","NAP Ignite 3 Broadheads 100 gr. 3 pk.","KIN-1208478","NAP"
"246268","NAP Ignite 4 Broadheads 100 gr. 3 pk.","KIN-1208479","NAP"
"246460","NAP Ignite 4 Crossbow Broadheads 100 gr. 3 pk.","KIN-1208480","NAP"
"246269","NAP Quadcutter Broadheads 100 gr. 3 pk.","KIN-1208481","NAP"
"246461","NAP Quadcutter Crossbow Broadheads 100 gr. 3 pk.","KIN-1208482","NAP"
"246388","NAP Slingblade 2 Broadheads 100 gr. 3 pk.","KIN-1208483","NAP"
"246462","NAP Slingblade 2 Crossbow Broadheads 100 gr. 3 pk.","KIN-1208484","NAP"
"246389","NAP Slingblade 4 Broadheads 100 gr. 3 pk.","KIN-1208485","NAP"
"246463","NAP Slingblade 4 Crossbow Broadheads 100 gr. 3 pk.","KIN-1208486","NAP"
"246390","NAP Spitfire 3 Broadheads 100 gr. 3 pk.","KIN-1208487","NAP"
"246270","NAP Meat Freak Broadheads 100 gr. 3 pk.","KIN-1208488","NAP"
"245323","NAP Quikfletch QuickSpin Fletch Rap White and Green 2 in.","KIN-1208489","NAP"
"245324","NAP Quikfletch QuickSpin Fletch Rap White and Orange 2 in.","KIN-1208490","NAP"
"245325","NAP Quikfletch QuickSpin Fletch Rap White and Yellow 2 in.","KIN-1208491","NAP"
"245326","NAP Quikfletch QuickSpin Fletch Rap White and Green 4 in.","KIN-1208492","NAP"
"245327","NAP Quikfletch QuickSpin Fletch Rap White and Orange 4 in.","KIN-1208493","NAP"
"245328","NAP Quikfletch QuickSpin Fletch Rap White and Yellow 4 in.","KIN-1208494","NAP"
"246586","NAP Broadhead Case Black","KIN-1208495","NAP"
"251322","TruGlo Ready Shot Release 3 Finger","KIN-1208498","Truglo"
"251323","TruGlo Ready Shot Release 4 Finger","KIN-1208499","Truglo"
"251204","TruGlo Activator Wrist Release Realtree APG BOA Strap","KIN-1208500","Truglo"
"250749","TruGlo Overtaker Limb-Drive Arrow Rest Black RH","KIN-1208501","Truglo"
"250750","TruGlo Overtaker Limb-Drive Arrow Rest Black LH","KIN-1208502","Truglo"
"248825","PSE String Loop White 4.25 in. 2 pk.","KIN-12088","PSE"
"252287","BPE Arrow Deburr Tool","KIN-12151175","Bpe"
"244678","BPE Pro Series Fletcher Right Helical","KIN-12151550","Bpe"
"244692","BPE Pro Series Fletcher Straight","KIN-12151551","Bpe"
"244693","BPE Pro Series Fletcher Left Helical","KIN-12151552","Bpe"
"244694","BPE Pro Series Fletcher Clamp Right Helical","KIN-12151553","Bpe"
"244683","BPE Pro Series Fletcher Clamp Straight","KIN-12151554","Bpe"
"246480","Bateman Adder Points 5 pk.","KIN-12307915","Bateman"
"243715","Easton CB Inserts Silver 12 pk.","KIN-12398","Easton"
"251037","Tarantula Deluxe Bow Hook Camouflage","KIN-12402","Sportsmans Outdoors"
"246349","NAP Shockwave Broadheads 100 gr. 3 pk.","KIN-12424","New Archery Products"
"244747","Gateway Shield Cut Feathers White 5 in. LW 50 pk.","KIN-12489","GATEWAY"
"244934","Gateway Shield Cut Feathers White 5 in. RW 50 pk.","KIN-12502","GATEWAY"
"244935","Gateway Shield Cut Feathers Red 5 in. RW 50 pk.","KIN-12503","GATEWAY"
"244936","Gateway Shield Cut Feathers Neon Yellow 5 in. RW 50 pk.","KIN-12508","GATEWAY"
"244748","Gateway Barred Feathers White 5 in. RW 50 pk.","KIN-12524","GATEWAY"
"244836","Gateway Barred Feathers Yellow 5 in. RW 50 pk.","KIN-12530","GATEWAY"
"249222","Paradox Bow Sling Camo","KIN-12540","Paradox"
"249224","Paradox Bow Sling Black","KIN-12541","Paradox"
"249190","Paradox Bow Sling Tri-Color Camo","KIN-12542","Paradox"
"251228","Carter Target 3 Release 3 Finger","KIN-12563","Carter"
"250828","Bear Traditional Hair Rest","KIN-12603572","BEAR"
"251825","TenPoint ACUdraw Replacement Draw Cord","KIN-12980","TENPOINT"
"246194","Dead Ringer The PSD Broadheads 100/125 gr. 3 pk.","KIN-1301009","Dead Ringer"
"246283","Dead Ringer The Hatchet Broadheads 100 gr. 3 pk.","KIN-1301010","Dead Ringer"
"246467","Dead Ringer Jiujitsu Points 100 gr. 3 pk.","KIN-1301011","Dead Ringer"
"250261","Dead Ringer Quick Fire Quiver Black 4 Arrow","KIN-1301012","Dead Ringer"
"252032","Killer Instinct Hypr Crossbow Bolts 20 in. 6 pk.","KIN-1301016","Killer Instinct"
"252033","Killer Instinct Hypr Lite Crossbow Bolts 20 in. 6 pk.","KIN-1301017","Killer Instinct"
"251024","October Mountain Kickstand Pro Standard Limb Pink","KIN-13013","OCTOBER MOUNTAIN"
"251025","October Mountain Kickstand Pro Parallel Limb Blue","KIN-13015","OCTOBER MOUNTAIN"
"251013","October Mountain Kickstand Pro Parallel Limb Pink","KIN-13017","OCTOBER MOUNTAIN"
"247802","October Mountain Crossbow String 37.875 in. Wicked Ridge","KIN-13018","OCTOBER MOUNTAIN"
"250406","Elevation Transition Hip Quiver Black/Red RH","KIN-13021","ELEVATION"
"250348","Elevation Adrenalin Quiver Black/Red RH","KIN-13025","ELEVATION"
"250459","Elevation Adrenalin Quiver Black/Red LH","KIN-13026","ELEVATION"
"250449","Elevation Adrenalin Quiver Black/Silver RH","KIN-13027","ELEVATION"
"250407","Elevation Adrenalin Quiver Black/Blue RH","KIN-13029","ELEVATION"
"250460","Elevation Adrenalin Quiver Black/Blue LH","KIN-13030","ELEVATION"
"250349","Elevation Pro Shooters Belt Red 28-46 in.","KIN-13034","ELEVATION"
"250576","Elevation Pro Release Pouch Black/Red","KIN-13035","ELEVATION"
"251669","Fin Finder Hand Towel Orange/Fin Finder Camo","KIN-13045","Fin-Finder"
"251646","Fin Finder Heavy Duty Bowfishing Gaff T-Handle","KIN-13047","Fin-Finder"
"244278","Saunders Combo Points 9/32 65 gr. 100 pk.","KIN-13048","SAUNDERS"
"244320","Saunders Combo Points 9/32 75 gr. 100 pk.","KIN-13049","SAUNDERS"
"251647","Fin Finder Heavy Duty Bowfishing Gaff 24 in.","KIN-13050","Fin-Finder"
"244333","Saunders Combo Points 5/16 65 gr. 100 pk.","KIN-13051","SAUNDERS"
"244279","Saunders Combo Points 5/16 75 gr. 100 pk.","KIN-13052","SAUNDERS"
"251670","Fin Finder Heavy Duty Bowfishing Gaff 48 in.","KIN-13053","Fin-Finder"
"252419","Saunders Forked Horn Bow Square","KIN-13054","SAUNDERS"
"244739","Saunders Pro Stripper","KIN-13056","SAUNDERS"
"249336","Saunder's Z - Rod Black","KIN-13060","SAUNDERS"
"251077","October Mountain Traditional Bow Stringer Black/Red","KIN-13070","OCTOBER MOUNTAIN"
"250975","October Mountain Arrow Puller Black","KIN-13071","OCTOBER MOUNTAIN"
"250985","October Mountain Arrow Puller Red","KIN-13072","OCTOBER MOUNTAIN"
"250461","October Mountain Switch Quiver Black/Purple RH/LH","KIN-13085","OCTOBER MOUNTAIN"
"250351","October Mountain Switch Quiver Mathews Edition Lost RH/LH","KIN-13087","OCTOBER MOUNTAIN"
"247789","BlackHeart Crossbow String 37 1/2 in. Barnett","KIN-13089","Blackheart"
"247710","BlackHeart Crossbow String 37.938 in. Barnett","KIN-13090","Blackheart"
"247711","BlackHeart Crossbow String 33 1/2 in. Covert 3.4","KIN-13093","Blackheart"
"247712","BlackHeart Crossbow String 26.125 in. Excalibur Micro","KIN-13094","Blackheart"
"247790","BlackHeart Crossbow String 40.875 in. Horton Storm RDX & Tenpoint Nitro RDX","KIN-13095","Blackheart"
"247803","BlackHeart Crossbow String 34 in. Horton Legend UL","KIN-13096","Blackheart"
"247791","BlackHeart Crossbow String 36 in. Stryker Solution","KIN-13098","Blackheart"
"247713","BlackHeart Crossbow String 36.375 in. Stryker Offspring","KIN-13099","Blackheart"
"247714","BlackHeart Crossbow String 34 in. Wicked Ridge","KIN-13100","Blackheart"
"248017","BlackHeart Crossbow Control Cables 16.188 in. Barnett","KIN-13102","Blackheart"
"247960","BlackHeart Crossbow Split Cables 21.688 in. Barnett","KIN-13103","Blackheart"
"248008","BlackHeart Crossbow Control Cables 15.1875in. Horton Storm RDX & TenPoint Nitro RDX","KIN-13105","Blackheart"
"247961","BlackHeart Crossbow Split Cables 23 in. Horton Legend UL","KIN-13106","Blackheart"
"247912","BlackHeart Crossbow Control Cables 21.1875 in. Stryker","KIN-13108","Blackheart"
"248009","BlackHeart Crossbow Split Cables 22 1/4 in. Stryker Offspring","KIN-13109","Blackheart"
"248018","BlackHeart Crossbow Split Cables 23.875 in. Wicked Ridge","KIN-13110","Blackheart"
"247715","October Mountain Crossbow String 37 1/2 in. Raptor Reverse","KIN-13112","OCTOBER MOUNTAIN"
"247804","October Mountain Crossbow String 37.938 in. Barnett","KIN-13113","OCTOBER MOUNTAIN"
"247805","October Mountain Crossbow String Recurve 27 1/2 in. Barnett","KIN-13114","OCTOBER MOUNTAIN"
"247806","October Mountain Crossbow String 34 in. CX Covert CX-3SL+","KIN-13116","OCTOBER MOUNTAIN"
"247716","October Mountain Crossbow String 33 1/2 in CarbonExpress Covert","KIN-13117","OCTOBER MOUNTAIN"
"247792","October Mountain Crossbow String 26 1/4 in. Excalibur Micro","KIN-13118","OCTOBER MOUNTAIN"
"247654","October Mountain Crossbow String 40.875 in. Horton Storm RDX & Tenpoint Nitro RDX","KIN-13119","OCTOBER MOUNTAIN"
"247793","October Mountain Crossbow String 34 in. Horton Legend UltraLite","KIN-13120","OCTOBER MOUNTAIN"
"247807","October Mountain Crossbow String 36 1/4 in. Mission Sniper Lite","KIN-13121","OCTOBER MOUNTAIN"
"247794","October Mountain Crossbow String 36 in. Stryker","KIN-13122","OCTOBER MOUNTAIN"
"247655","October Mountain Crossbow String 32.1875 in. Ten Point","KIN-13124","OCTOBER MOUNTAIN"
"247656","October Mountain Crossbow String 34 in. Wicked Ridge","KIN-13125","OCTOBER MOUNTAIN"
"247796","October Mountain Crossbow String 37.125 in. PSE","KIN-13127","OCTOBER MOUNTAIN"
"247797","October Mountain Crossbow String 37 1/4 in. PSE Vector 310","KIN-13128","OCTOBER MOUNTAIN"
"249191","Neet Studs For Wrist/Bow Sling Black 2 pk.","KIN-13130","Neet"
"247808","October Mountain Crossbow String Recurve 27in. Arrow Precision","KIN-13133","OCTOBER MOUNTAIN"
"248019","October Mountain Crossbow Cables 16.188 in. Raptor Reverse","KIN-13136","OCTOBER MOUNTAIN"
"248010","October Mountain Crossbow Split Cables 18.625 in CarbonExpress Covert","KIN-13138","OCTOBER MOUNTAIN"
"247913","October Mountain Crossbow Control Cables 15.1875 in. Horton Storm RDX & Tenpoint Nitro RDX","KIN-13139","OCTOBER MOUNTAIN"
"248020","October Mountain Crossbow Split Cables 23 in. Horton Legend UltraLite","KIN-13140","OCTOBER MOUNTAIN"
"247914","October Mountain Crossbow Control Cables 24.9375 in Mission Sniper Lite","KIN-13141","OCTOBER MOUNTAIN"
"247915","October Mountain Crossbow Control Cables 21.1875 in. Stryker","KIN-13142","OCTOBER MOUNTAIN"
"247962","October Mountain Crossbow Split Cables 19.6875 in. Ten Point","KIN-13144","OCTOBER MOUNTAIN"
"248021","October Mountain Crossbow Split Cables 23.875 in. Wicked Ridge","KIN-13145","OCTOBER MOUNTAIN"
"248022","October Mountain Crossbow Split Cables 21.375 in. PSE","KIN-13147","OCTOBER MOUNTAIN"
"247963","October Mountain Crossbow Split Cables 20 1/2 in. PSE Vector 310","KIN-13148","OCTOBER MOUNTAIN"
"247964","October Mountain Crossbow Split Cables 24 in. Southern Risen 385 XLT","KIN-13149","OCTOBER MOUNTAIN"
"247965","October Mountain Crossbow Split Cables 18 3/4 in Southern Risen XT350","KIN-13150","OCTOBER MOUNTAIN"
"248011","October Mountain Crossbow Split Cables 23 in. Southern Rebel 350","KIN-13151","OCTOBER MOUNTAIN"
"248012","October Mountain Crossbow Split Cables 23 in. Blaze II","KIN-13152","OCTOBER MOUNTAIN"
"251650","Fin Finder Remedy Vibration Reducer Blue 2 pk.","KIN-13155","Fin-Finder"
"247966","BlackHeart Crossbow Split Cables 19.6875 in. Ten Point","KIN-13156","Blackheart"
"251895","October Mountain Crossbow Rail Lube .5oz 10pk. Counter Display","KIN-13163","OCTOBER MOUNTAIN"
"250584","Elevation Core Release Pouch Red","KIN-13164","ELEVATION"
"250583","Elevation Core Release Pouch Blue","KIN-13165","ELEVATION"
"250577","Elevation Core Release Pouch Silver","KIN-13166","ELEVATION"
"250585","Elevation Core Release Pouch Mathews Edition","KIN-13167","ELEVATION"
"250409","Elevation Pro Shooters Belt Mathews Edition 28/46 in.","KIN-13168","ELEVATION"
"250410","Elevation Nerve Field Quiver Red RH","KIN-13170","ELEVATION"
"250450","Elevation Nerve Field Quiver Red LH","KIN-13171","ELEVATION"
"250451","Elevation Nerve Field Quiver Blue RH","KIN-13172","ELEVATION"
"250452","Elevation Nerve Field Quiver Blue LH","KIN-13173","ELEVATION"
"250462","Elevation Nerve Field Quiver Silver RH","KIN-13174","ELEVATION"
"250411","Elevation Nerve Field Quiver Silver LH","KIN-13175","ELEVATION"
"250453","Elevation Nerve Field Quiver Mathews Edition Yellow RH","KIN-13179","ELEVATION"
"250352","Elevation Nerve Field Quiver Mathews Edition Yellow LH","KIN-13180","ELEVATION"
"251512","Fin Finder Raider Pro Bowfishing Arrow Orange w/Big Head Point","KIN-13181","Fin-Finder"
"251501","Fin Finder Raider Pro Bowfishing Arrow Orange w/Big Head Pro Point","KIN-13182","Fin-Finder"
"251502","Fin Finder Raider Pro Bowfishing Arrow Orange w/The Kraken Point","KIN-13183","Fin-Finder"
"251526","Fin Finder Hydro Carbon IL Bowfishing Arrow w/Big Head Point","KIN-13184","Fin-Finder"
"251527","Fin Finder Hydro Carbon IL Bowfishing Arrow w/Big Head Pro Point","KIN-13185","Fin-Finder"
"251530","Fin Finder Hydro Carbon IL Bowfishing Arrow w/The Kraken Point","KIN-13186","Fin-Finder"
"251503","Fin Finder Hydro Carbon IL Bowfishing Arrow w/Big Head Xtreme Point","KIN-13187","Fin-Finder"
"251565","Fin Finder The Kraken Bowfishing Point","KIN-13192","Fin-Finder"
"251664","Fin Finder Arrow-Lock Quiver RH/LH","KIN-13193","Fin-Finder"
"252246","October Mountain Pro Shop Hex Wrench Set Bench","KIN-13194","OCTOBER MOUNTAIN"
"252257","October Mountain Pro Shop T6 Multi Plier","KIN-13195","OCTOBER MOUNTAIN"
"252421","October Mountain Pro Shop Bow Square Orange","KIN-13196","OCTOBER MOUNTAIN"
"249341","October Mountain Speed Slide S2 Black","KIN-13197","OCTOBER MOUNTAIN"
"249342","October Mountain Speed Slide S2 Red","KIN-13198","OCTOBER MOUNTAIN"
"244740","Cir-Cut Fletching Stripper","KIN-1320","Cir-Cut"
"251651","Fin Finder Snap-Shot Finger Savers Green 2 pk.","KIN-13200","Fin-Finder"
"251671","Fin Finder Snap-Shot Finger Savers Yellow 2 pk.","KIN-13201","Fin-Finder"
"251652","Fin Finder Snap-Shot Finger Savers Blue 2 pk.","KIN-13202","Fin-Finder"
"251672","Fin Finder Snap-Shot Finger Savers Red 2 pk.","KIN-13203","Fin-Finder"
"251665","Fin Finder Snap-Shot Finger Savers Orange 2 pk.","KIN-13204","Fin-Finder"
"251673","Fin Finder Snap-Shot Finger Savers Black 2 pk.","KIN-13206","Fin-Finder"
"251505","Fin Finder Raider Bowfishing Arrow Shaft w/Nock Orange","KIN-13207","Fin-Finder"
"250602","Elevation Arrow Tube Silencing Kit Black 4 pk.","KIN-13209","ELEVATION"
"250463","Elevation Nerve Field Quiver Package Red RH","KIN-13215","ELEVATION"
"250353","Elevation Nerve Field Quiver Package Red LH","KIN-13216","ELEVATION"
"250412","Elevation Nerve Field Quiver Package Silver RH","KIN-13217","ELEVATION"
"250354","Elevation Nerve Field Quiver Package Silver LH","KIN-13218","ELEVATION"
"250454","Elevation Nerve Field Quiver Package Blue RH","KIN-13219","ELEVATION"
"250355","Elevation Nerve Field Quiver Package Blue LH","KIN-13220","ELEVATION"
"250413","Elevation Nerve Field Quiver Package Mathews Edition Yellow RH","KIN-13221","ELEVATION"
"250464","Elevation Nerve Field Quiver Package Mathews Edition Yellow LH","KIN-13222","ELEVATION"
"250414","Elevation Transition Hip Quiver Package Mathews Edition RH","KIN-13223","ELEVATION"
"246996","October Mountain Passage Recurve Bow Package 54 in. 20 lbs. RH","KIN-13225","OCTOBER MOUNTAIN"
"246943","October Mountain Passage Recurve Bow Package 54 in. 20 lbs. LH","KIN-13226","OCTOBER MOUNTAIN"
"247717","BlackHeart Crossbow String 38 1/2 in Mission MXB 400","KIN-13229","Blackheart"
"248013","BlackHeart Crossbow Split Cables 19 3/4 in Mission MXB 400","KIN-13230","Blackheart"
"247809","BlackHeart Crossbow String 37.9375 in. Zero 7 Series","KIN-13235","Blackheart"
"247810","BlackHeart Crossbow String 34.0625 in. TenPoint Titan SS","KIN-13242","Blackheart"
"248023","BlackHeart Crossbow Split Cables 21.6875 in. Zero 7 Series","KIN-13246","Blackheart"
"247967","BlackHeart Crossbow Split Cables 19.3125 in. Bear Torrix FFL","KIN-13248","Blackheart"
"248014","BlackHeart Crossbow Control Cables 21.1875 in. Stryker Katana","KIN-13250","Blackheart"
"248015","BlackHeart Crossbow Split Cables 23.0625 in. TenPoint Titan SS","KIN-13252","Blackheart"
"247968","BlackHeart Crossbow Split Cables 21.625 in. Parker Hurricane","KIN-13255","Blackheart"
"249077","BCY 62 Braided Center Serving Black/White .018 100 yds.","KIN-13434","Bcy"
"249082","BCY 62 Braided Center Serving Black/White .021 75 yds.","KIN-13435","Bcy"
"245276","Bohning Ferr-L-Tite Hot Melt","KIN-13601309","BOHNING"
"244724","Bohning Jig Clamp Release Tape 3 pk.","KIN-13601319","BOHNING"
"245237","Bohning Glue Dispenser Bottle 2 oz.","KIN-13601610","BOHNING"
"245230","Bohning Fletch-Lac Lacquer White 1 qt.","KIN-13601664","BOHNING"
"244280","Saunders Combo Points 9/32 75 gr. 12 pk.","KIN-13787","SAUNDERS"
"244334","Saunders Combo Points 5/16 75 gr. 12 pk.","KIN-13788","SAUNDERS"
"244321","Saunders Combo Points 9/32 90 gr. 100 pk.","KIN-13792","SAUNDERS"
"249225","Paradox Syn Bow Sling Brown/Olive/Tan","KIN-13977","Paradox"
"249192","Paradox Syn Bow Sling Black/Tan/Camo","KIN-13978","Paradox"
"250831","Cir-Cut Felt Silencing Material Black 3x7 in. 1 pk.","KIN-13987","Cir-Cut"
"245747","AAE Hybrid 16 Vanes Black 1.7 in. 100 pk.","KIN-1401000","AAE"
"245748","AAE Hybrid 16 Vanes Blue 1.7 in. 100 pk.","KIN-1401001","AAE"
"245840","AAE Hybrid 16 Vanes Fire Orange 1.7 in. 100 pk.","KIN-1401002","AAE"
"245749","AAE Hybrid 16 Vanes Hot Pink 1.7 in. 100 pk.","KIN-1401003","AAE"
"245841","AAE Hybrid 16 Vanes Purple 1.7 in. 100 pk.","KIN-1401004","AAE"
"245750","AAE Hybrid 16 Vanes Red 1.7 in. 100 pk.","KIN-1401005","AAE"
"245348","AAE Hybrid 16 Vanes Sunset Gold 1.7 in. 100 pk.","KIN-1401006","AAE"
"245842","AAE Hybrid 16 Vanes White 1.7 in. 100 pk.","KIN-1401007","AAE"
"245349","AAE Hybrid 16 Vanes Yellow 1.7 in. 100 pk.","KIN-1401008","AAE"
"245843","AAE Hybrid 1.85 Vanes Bright Green 1.85 in. Shield Cut 100 pk.","KIN-1401009","AAE"
"245350","AAE Hybrid 1.85 Vanes Black 1.85 in. Shield Cut 100 pk.","KIN-1401010","AAE"
"245351","AAE Hybrid 1.85 Vanes Blue 1.85 in. Shield Cut 100 pk.","KIN-1401011","AAE"
"245844","AAE Hybrid 1.85 Vanes Fire Orange 1.85 in. Shield Cut 100 pk.","KIN-1401012","AAE"
"245352","AAE Hybrid 1.85 Vanes Hot Pink 1.85 in. Shield Cut 100 pk.","KIN-1401013","AAE"
"245845","AAE Hybrid 1.85 Vanes Purple 1.85 in. Shield Cut 100 pk.","KIN-1401014","AAE"
"245353","AAE Hybrid 1.85 Vanes Red 1.85 in. Shield Cut 100 pk.","KIN-1401015","AAE"
"245846","AAE Hybrid 1.85 Vanes Sunset Gold 1.85 in. Shield Cut 100 pk.","KIN-1401016","AAE"
"245847","AAE Hybrid 1.85 Vanes White 1.85 in. Shield Cut 100 pk.","KIN-1401017","AAE"
"245751","AAE Hybrid 1.85 Vanes Yellow 1.85 in. Shield Cut 100 pk.","KIN-1401018","AAE"
"245848","AAE Hybrid 2.0 Vanes Bright Green 1.95 in. Shield Cut 100 pk.","KIN-1401019","AAE"
"245354","AAE Hybrid 2.0 Vanes Black 1.95 in. Shield Cut 100 pk.","KIN-1401020","AAE"
"245355","AAE Hybrid 2.0 Vanes Blue 1.95 in. Shield Cut 100 pk.","KIN-1401021","AAE"
"245356","AAE Hybrid 2.0 Vanes Fire Orange 1.95 in. Shield Cut 100 pk.","KIN-1401022","AAE"
"245357","AAE Hybrid 2.0 Vanes Hot Pink 1.95 in. Shield Cut 100 pk.","KIN-1401023","AAE"
"245551","AAE Hybrid 2.0 Vanes Purple 1.95 in. Shield Cut 100 pk.","KIN-1401024","AAE"
"245358","AAE Hybrid 2.0 Vanes Red 1.95 in. Shield Cut 100 pk.","KIN-1401025","AAE"
"245552","AAE Hybrid 2.0 Vanes Sunset Gold 1.95 in. Shield Cut 100 pk.","KIN-1401026","AAE"
"245553","AAE Hybrid 2.0 Vanes White 1.95 in. Shield Cut 100 pk.","KIN-1401027","AAE"
"245752","AAE Hybrid 2.0 Vanes Yellow 1.95 in. Shield Cut 100 pk.","KIN-1401028","AAE"
"245554","AAE Hybrid 23 Vanes Bright Green 2.3 in. 100 pk.","KIN-1401029","AAE"
"245359","AAE Hybrid 23 Vanes Black 2.3 in. 100 pk.","KIN-1401030","AAE"
"245360","AAE Hybrid 23 Vanes Blue 2.3 in. 100 pk.","KIN-1401031","AAE"
"245361","AAE Hybrid 23 Vanes Fire Orange 2.3 in. 100 pk.","KIN-1401032","AAE"
"245362","AAE Hybrid 23 Vanes Hot Pink 2.3 in. 100 pk.","KIN-1401033","AAE"
"245849","AAE Hybrid 23 Vanes Purple 2.3 in. 100 pk.","KIN-1401034","AAE"
"245850","AAE Hybrid 23 Vanes Red 2.3 in. 100 pk.","KIN-1401035","AAE"
"245851","AAE Hybrid 23 Vanes Sunset Gold 2.3 in. 100 pk.","KIN-1401036","AAE"
"245852","AAE Hybrid 23 Vanes White 2.3 in. 100 pk.","KIN-1401037","AAE"
"245753","AAE Hybrid 23 Vanes Yellow 2.3 in. 100 pk.","KIN-1401038","AAE"
"245853","AAE Hybrid 26 Vanes Bright Green 2.7 in. 100 pk.","KIN-1401039","AAE"
"245363","AAE Hybrid 26 Vanes Black 2.7 in. 100 pk.","KIN-1401040","AAE"
"245364","AAE Hybrid 26 Vanes Blue 2.7 in. 100 pk.","KIN-1401041","AAE"
"245365","AAE Hybrid 26 Vanes Fire Orange 2.7 in. 100 pk.","KIN-1401042","AAE"
"245366","AAE Hybrid 26 Vanes Hot Pink 2.7 in. 100 pk.","KIN-1401043","AAE"
"245555","AAE Hybrid 26 Vanes Purple 2.7 in. 100 pk.","KIN-1401044","AAE"
"245367","AAE Hybrid 26 Vanes Red 2.7 in. 100 pk.","KIN-1401045","AAE"
"245556","AAE Hybrid 26 Vanes Sunset Gold 2.7 in. 100 pk.","KIN-1401046","AAE"
"245557","AAE Hybrid 26 Vanes White 2.7 in. 100 pk.","KIN-1401047","AAE"
"245754","AAE Hybrid 26 Vanes Yellow 2.7 in. 100 pk.","KIN-1401048","AAE"
"245558","AAE Hybrid 40 Vanes Bright Green 3.8 in. 100 pk.","KIN-1401049","AAE"
"245755","AAE Hybrid 40 Vanes Black 3.8 in. 100 pk.","KIN-1401050","AAE"
"245559","AAE Hybrid 40 Vanes Blue 3.8 in. 100 pk.","KIN-1401051","AAE"
"245756","AAE Hybrid 40 Vanes Fire Orange 3.8 in. 100 pk.","KIN-1401052","AAE"
"245757","AAE Hybrid 40 Vanes Hot Pink 3.8 in. 100 pk.","KIN-1401053","AAE"
"245560","AAE Hybrid 40 Vanes Purple 3.8 in. 100 pk.","KIN-1401054","AAE"
"245561","AAE Hybrid 40 Vanes Red 3.8 in. 100 pk.","KIN-1401055","AAE"
"245562","AAE Hybrid 40 Vanes Sunset Gold 3.8 in. 100 pk.","KIN-1401056","AAE"
"245563","AAE Hybrid 40 Vanes White 3.8 in. 100 pk.","KIN-1401057","AAE"
"245368","AAE Hybrid 40 Vanes Yellow 3.8 in. 100 pk.","KIN-1401058","AAE"
"245369","AAE Hybrid HP Vanes Bright Green 2 in. 100 pk.","KIN-1401059","AAE"
"245758","AAE Hybrid HP Vanes Black 2 in. 100 pk.","KIN-1401060","AAE"
"245759","AAE Hybrid HP Vanes Blue 2 in. 100 pk.","KIN-1401061","AAE"
"245564","AAE Hybrid HP Vanes Fire Orange 2 in. 100 pk.","KIN-1401062","AAE"
"245760","AAE Hybrid HP Vanes Hot Pink 2 in. 100 pk.","KIN-1401063","AAE"
"245565","AAE Hybrid HP Vanes Purple 2 in. 100 pk.","KIN-1401064","AAE"
"245761","AAE Hybrid HP Vanes Red 2 in. 100 pk.","KIN-1401065","AAE"
"245370","AAE Hybrid HP Vanes Sunset Gold 2 in. 100 pk.","KIN-1401066","AAE"
"245566","AAE Hybrid HP Vanes White 2 in. 100 pk.","KIN-1401067","AAE"
"245371","AAE Hybrid HP Vanes Yellow 2 in. 100 pk.","KIN-1401068","AAE"
"245567","AAE Hybrid 16 Vanes Bright Green 1.7 in. 100 pk.","KIN-1401069","AAE"
"246284","Swhacker Levi Morgan Series Broadheads 2 Blade Steel 125 gr. 1.75 in. 3 pk.","KIN-1401093","Swhacker"
"244143","Victory Uni-Bushings 3DHV Small Spine 500-800 12 pk.","KIN-1401097","Victory"
"244137","Victory Pin Bushings 3DHV Small Spine 500-800 12 pk.","KIN-1401098","Victory"
"244144","Victory Uni-Bushings 3DHV Standard Spine 300-400 12 pk.","KIN-1401099","Victory"
"244138","Victory Pin Bushings 3DHV Standard Spine 300-400 12 pk.","KIN-1401100","Victory"
"244145","Victory Pin Bushings NVX 27 12 pk.","KIN-1401104","Victory"
"244530","Victory Glue In Points VXT 80 gr. 12 pk.","KIN-1401105","Victory"
"244431","Victory Glue In Points VXT 100 gr. 12 pk.","KIN-1401106","Victory"
"244474","Victory Glue In Points RIP 80-150 gr. 12 pk.","KIN-1401109","Victory"
"244532","Victory Glue In Points NVX 25 80 gr. 12 pk.","KIN-1401112","Victory"
"244534","Victory Glue In Points NVX 25 150 gr. 12 pk.","KIN-1401115","Victory"
"242369","Victory XTorsion Gamer Arrows 250 Blazer Vanes 6 pk.","KIN-1401121","Victory"
"242568","Victory XTorsion Gamer Arrows 300 Blazer Vanes 6 pk.","KIN-1401122","Victory"
"242530","Victory XTorsion Gamer Arrows 350 Blazer Vanes 6 pk.","KIN-1401123","Victory"
"242370","Victory XTorsion Gamer Arrows 400 Blazer Vanes 6 pk.","KIN-1401124","Victory"
"242531","Victory XTorsion Sport Arrows 250 Blazer Vanes 6 pk.","KIN-1401125","Victory"
"242240","Victory XTorsion Sport Arrows 300 Blazer Vanes 6 pk.","KIN-1401126","Victory"
"242532","Victory XTorsion Sport Arrows 350 Blazer Vanes 6 pk.","KIN-1401127","Victory"
"242241","Victory XTorsion Sport Arrows 400 Blazer Vanes 6 pk.","KIN-1401128","Victory"
"242371","Victory VForce TKO Low Torque Elite Arrows 300 Blazer Vanes 6 pk.","KIN-1401129","Victory"
"242242","Victory VForce TKO Low Torque Elite Arrows 350 Blazer Vanes 6 pk.","KIN-1401130","Victory"
"242372","Victory VForce TKO Low Torque Elite Arrows 400 Blazer Vanes 6 pk.","KIN-1401131","Victory"
"250262","Apex Reactor XL Quiver Black 5 Arrow","KIN-1401138","APEX"
"250119","Apex Outpost Stabilizer Mount Black Offest","KIN-1401139","APEX"
"249448","Apex End Game Stabilizer Black 6 in.","KIN-1401140","APEX"
"249624","30-06 K3 Stabilizer Dirt Road Camo 5 in.","KIN-1401204","30-06"
"249528","30-06 Evo Stabilizer Black 8 in.","KIN-1401205","30-06"
"249529","30-06 Evo Stabilizer Dirt Road Camo 8 in.","KIN-1401206","30-06"
"251880","30-06 Black Ice Crossbow Dry Glide Rail Lube","KIN-1401208","30-06"
"248423","30-06 In-line Peep Sight w/ Rubber Tubing 3/16 in.","KIN-1401209","30-06"
"246122","30-06 Main Artery Broadheads 100 gr. 3 pk.","KIN-1401210","30-06"
"251172","30-06 Mustang Release Buckle Camo Ultra Compact","KIN-1401213","30-06"
"251137","30-06 Reload Release Velcro","KIN-1401214","30-06"
"251112","30-06 Emoji Youth Release","KIN-1401215","30-06"
"248474","30-06 Solo Peep Black 3/16 in.","KIN-1401219","30-06"
"249392","30-06 Vibe Down Limb Dampening Kit Compound/Crossbow","KIN-1401220","30-06"
"251288","Stan PerfeX-Long Neck Thumb Release Heavy Metal 3 or 4 Finger Large","KIN-1401222","Stanislawski"
"251261","Stan PerfeX-Long Neck Thumb Release Heavy Metal 3 or 4 Finger X-Large","KIN-1401225","Stanislawski"
"251421","Stan PerfeX-Long Neck Resistance Release Heavy Metal 3 or 4 Finger X-Large","KIN-1401226","Stanislawski"
"244195","Carbon Express BullDog Collar Nano-XRZ 400 12 pk.","KIN-1401228","CARBON EXPRESS"
"244188","Carbon Express BullDog Collar Nano-XRZ 500 12 pk.","KIN-1401229","CARBON EXPRESS"
"244189","Carbon Express BullDog Collar Nano-XRZ 600 12 pk.","KIN-1401230","CARBON EXPRESS"
"244190","Carbon Express BullDog Collar Nano-XRZ 700 12 pk.","KIN-1401231","CARBON EXPRESS"
"244201","Carbon Express BullDog Collar Nano-XRZ 800 12 pk.","KIN-1401232","CARBON EXPRESS"
"248424","Specialty Archery Podium Peep Aperture 1/16 in.","KIN-1401235","SPECIALTY ARCHERY"
"248532","Specialty Archery Podium Peep Aperture 5 pk. Kit","KIN-1401239","SPECIALTY ARCHERY"
"248475","Specialty Archery Podium Peep Clarifier No. 0.5 Gold","KIN-1401240","SPECIALTY ARCHERY"
"248425","Specialty Archery Podium Peep Clarifier No. 1.0 Yellow","KIN-1401241","SPECIALTY ARCHERY"
"248476","Specialty Archery Podium Peep Clarifier No. 1.5 Ice Blue","KIN-1401242","SPECIALTY ARCHERY"
"248533","Specialty Archery Podium Peep Clarifier No. 2.0 Green","KIN-1401243","SPECIALTY ARCHERY"
"248524","Specialty Archery Podium Peep Clarifier No. 3.0 Red","KIN-1401244","SPECIALTY ARCHERY"
"248426","Specialty Archery Podium Peep Clarifier 5 pk. Kit","KIN-1401245","SPECIALTY ARCHERY"
"248525","Specialty Archery Podium Peep Travel Case","KIN-1401246","SPECIALTY ARCHERY"
"248427","Specialty Archery Podium Peep Deluxe Kit","KIN-1401247","SPECIALTY ARCHERY"
"248534","Specialty Archery Podium Peep Peep Shade","KIN-1401248","SPECIALTY ARCHERY"
"248477","Specialty Archery Podium Peep Black","KIN-1401249","SPECIALTY ARCHERY"
"246509","Thorn Archery Sheer Pins Crossbow Black 12 pk.","KIN-1401250","Thorn Archery"
"248526","Specialty Archery Podium Peep Blue","KIN-1401252","SPECIALTY ARCHERY"
"248535","Specialty Archery Podium Peep Green","KIN-1401255","SPECIALTY ARCHERY"
"248428","Specialty Archery Podium Peep Pink","KIN-1401257","SPECIALTY ARCHERY"
"248429","Specialty Archery Podium Peep Purple","KIN-1401259","SPECIALTY ARCHERY"
"248430","Specialty Archery Podium Peep Red","KIN-1401260","SPECIALTY ARCHERY"
"248431","Specialty Archery Podium Peep Silver","KIN-1401261","SPECIALTY ARCHERY"
"248536","Specialty Archery Podium Peep Verifier No. 4 Silver","KIN-1401262","SPECIALTY ARCHERY"
"248432","Specialty Archery Podium Peep Verifier No. 5 Purple","KIN-1401263","SPECIALTY ARCHERY"
"248537","Specialty Archery Podium Peep Verifier No. 6 Pink","KIN-1401264","SPECIALTY ARCHERY"
"248433","Specialty Archery Podium Peep Verifier No. 7 Blue","KIN-1401265","SPECIALTY ARCHERY"
"248538","Specialty Archery Podium Peep Verifier No. 8 White","KIN-1401266","SPECIALTY ARCHERY"
"248539","Specialty Archery Podium Peep Verifier No. 9 Orange","KIN-1401267","SPECIALTY ARCHERY"
"251113","B3 Tigress Release Swivel Stem Pink","KIN-1401332","B3"
"251335","B3 Infinity Release 3 Finger Stainless Steel","KIN-1401333","B3"
"251359","B3 Infinity Release Brass 3 Finger","KIN-1401334","B3"
"251344","B3 Ranger Release Back Tension Buckle Desert Brown","KIN-1401336","B3"
"251282","B3 Versa Release 3 Finger Blue","KIN-1401338","B3"
"251289","B3 Versa Release Brass 3 Finger","KIN-1401339","B3"
"250698","Mathews IMX Rest Black RH","KIN-1401349","MATHEWS"
"250630","Mathews IMX Rest Black LH","KIN-1401350","MATHEWS"
"250175","Mathews Q-Lite Quiver Realtree Edge 6 Arrow RH","KIN-1401351","MATHEWS"
"250206","Mathews Q-Lite Quiver Black 6 Arrow RH","KIN-1401353","MATHEWS"
"250248","Mathews Q-Lite Quiver Black 6 Arrow LH","KIN-1401354","MATHEWS"
"250207","Mathews Q-Lite Quiver Elevated II 6 Arrow RH","KIN-1401355","MATHEWS"
"250208","Mathews Q-Lite Quiver Subalpine 6 Arrow RH","KIN-1401356","MATHEWS"
"250209","Mathews Q-Lite Quiver UA Forest 6 Arrow RH","KIN-1401357","MATHEWS"
"246155","Wasp Havalon HV Broadheads 100 gr. 3 pk.","KIN-1401378","Wasp"
"243777","BloodSport Standard Diameter Aluminum Insert 12 pk.","KIN-1401379","Bloodsport"
"249223","Apex Attitude Sling Camo/Brown","KIN-1401405","APEX"
"248434","Apex Posi Peep Pro XS Black 3/16&quote;","KIN-1401406","APEX"
"244741","K'Netix Energy Fletching Remover","KIN-1401576","ALLEN"
"246200","Stryke Impact Broadheads 100 gr. 3 pk.","KIN-1401577","ALLEN"
"251290","Pulse Compact Thumb Release Black","KIN-1401578","ALLEN"
"251889","Titan Crossbow Rail Lube","KIN-1401582","ALLEN"
"251853","Titan Crossbow Cocking Rope","KIN-1401583","ALLEN"
"251851","Titan Slideguard Rope Cocker Crossbow Sled","KIN-1401585","ALLEN"
"246335","B3 Exoskeletal Broadheads 2 Blade 3 pk. 100 gr.","KIN-1401589","B3"
"246354","B3 Exoskeletal Broadheads 3 Blade 3 pk. 100 gr.","KIN-1401590","B3"
"246401","Grim Reaper Crossbow Broadheads 3 blade 1.5 in 150 gr. 3 pk.","KIN-1401646","GRIM REAPER"
"246431","Grim Reaper Crossbow Broadheads 2 Blade 2 in. 150 gr. 3 pk.","KIN-1401652","GRIM REAPER"
"246510","Grim Reaper Rebuild Kit Crossbow 2 in./Fatal Steel 100/125 gr.","KIN-1401653","GRIM REAPER"
"246528","Grim Reaper Practice Head Mechanical 125 gr.","KIN-1401656","GRIM REAPER"
"246195","Grim Reaper Hades Broadheads 85 gr. 1 3/16 in. 3 pk.","KIN-1401657","GRIM REAPER"
"246201","Grim Reaper Hades Broadheads 125 gr. 1 3/16 in. 3 pk.","KIN-1401658","GRIM REAPER"
"248857","Bohning Tex-Tite String Wax Box","KIN-1401673","BOHNING"
"248864","Bohning Seal-Tite String Wax Box","KIN-1401674","BOHNING"
"245372","Bohning Air Vanes American Flag 2 in. 100 pk.","KIN-1401675","BOHNING"
"245373","Bohning Zen Vanes American Flag 4 in. 100 pk.","KIN-1401677","BOHNING"
"245374","Bohning Zen Vanes Black 4 in. 100 pk.","KIN-1401678","BOHNING"
"245375","Bohning Zen Vanes Hot Pink 4 in. 100 pk.","KIN-1401680","BOHNING"
"245854","Bohning Zen Vanes Neon Green 4 in. 100 pk.","KIN-1401681","BOHNING"
"245762","Bohning Zen Vanes Neon Orange 4 in. 100 pk.","KIN-1401682","BOHNING"
"245763","Bohning Zen Vanes Neon Red 4 in. 100 pk.","KIN-1401683","BOHNING"
"245764","Bohning Zen Vanes Red 4 in. 100 pk.","KIN-1401686","BOHNING"
"245376","Bohning Zen Vanes Satin Blue 4 in. 100 pk.","KIN-1401687","BOHNING"
"245377","Bohning Zen Vanes Silver 4 in. 100 pk.","KIN-1401688","BOHNING"
"245568","Bohning Zen Vanes White 4 in. 100 pk.","KIN-1401690","BOHNING"
"250176","Bohning Bruin Quiver Realtree Edge 4 Arrow","KIN-1401691","BOHNING"
"244545","Bohning Glue In Pin Points 2312 150 gr. 12 pk.","KIN-1401692","BOHNING"
"244475","Bohning Glue In Pin Points 2312 200 gr. 12 pk.","KIN-1401693","BOHNING"
"244546","Bohning Glue In Pin Points 2314 150 gr. 12 pk.","KIN-1401694","BOHNING"
"244432","Bohning Glue In Pin Points 2314 200 gr. 12 pk.","KIN-1401695","BOHNING"
"244535","Bohning Glue In Pin Points 2315 150 gr. 12 pk.","KIN-1401696","BOHNING"
"244433","Bohning Glue In Pin Points 2712 300 gr. 12 pk.","KIN-1401699","BOHNING"
"244476","Bohning Glue In Break Off Bullet Points Fits .166 ID / Up to .228 OD 100-120 gr. 12 pk.","KIN-1401701","BOHNING"
"245157","Bohning Arrow Wraps Austrailian Flag 7 in. Standard 13 pk.","KIN-1401705","BOHNING"
"245104","Bohning Arrow Wraps Crested Red 7 in. Standard 13 pk.","KIN-1401706","BOHNING"
"245158","Bohning Arrow Wraps Crested Blue 7 in. Standard 13 pk.","KIN-1401707","BOHNING"
"245132","Bohning Arrow Wraps Crested Yellow 7 in. Standard 13 pk.","KIN-1401708","BOHNING"
"245160","Bohning Arrow Wraps Tribal Flame 7 in. Standard 13 pk.","KIN-1401710","BOHNING"
"245161","Bohning Arrow Wraps White Blood Splatter 7 in. Standard 13 pk.","KIN-1401711","BOHNING"
"245133","Bohning Arrow Wraps Red Flannel 7 in. Standard 13 pk.","KIN-1401713","BOHNING"
"245181","Bohning Arrow Wraps Blue Hawaiin 7 in. Standard 13 pk.","KIN-1401714","BOHNING"
"245183","Bohning Arrow Wraps Pink Camo 7 in. Standard 13 pk.","KIN-1401716","BOHNING"
"245105","Bohning Arrow Wraps Neon Orange Camo 7 in. Standard 13 pk.","KIN-1401718","BOHNING"
"245106","Bohning Arrow Wraps Blue and White Flame 7 in. Standard 13 pk.","KIN-1401722","BOHNING"
"245107","Bohning Arrow Wraps Purple Flame 7 in. Standard 13 pk.","KIN-1401723","BOHNING"
"245162","Bohning Arrow Wraps Green X-Ray 7 in. Standard 13 pk.","KIN-1401727","BOHNING"
"245164","Bohning Arrow Wraps White and Red Tiger 7 in. Standard 13 pk.","KIN-1401730","BOHNING"
"245165","Bohning Arrow Wraps Green Tiger 7 in. Standard 13 pk.","KIN-1401731","BOHNING"
"245185","Bohning Arrow Wraps Green and White Tiger 7 in. Standard 13 pk.","KIN-1401732","BOHNING"
"245134","Bohning Arrow Wraps Teal Tiger 7 in. Standard 13 pk.","KIN-1401733","BOHNING"
"245135","Bohning Arrow Wraps Purple Tiger 7 in. Standard 13 pk.","KIN-1401735","BOHNING"
"245186","Bohning Arrow Wraps White Deer 7 in. Standard 13 pk.","KIN-1401737","BOHNING"
"245109","Bohning Arrow Wraps Whitetail Hunter 7 in. Standard 13 pk.","KIN-1401738","BOHNING"
"245187","Bohning Arrow Wraps United Kingdom Flag 7 in. Standard 13 pk.","KIN-1401739","BOHNING"
"250210","Bohning Lynx Quiver Realtree Edge 4 Arrow","KIN-1401740","BOHNING"
"245188","Bohning Arrow Wraps Neon Green 7 in. Standard 13 pk.","KIN-1401741","BOHNING"
"245110","Bohning Arrow Wraps Neon Orange 7 in. Standard 13 pk.","KIN-1401742","BOHNING"
"245111","Bohning Arrow Wraps Neon Red 7 in. Standard 13 pk.","KIN-1401743","BOHNING"
"245189","Bohning Arrow Wraps Neon Yellow 7 in. Standard 13 pk.","KIN-1401744","BOHNING"
"250177","Bohning Bruin Quiver Mossy Oak Country 4 Arrow","KIN-1401751","BOHNING"
"245277","Bohning Blazer Bond .5 oz.","KIN-1401752","BOHNING"
"245136","Bohning Arrow Wraps Hot Pink 4 in. Standard 13 pk.","KIN-1401753","BOHNING"
"245166","Bohning Arrow Wraps Neon Red 4 in. Standard 13 pk.","KIN-1401754","BOHNING"
"249625","Axion Vortex Stabilizer Black 5 in.","KIN-1401758","Axion"
"249626","Axion Envy Stabilizer Black 3 in.","KIN-1401761","Axion"
"249530","Axion Envy Stabilizer Realtree Edge 5 in.","KIN-1401762","Axion"
"249449","Axion Quad Stand Black 5 in. with Mathews Damper","KIN-1401768","Axion"
"249531","Axion Quad Stand Black 5 in. with Hybrid Damper","KIN-1401769","Axion"
"249863","Axion Elevate Pro Stabilzer Black Mathews Damper 6 in.","KIN-1401770","Axion"
"249933","Axion Elevate Pro Stabilzer Black Mathews Damper 8 in.","KIN-1401771","Axion"
"249908","Axion Elevate Pro Stabilzer Black Mathews Damper 10 in.","KIN-1401772","Axion"
"249909","Axion Elevate Pro Stabilzer Black Mathews Damper 12 in.","KIN-1401773","Axion"
"250085","Axion Pro Quick Disconnect Black","KIN-1401775","Axion"
"250120","Axion Pro Side Bar Mount Black","KIN-1401776","Axion"
"243778","BloodSport R.O.C. Outserts Red .255 6 pk.","KIN-1401780","Bloodsport"
"250631","Trophy Taker Smackdown Lock Up Rest Black RH","KIN-1401874","Trophy Taker"
"246285","Ramcat Cage Ripper Broadheads 100 gr. 3 pk.","KIN-1401876","RAMCAT"
"249532","Limbsaver Spartan Stabilizer Camo 4.25 in.","KIN-1401890","LIMBSAVER"
"249639","Limbsaver Spartan Stabilizer Black 4.25 in.","KIN-1401891","LIMBSAVER"
"250249","Limbsaver Silent Quiver Realtree Xtra Green 5 Arrow","KIN-1401897","LIMBSAVER"
"250264","Limbsaver Silent Quiver Black 5 Arrow","KIN-1401898","LIMBSAVER"
"249389","Limbsaver Broadband Dampeners Solid Limb Multipack","KIN-1401899","LIMBSAVER"
"249390","Limbsaver Broadband Dampeners Split Limb Multipack","KIN-1401900","LIMBSAVER"
"249391","Limbsaver Decelerator Replacement Module Black","KIN-1401901","LIMBSAVER"
"249373","Limbsaver Decelerator Replacement Module Camo","KIN-1401902","LIMBSAVER"
"249393","Limbsaver Stabilizer Dampener Camo","KIN-1401903","LIMBSAVER"
"249627","Limbsaver Hunter Micro Stabilizer Black 8 in.","KIN-1401904","LIMBSAVER"
"250047","Limbsaver FW1 Stabilizer Enhancer Blue","KIN-1401907","LIMBSAVER"
"249628","Limbsaver Hunter Micro Lite Stabilizer Mossy Oak Country 7 in.","KIN-1401909","LIMBSAVER"
"250558","Treelimb Riser Mount Kit Mathews Configuration","KIN-1402029","Treelimb"
"250564","Treelimb Riser Mount Kit Bowtech Configuration","KIN-1402030","Treelimb"
"246336","Viper Spectre Broadheads 100 gr. 4 pk.","KIN-1402076","Viper"
"246286","Viper Spectre Broadheads 125 gr. 4 pk.","KIN-1402077","Viper"
"251950","Mission Crossbow Bolts 19 in. 250 gr. 3 pk.","KIN-1402371","Mission"
"251951","Mission Crossbow Bolts 19 in. 300 gr. 3 pk.","KIN-1402372","Mission"
"251953","Mission Lighted Crossbow Bolts 19 in. 3 pk.","KIN-1402373","Mission"
"251952","Mission Crossbow Bolts 22 in. 3 pk.","KIN-1402374","Mission"
"251954","Mission Lighted Crossbow Bolts 22 in. 3 pk.","KIN-1402375","Mission"
"248826","Saunders Brass Nok Set Red 16-18 Strand 100 pk.","KIN-1402376","SAUNDERS"
"248828","Saunders Brass Nok Set Red 16-18 Strand 1000 pk.","KIN-1402377","SAUNDERS"
"244336","Saunders Field Points 5/16 145 gr. 100 pk.","KIN-1402378","SAUNDERS"
"248783","Saunders Brass Nok Set Hunter Black 12-14 Strand 100 pk.","KIN-1402379","SAUNDERS"
"248803","Saunders Brass Nok Set Hunter Black 12-14 Strand 1000 pk.","KIN-1402380","SAUNDERS"
"252338","Saunders Power Pull Upper Body Conditioner w/ Weights","KIN-1402381","SAUNDERS"
"248827","Saunders Brass Nok Set Target Blue 8-10 Strand 1000 pk.","KIN-1402388","SAUNDERS"
"251558","RPM Bowfishing Turbo Point","KIN-1402438","Rpm Bowfishing"
"251666","RPM Bowfishing Arrow Holder Locker","KIN-1402439","Rpm Bowfishing"
"251674","RPM Bowfishing Monkey Wire 150 ft.","KIN-1402440","Rpm Bowfishing"
"251653","RPM Bowfishing Arrow Holder Sidewinder","KIN-1402441","Rpm Bowfishing"
"250455","Tarantula Broadhead Hip Quiver Camo","KIN-1402492","Tarantula"
"250456","Tarantula MAQ Quiver Camo","KIN-1402505","Tarantula"
"248527","RAD P-38 Peep Sight Black 3/16 in.","KIN-1402509","Radical Archery Designs"
"248543","RAD Dipped Latex Tubing 50 ft.","KIN-1402511","Radical Archery Designs"
"248435","RAD Super Deuce 38 Peep Sight Orange 3/16 in.","KIN-1402512","Radical Archery Designs"
"248436","RAD Double Deuce Peep Sight 5mm/6mm Black","KIN-1402513","Radical Archery Designs"
"247476","Zebra Hybrid Split Cable Tan/Black Chill X 32 7/8 in.","KIN-1402548","ZEBRA"
"247512","Zebra Hybrid Split Cable Creed Camo 32 3/4 in.","KIN-1402549","ZEBRA"
"247198","Zebra Hybrid String Camo 51 1/2 in.","KIN-1402551","ZEBRA"
"247267","Zebra Hybrid String Camo 51 1/4 in.","KIN-1402552","ZEBRA"
"247334","Zebra Hybrid String Camo 52 3/4 in.","KIN-1402553","ZEBRA"
"247199","Zebra Hybrid String Camo 91 1/2 in.","KIN-1402554","ZEBRA"
"247268","Zebra Hybrid String Camo 94 3/4 in.","KIN-1402555","ZEBRA"
"247269","Zebra Hybrid String Camo 86 1/2 in.","KIN-1402556","ZEBRA"
"247270","Zebra Hybrid String Camo 91 5/8 in.","KIN-1402557","ZEBRA"
"247271","Zebra Hybrid String Drenalin LD Camo 99 3/4 in.","KIN-1402558","ZEBRA"
"247616","Zebra Hybrid Control Cable Camo 36 7/8 in.","KIN-1402559","ZEBRA"
"247272","Zebra Hybrid String Camo 87 1/2 in.","KIN-1402560","ZEBRA"
"247335","Zebra Hybrid String Camo 91 3/8 in.","KIN-1402561","ZEBRA"
"247200","Zebra Hybrid String Camo 87 3/4 in.","KIN-1402562","ZEBRA"
"247201","Zebra Hybrid String Camo 88 in.","KIN-1402563","ZEBRA"
"247329","Zebra Hybrid String Camo 88 1/8 in.","KIN-1402564","ZEBRA"
"247273","Zebra Hybrid String Camo 92 3/4 in.","KIN-1402565","ZEBRA"
"247274","Zebra Hybrid String Outback Camo 90 3/8 in.","KIN-1402566","ZEBRA"
"247275","Zebra Hybrid String Creed XS Camo 88 1/2 in.","KIN-1402567","ZEBRA"
"247585","Zebra Hybrid Control Cable Camo 36 1/4 in.","KIN-1402568","ZEBRA"
"247276","Zebra Hybrid String Camo 89 in.","KIN-1402569","ZEBRA"
"247617","Zebra Hybrid Control Cable Camo 37 1/2 in.","KIN-1402570","ZEBRA"
"247277","Zebra Hybrid String ReezenCamo 90 3/4 in.","KIN-1402571","ZEBRA"
"247330","Zebra Hybrid String Camo 85 1/2 in.","KIN-1402572","ZEBRA"
"247513","Zebra Trophy Split Cable Craze Black 31 in.","KIN-1402573","ZEBRA"
"247336","Zebra Hybrid String Camo 93 3/4 in.","KIN-1402574","ZEBRA"
"247202","Zebra Hybrid String Outlaw Camo 91 11/16 in.","KIN-1402575","ZEBRA"
"247517","Zebra Hybrid Split Cable Outlaw Camo 33 1/16 in.","KIN-1402576","ZEBRA"
"247203","Zebra Hybrid String Camo 90 1/4 in.","KIN-1402577","ZEBRA"
"247518","Zebra Hybrid Split Cable Heli-M Camo 32 3/4 in.","KIN-1402579","ZEBRA"
"247278","Zebra Hybrid String Camo 52 in.","KIN-1402580","ZEBRA"
"247331","Zebra Hybrid String Camo 90 1/16&quote;","KIN-1402582","ZEBRA"
"247514","Zebra Trophy Split Cable Heli-M 32 3/4 in.","KIN-1402583","ZEBRA"
"247204","Zebra Hybrid String Camo 55 3/4 in.","KIN-1402584","ZEBRA"
"247337","Zebra Hybrid String Camo 91 3/4 in.","KIN-1402585","ZEBRA"
"247519","Zebra Hybrid Split Cable Drenalin 35 5/8 in.","KIN-1402586","ZEBRA"
"247338","Zebra Hybrid String Camo 93 1/8 in.","KIN-1402587","ZEBRA"
"247515","Zebra Hybrid Split Cable Z7 32 1/2 in.","KIN-1402588","ZEBRA"
"247339","Zebra Hybrid String Tan/Black Z7 Extreme 82 7/8 in.","KIN-1402589","ZEBRA"
"247477","Zebra Hybrid Split Cable Switchback 35 1/2 in.","KIN-1402590","ZEBRA"
"247340","Zebra Hybrid String Razors Edge Camo 50 1/8 in.","KIN-1402591","ZEBRA"
"247332","Zebra Hybrid String Heli-M Camo 88 in.","KIN-1402592","ZEBRA"
"247516","Zebra Hybrid Split Cable Razors Edge Camo 32 in.","KIN-1402593","ZEBRA"
"247205","Zebra Hybrid String Drenalin Camo 91 5/8 in.","KIN-1402594","ZEBRA"
"247279","Zebra Hybrid String Switchback Camo 91 3/4 in.","KIN-1402595","ZEBRA"
"247280","Zebra Hybrid String DXT Camo 86 1/4 in.","KIN-1402596","ZEBRA"
"247281","Zebra Hybrid String Switchback XT Camo 87 3/4 in.","KIN-1402597","ZEBRA"
"249343","30-06 Roller Cable Slide Black","KIN-1402607","30-06"
"250981","Limbsaver Arrow Puller Black","KIN-1402608","LIMBSAVER"
"250986","Limbsaver Arrow Puller OD Green","KIN-1402609","LIMBSAVER"
"250976","Limbsaver Arrow Puller Blue","KIN-1402610","LIMBSAVER"
"250982","Limbsaver Arrow Puller Purple","KIN-1402612","LIMBSAVER"
"250983","Limbsaver Arrow Puller Pink","KIN-1402613","LIMBSAVER"
"250984","Limbsaver Arrow Puller Red","KIN-1402614","LIMBSAVER"
"250977","Limbsaver Arrow Puller Orange","KIN-1402615","LIMBSAVER"
"250098","X-Factor Xtreme Side Bar Mount Silver/Black","KIN-1402617","X FACTOR"
"249299","LOC Outdoorz Pro HuntR Bow Carrier Camo","KIN-1402619","LOC OUTDOORZ"
"249301","LOC Outdoorz Pro HuntR Bow Carrier Black","KIN-1402620","LOC OUTDOORZ"
"249162","LOC Outdoorz DLX Wrist Sling Loc2 Camo","KIN-1402621","LOC OUTDOORZ"
"249163","LOC Outdoorz DLX Wrist Sling Reaper Camo","KIN-1402622","LOC OUTDOORZ"
"249164","LOC Outdoorz DLX Wrist Sling Granite","KIN-1402623","LOC OUTDOORZ"
"249193","LOC Outdoorz DLX Wrist Sling Black","KIN-1402624","LOC OUTDOORZ"
"250790","Specialty Archery Timberdoodle II Rest Black RH","KIN-1402625","SPECIALTY ARCHERY"
"250038","Conquest Steel Stackable Weights Matte Black 2 oz. 1.75 in. 5/16-24 Thread","KIN-1402643","Conquest Archery"
"250039","Conquest Steel Stackable Weights Matte Black 3 oz. 1.75 in. 5/16-24 Thread","KIN-1402644","Conquest Archery"
"250014","Conquest Steel Stackable Weights Matte Black 4 oz. 1.75 in. 5/16-24 Thread","KIN-1402645","Conquest Archery"
"250015","Conquest Steel Stackable Weights Matte Black 5 oz. 1.75 in. 5/16-24 Thread","KIN-1402646","Conquest Archery"
"250016","Conquest Steel Stackable Weights Matte Black 6 oz. 1.75 in. 5/16-24 Thread","KIN-1402647","Conquest Archery"
"250048","Conquest Steel Stackable Weights Matte Black 8 oz. 1.75 in. 5/16-24 Thread","KIN-1402648","Conquest Archery"
"249910","Conquest Smacdown .500 Front Bar 24 in","KIN-1402649","Conquest Archery"
"249911","Conquest Smacdown .500 Front Bar 30 in.","KIN-1402651","Conquest Archery"
"249934","Conquest Smacdown .500 Front Bar 33 in.","KIN-1402652","Conquest Archery"
"249450","Conquest Smacdown .625 Hunter Stabilizer Kit Black 10/8 in.","KIN-1402656","Conquest Archery"
"249629","Conquest Smacdown .625 Hunter Stabilizer Kit Black 8/6 in.","KIN-1402657","Conquest Archery"
"249320","Conquest Telescopic String Supressor Front","KIN-1402658","Conquest Archery"
"249313","Conquest Telescopic String Supressor Rear Econo Plus","KIN-1402659","Conquest Archery"
"249322","Conquest Telescopic String Supressor Rear Economy","KIN-1402660","Conquest Archery"
"249321","Conquest Telescopic String Supressor Rear Heavy","KIN-1402661","Conquest Archery"
"250126","AAE Stable Lock Quick Disconnect Black","KIN-1402679","AAE"
"249346","AAE Slippery Cable Slide White","KIN-1402681","AAE"
"249337","PSE Cable Slide Black","KIN-1402685","PSE"
"248437","RAD UVR Peep Tubing Grey 50 ft.","KIN-1402688","Radical Archery Designs"
"248438","RAD Super Deuce 38 Peep Sight Blue 3/16 in.","KIN-1402689","Radical Archery Designs"
"248439","RAD Super Deuce 38 Peep Sight Purple 3/16 in.","KIN-1402690","Radical Archery Designs"
"245569","Bohning Blazer Vane Combo White/Neon Orange 36 pk.","KIN-1402691","BOHNING"
"245858","Bohning Blazer Vane Combo White/Neon Green 36 pk.","KIN-1402692","BOHNING"
"245570","Bohning Blazer Vane Combo White/Red 36 pk.","KIN-1402693","BOHNING"
"245765","Bohning Blazer Vane Combo White/Neon Yellow 36 pk.","KIN-1402694","BOHNING"
"245378","Bohning Blazer Vane Combo White/Hot Pink 36 pk.","KIN-1402695","BOHNING"
"251831","Mission RSD Crossbow Crank","KIN-1402705","Mission"
"251283","B3 Omega Release 3 Finger Brass","KIN-1402761","B3"
"251605","Quick Draw Bowfishing Rest Green RH/LH","KIN-1402769","Quick Draw"
"245571","AAE Trad Vanes Black 3 in. 50 pk.","KIN-1402770","AAE"
"245859","AAE Trad Vanes Blue 3 in. 50 pk.","KIN-1402771","AAE"
"245379","AAE Trad Vanes Bright Green 3 in. 50 pk.","KIN-1402772","AAE"
"245380","AAE Trad Vanes Fire Orange 3 in. 50 pk.","KIN-1402773","AAE"
"245860","AAE Trad Vanes Hot Pink 3 in. 50 pk.","KIN-1402774","AAE"
"245766","AAE Trad Vanes Purple 3 in. 50 pk.","KIN-1402775","AAE"
"245381","AAE Trad Vanes Red 3 in. 50 pk.","KIN-1402776","AAE"
"245767","AAE Trad Vanes Sunset Gold 3 in. 50 pk.","KIN-1402777","AAE"
"245861","AAE Trad Vanes White 3 in. 50 pk.","KIN-1402778","AAE"
"245768","AAE Trad Vanes Yellow 3 in. 50 pk.","KIN-1402779","AAE"
"245572","AAE Trad Vanes Black 4 in. 50 pk.","KIN-1402780","AAE"
"245382","AAE Trad Vanes Blue 4 in. 50 pk.","KIN-1402781","AAE"
"245769","AAE Trad Vanes Bright Green 4 in. 50 pk.","KIN-1402782","AAE"
"245862","AAE Trad Vanes Fire Orange 4 in. 50 pk.","KIN-1402783","AAE"
"245770","AAE Trad Vanes Hot Pink 4 in. 50 pk.","KIN-1402784","AAE"
"245383","AAE Trad Vanes Purple 4 in. 50 pk.","KIN-1402785","AAE"
"245771","AAE Trad Vanes Red 4 in. 50 pk.","KIN-1402786","AAE"
"245384","AAE Trad Vanes Sunset Gold 4 in. 50 pk.","KIN-1402787","AAE"
"245863","AAE Trad Vanes White 4 in. 50 pk.","KIN-1402788","AAE"
"245385","AAE Trad Vanes Yellow 4 in. 50 pk.","KIN-1402789","AAE"
"245772","AAE Trad Vanes Black 5 in. 50 pk.","KIN-1402790","AAE"
"245773","AAE Trad Vanes Blue 5 in. 50 pk.","KIN-1402791","AAE"
"245573","AAE Trad Vanes Bright Green 5 in. 50 pk.","KIN-1402792","AAE"
"245864","AAE Trad Vanes Fire Orange 5 in. 50 pk.","KIN-1402793","AAE"
"245386","AAE Trad Vanes Hot Pink 5 in. 50 pk.","KIN-1402794","AAE"
"245574","AAE Trad Vanes Purple 5 in. 50 pk.","KIN-1402795","AAE"
"245575","AAE Trad Vanes Red 5 in. 50 pk.","KIN-1402796","AAE"
"245774","AAE Trad Vanes Sunset Gold 5 in. 50 pk.","KIN-1402797","AAE"
"245387","AAE Trad Vanes White 5 in. 50 pk.","KIN-1402798","AAE"
"245576","AAE Trad Vanes Yellow 5 in. 50 pk.","KIN-1402799","AAE"
"251629","Quick Draw Bowfishing Rest Black RH/LH","KIN-1402800","Quick Draw"
"251667","Quick Draw Bowfishing Line Puller Black","KIN-1402801","Quick Draw"
"251668","Quick Draw Bowfishing Line Puller Silver","KIN-1402803","Quick Draw"
"245778","AAE Elite Plastifletch Vanes Purple 2.875 in. 100 pk.","KIN-1402813","AAE"
"245779","Bohning Blazer Vane Combo White/American Flag 36 pk.","KIN-1402815","BOHNING"
"245865","TAC Vanes Summit Vanes White 2 in. 36 pk.","KIN-1402829","Tac Vanes"
"245388","TAC Vanes Summit Vanes Yellow 2 in. 36 pk.","KIN-1402830","Tac Vanes"
"245389","TAC Vanes Summit Vanes Green 2 in. 36 pk.","KIN-1402831","Tac Vanes"
"245866","TAC Vanes Summit Vanes Orange 2 in. 36 pk.","KIN-1402832","Tac Vanes"
"245577","TAC Vanes Summit Vanes Pink 2 in. 36 pk.","KIN-1402833","Tac Vanes"
"245780","TAC Vanes Summit Vanes Red 2 in. 36 pk.","KIN-1402834","Tac Vanes"
"245578","TAC Vanes Summit Vanes Blue 2 in. 36 pk.","KIN-1402835","Tac Vanes"
"245579","TAC Vanes Summit Vanes Purple 2 in. 36 pk.","KIN-1402836","Tac Vanes"
"245580","TAC Vanes Summit Vanes Black 2 in. 36 pk.","KIN-1402837","Tac Vanes"
"245390","TAC Vanes Summit Vanes Turquoise 2 in. 36 pk.","KIN-1402838","Tac Vanes"
"245581","TAC Vanes Summit Vanes White 2 in. 100 pk.","KIN-1402839","Tac Vanes"
"245391","TAC Vanes Summit Vanes Yellow 2 in. 100 pk.","KIN-1402840","Tac Vanes"
"245582","TAC Vanes Summit Vanes Green 2 in. 100 pk.","KIN-1402841","Tac Vanes"
"245583","TAC Vanes Summit Vanes Orange 2 in. 100 pk.","KIN-1402842","Tac Vanes"
"245392","TAC Vanes Summit Vanes Pink 2 in. 100 pk.","KIN-1402843","Tac Vanes"
"245584","TAC Vanes Summit Vanes Red 2 in. 100 pk.","KIN-1402844","Tac Vanes"
"245393","TAC Vanes Summit Vanes Blue 2 in. 100 pk.","KIN-1402845","Tac Vanes"
"245781","TAC Vanes Summit Vanes Purple 2 in. 100 pk.","KIN-1402846","Tac Vanes"
"245394","TAC Vanes Summit Vanes Black 2 in. 100 pk.","KIN-1402847","Tac Vanes"
"245867","TAC Vanes Summit Vanes Turquoise 2 in. 100 pk.","KIN-1402848","Tac Vanes"
"245395","TAC Vanes Matrix Vanes White 2 in. 36 pk.","KIN-1402849","Tac Vanes"
"245868","TAC Vanes Matrix Vanes Yellow 2 in. 36 pk.","KIN-1402850","Tac Vanes"
"245585","TAC Vanes Matrix Vanes Green 2 in. 36 pk.","KIN-1402851","Tac Vanes"
"245782","TAC Vanes Matrix Vanes Orange 2 in. 36 pk.","KIN-1402852","Tac Vanes"
"245783","TAC Vanes Matrix Vanes Pink 2 in. 36 pk.","KIN-1402853","Tac Vanes"
"245586","TAC Vanes Matrix Vanes Red 2 in. 36 pk.","KIN-1402854","Tac Vanes"
"245784","TAC Vanes Matrix Vanes Blue 2 in. 36 pk.","KIN-1402855","Tac Vanes"
"245396","TAC Vanes Matrix Vanes Purple 2 in. 36 pk.","KIN-1402856","Tac Vanes"
"245785","TAC Vanes Matrix Vanes Black 2 in. 36 pk.","KIN-1402857","Tac Vanes"
"245869","TAC Vanes Matrix Vanes Turquoise 2 in. 36 pk.","KIN-1402858","Tac Vanes"
"245786","TAC Vanes Matrix Vanes White 2 in. 100 pk.","KIN-1402859","Tac Vanes"
"245587","TAC Vanes Matrix Vanes Yellow 2 in. 100 pk.","KIN-1402860","Tac Vanes"
"245870","TAC Vanes Matrix Vanes Green 2 in. 100 pk.","KIN-1402861","Tac Vanes"
"245787","TAC Vanes Matrix Vanes Orange 2 in. 100 pk.","KIN-1402862","Tac Vanes"
"245788","TAC Vanes Matrix Vanes Pink 2 in. 100 pk.","KIN-1402863","Tac Vanes"
"245871","TAC Vanes Matrix Vanes Red 2 in. 100 pk.","KIN-1402864","Tac Vanes"
"245789","TAC Vanes Matrix Vanes Blue 2 in. 100 pk.","KIN-1402865","Tac Vanes"
"245397","TAC Vanes Matrix Vanes Purple 2 in. 100 pk.","KIN-1402866","Tac Vanes"
"245790","TAC Vanes Matrix Vanes Black 2 in. 100 pk.","KIN-1402867","Tac Vanes"
"245588","TAC Vanes Matrix Vanes Turquoise 2 in. 100 pk.","KIN-1402868","Tac Vanes"
"245791","TAC Vanes Matrix Vanes White 2.25 in. 36 pk.","KIN-1402869","Tac Vanes"
"245872","TAC Vanes Matrix Vanes Yellow 2.25 in. 36 pk.","KIN-1402870","Tac Vanes"
"245589","TAC Vanes Matrix Vanes Green 2.25 in. 36 pk.","KIN-1402871","Tac Vanes"
"245398","TAC Vanes Matrix Vanes Orange 2.25 in. 36 pk.","KIN-1402872","Tac Vanes"
"245399","TAC Vanes Matrix Vanes Pink 2.25 in. 36 pk.","KIN-1402873","Tac Vanes"
"245590","TAC Vanes Matrix Vanes Red 2.25 in. 36 pk.","KIN-1402874","Tac Vanes"
"245400","TAC Vanes Matrix Vanes Blue 2.25 in. 36 pk.","KIN-1402875","Tac Vanes"
"245792","TAC Vanes Matrix Vanes Purple 2.25 in. 36 pk.","KIN-1402876","Tac Vanes"
"245401","TAC Vanes Matrix Vanes Black 2.25 in. 36 pk.","KIN-1402877","Tac Vanes"
"245873","TAC Vanes Matrix Vanes Turquoise 2.25 in. 36 pk.","KIN-1402878","Tac Vanes"
"245402","TAC Vanes Matrix Vanes White 2.25 in. 100 pk.","KIN-1402879","Tac Vanes"
"245874","TAC Vanes Matrix Vanes Yellow 2.25 in.100 pk.","KIN-1402880","Tac Vanes"
"245591","TAC Vanes Matrix Vanes Green 2.25 in. 100 pk.","KIN-1402881","Tac Vanes"
"245793","TAC Vanes Matrix Vanes Orange 2.25 in. 100 pk.","KIN-1402882","Tac Vanes"
"245794","TAC Vanes Matrix Vanes Pink 2.25 in. 100 pk.","KIN-1402883","Tac Vanes"
"245592","TAC Vanes Matrix Vanes Red 2.25 in. 100 pk.","KIN-1402884","Tac Vanes"
"245795","TAC Vanes Matrix Vanes Blue 2.25 in. 100 pk.","KIN-1402885","Tac Vanes"
"245403","TAC Vanes Matrix Vanes Purple 2.25 in. 100 pk.","KIN-1402886","Tac Vanes"
"245796","TAC Vanes Matrix Vanes Black 2.25 in. 100 pk.","KIN-1402887","Tac Vanes"
"245875","TAC Vanes Matrix Vanes Turquoise 2.25 in. 100 pk.","KIN-1402888","Tac Vanes"
"245797","TAC Vanes Driver Vanes White 2.75 in. 36 pk.","KIN-1402889","Tac Vanes"
"245798","TAC Vanes Driver Vanes Yellow 2.75 in. 36 pk.","KIN-1402890","Tac Vanes"
"245799","TAC Vanes Driver Vanes Green 2.75 in. 36 pk.","KIN-1402891","Tac Vanes"
"245876","TAC Vanes Driver Vanes Orange 2.75 in. 36 pk.","KIN-1402892","Tac Vanes"
"245593","TAC Vanes Driver Vanes Pink 2.75 in. 36 pk.","KIN-1402893","Tac Vanes"
"245404","TAC Vanes Driver Vanes Red 2.75 in. 36 pk.","KIN-1402894","Tac Vanes"
"245594","TAC Vanes Driver Vanes Blue 2.75 in 36 pk.","KIN-1402895","Tac Vanes"
"245595","TAC Vanes Driver Vanes Purple 2.75 in. 36 pk.","KIN-1402896","Tac Vanes"
"245596","TAC Vanes Driver Vanes Black 2.75 in. 36 pk.","KIN-1402897","Tac Vanes"
"245800","TAC Vanes Driver Vanes Turquoise 2.75 in. 36 pk.","KIN-1402898","Tac Vanes"
"245597","TAC Vanes Driver Vanes White 2.75 in. 100 pk.","KIN-1402899","Tac Vanes"
"245801","TAC Vanes Driver Vanes Yellow 2.75 in. 100 pk.","KIN-1402900","Tac Vanes"
"245802","TAC Vanes Driver Vanes Green 2.75 in. 100 pk.","KIN-1402901","Tac Vanes"
"245803","TAC Vanes Driver Vanes Orange 2.75 in. 100 pk.","KIN-1402902","Tac Vanes"
"245877","TAC Vanes Driver Vanes Pink 2.75 in. 100 pk.","KIN-1402903","Tac Vanes"
"245804","TAC Vanes Driver Vanes Red 2.75 in. 100 pk.","KIN-1402904","Tac Vanes"
"245878","TAC Vanes Driver Vanes Blue 2.75 in 100 pk.","KIN-1402905","Tac Vanes"
"245879","TAC Vanes Driver Vanes Purple 2.75 in. 100 pk.","KIN-1402906","Tac Vanes"
"245880","TAC Vanes Driver Vanes Black 2.75 in. 100 pk.","KIN-1402907","Tac Vanes"
"245405","TAC Vanes Driver Vanes Turquoise 2.75 in. 100 pk.","KIN-1402908","Tac Vanes"
"245805","TAC Vanes Driver Vanes White 3.75 in. 36 pk.","KIN-1402909","Tac Vanes"
"245806","TAC Vanes Driver Vanes Yellow 3.75 in. 36 pk.","KIN-1402910","Tac Vanes"
"245807","TAC Vanes Driver Vanes Green 3.75 in. 36 pk.","KIN-1402911","Tac Vanes"
"245808","TAC Vanes Driver Vanes Orange 3.75 in. 36 pk.","KIN-1402912","Tac Vanes"
"245809","TAC Vanes Driver Vanes Pink 3.75 in. 36 pk.","KIN-1402913","Tac Vanes"
"245598","TAC Vanes Driver Vanes Red 3.75 in. 36 pk.","KIN-1402914","Tac Vanes"
"245810","TAC Vanes Driver Vanes Blue 3.75 in. 36 pk.","KIN-1402915","Tac Vanes"
"245406","TAC Vanes Driver Vanes Purple 3.75 in. 36 pk.","KIN-1402916","Tac Vanes"
"245811","TAC Vanes Driver Vanes Black 3.75 in. 36 pk.","KIN-1402917","Tac Vanes"
"245407","TAC Vanes Driver Vanes Turquoise 3.75 in. 36 pk.","KIN-1402918","Tac Vanes"
"245881","TAC Vanes Driver Vanes White 3.75 in. 100 pk.","KIN-1402919","Tac Vanes"
"245408","TAC Vanes Driver Vanes Yellow 3.75 in. 100 pk.","KIN-1402920","Tac Vanes"
"245409","TAC Vanes Driver Vanes Green 3.75 in. 100 pk.","KIN-1402921","Tac Vanes"
"245410","TAC Vanes Driver Vanes Orange 3.75 in. 100 pk.","KIN-1402922","Tac Vanes"
"245411","TAC Vanes Driver Vanes Pink 3.75 in. 100 pk.","KIN-1402923","Tac Vanes"
"245599","TAC Vanes Driver Vanes Red 3.75 in. 100 pk.","KIN-1402924","Tac Vanes"
"245412","TAC Vanes Driver Vanes Blue 3.75 in. 100 pk.","KIN-1402925","Tac Vanes"
"245600","TAC Vanes Driver Vanes Purple 3.75 in. 100 pk.","KIN-1402926","Tac Vanes"
"245413","TAC Vanes Driver Vanes Black 3.75 in. 100 pk.","KIN-1402927","Tac Vanes"
"245812","TAC Vanes Driver Vanes Turquoise 3.75 in. 100 pk.","KIN-1402928","Tac Vanes"
"245191","TAC Vanes Arrow Wraps White 4.675 x 1.0 in. 13 pk.","KIN-1402929","Tac Vanes"
"245167","TAC Vanes Arrow Wraps Yellow 4.675 x 1.0 in. 13 pk.","KIN-1402930","Tac Vanes"
"245168","TAC Vanes Arrow Wraps Green 4.675 x 1.0 in. 13 pk.","KIN-1402931","Tac Vanes"
"245192","TAC Vanes Arrow Wraps Orange 4.675 x 1.0 in. 13 pk.","KIN-1402932","Tac Vanes"
"245137","TAC Vanes Arrow Wraps Pink 4.675 x 1.0 in. 13 pk.","KIN-1402933","Tac Vanes"
"245169","TAC Vanes Arrow Wraps Red 4.675 x 1.0 in. 13 pk.","KIN-1402934","Tac Vanes"
"245138","TAC Vanes Arrow Wraps Blue 4.675 x 1.0 in. 13 pk.","KIN-1402935","Tac Vanes"
"245139","TAC Vanes Arrow Wraps Purple 4.675 x 1.0 in. 13 pk.","KIN-1402936","Tac Vanes"
"245140","TAC Vanes Arrow Wraps Turquoise 4.675 x 1.0 in. 13 pk.","KIN-1402937","Tac Vanes"
"245814","Bohning X3 Vanes Neon Yellow 1.75 in. 100 pk.","KIN-1402945","BOHNING"
"245815","Bohning X3 Vanes Black 2.25 in. 100 pk.","KIN-1402951","BOHNING"
"245882","Bohning X3 Vanes Blue 2.25 in. 100 pk.","KIN-1402952","BOHNING"
"245816","Bohning X3 Vanes Neon Green 2.25 in. 100 pk.","KIN-1402954","BOHNING"
"245883","Bohning X3 Vanes Neon Orange 2.25 in. 100 pk.","KIN-1402955","BOHNING"
"245884","Bohning X3 Vanes Neon Yellow 2.25 in. 100 pk.","KIN-1402957","BOHNING"
"245415","Bohning X3 Vanes Silver 2.25 in. 100 pk.","KIN-1402961","BOHNING"
"245416","Bohning X3 Vanes White 2.25 in. 100 pk.","KIN-1402962","BOHNING"
"244233","Bohning Screw In Bullet Point 17/64 85 gr. 12 pk.","KIN-1402963","BOHNING"
"244281","Bohning Screw In Bullet Point 17/64 100 gr. 12 pk.","KIN-1402964","BOHNING"
"244234","Bohning Screw In Bullet Point 17/64 125 gr. 12 pk.","KIN-1402965","BOHNING"
"244235","Bohning Screw In Bullet Point 9/32 100 gr. 12 pk.","KIN-1402967","BOHNING"
"244322","Bohning Screw In Bullet Point 9/32 125 gr. 12 pk.","KIN-1402968","BOHNING"
"244282","Bohning Screw In Bullet Point 19/64 85 gr. 12 pk.","KIN-1402969","BOHNING"
"244283","Bohning Screw In Bullet Point 19/64 100 gr. 12 pk.","KIN-1402970","BOHNING"
"244337","Bohning Screw In Bullet Point 5/16 85 gr. 12 pk.","KIN-1402972","BOHNING"
"244236","Bohning Screw In Bullet Point 5/16 100 gr. 12 pk.","KIN-1402973","BOHNING"
"244338","Bohning Screw In Bullet Point 5/16 125 gr. 12 pk.","KIN-1402974","BOHNING"
"244237","Bohning Screw In Bullet Point 21/64 100 gr. 12 pk.","KIN-1402975","BOHNING"
"244323","Bohning Screw In Bullet Point 21/64 125 gr. 12 pk.","KIN-1402976","BOHNING"
"244284","Bohning Screw In Bullet Point 11/32 100 gr. 12 pk.","KIN-1402977","BOHNING"
"244285","Bohning Screw In Bullet Point 11/32 125 gr. 12 pk.","KIN-1402978","BOHNING"
"246340","Thorn Archery GI Broadheads 2 Blade 110 gr. 3 pk.","KIN-1402983","Thorn Archery"
"246341","Thorn Archery GI Broadheads 2 Blade 120 gr. 3 pk.","KIN-1402985","Thorn Archery"
"246287","Thorn Archery Rift Broadheads 2 Blade 100 gr. 3 pk.","KIN-1402986","Thorn Archery"
"246342","Thorn Archery Rift Broadheads 2 Blade 125 gr. 3 pk.","KIN-1402987","Thorn Archery"
"246402","Thorn Archery Rift Crossbow Broadheads 2 Blade 100 gr. 3 pk.","KIN-1402988","Thorn Archery"
"246414","Thorn Archery Rift Crossbow Broadheads 2 Blade 125 gr. 3 pk.","KIN-1402989","Thorn Archery"
"244684","Bohning Multi-Fletcher Full Kit","KIN-1402990","BOHNING"
"250250","Black Mountain Carbon Fate Quiver Black 5 Arrow","KIN-1402995","PSE"
"250178","Black Mountain Torment Quiver Black 5 Arrow","KIN-1402996","PSE"
"250251","Black Mountain Hunter Quiver Black 5 Arrow","KIN-1402997","PSE"
"249533","Black Mountain Recon Stabilizer Black 10 in.","KIN-1403000","PSE"
"249644","Black Mountain Recon Stabilizer Black 6 in.","KIN-1403001","PSE"
"249451","PSE FX4 Stabilizer Black 4 in.","KIN-1403002","PSE"
"251818","PSE Crossbow Crank Sled Cocking Mechanism","KIN-1403004","PSE"
"250942","AAE Freakshow-QD Arrow Rest RH Extended","KIN-1403058","AAE"
"250943","AAE Freakshow-QD Arrow Rest LH Standard","KIN-1403059","AAE"
"250923","AAE Freakshow-QD Arrow Rest RH Standard","KIN-1403060","AAE"
"250944","AAE Freakshow-QD Arrow Rest LH Extended","KIN-1403061","AAE"
"250905","AAE Freakshow Sling Blade Launcher Arm RH","KIN-1403062","AAE"
"250906","AAE Freakshow Sling Blade Launcher Arm LH","KIN-1403063","AAE"
"250654","Trophy Taker Smackdown Pro Lockup Rest Black RH Click Micro","KIN-1403088","Trophy Taker"
"250632","Trophy Taker X-Treme Pro Lockup Rest Black RH Click Micro","KIN-1403089","Trophy Taker"
"250703","Trophy Taker X-Treme Pro Lockup Rest Black RH","KIN-1403090","Trophy Taker"
"246609","Ramcat Diamondback Hybrid Broadhead 100 gr. 3 pk.","KIN-1403101","RAMCAT"
"250252","Ramcat Ultra Lite Quiver Black 5 Arrow","KIN-1403102","RAMCAT"
"245275","TAC Vanes Fletching Glue .5 oz.","KIN-1403121","Tac Vanes"
"245257","TAC Vanes Fletching Glue 1 oz.","KIN-1403122","Tac Vanes"
"245308","TAC Vanes Primer Pen .34 oz.","KIN-1403123","Tac Vanes"
"245238","TAC Vanes Fletching Kit .5 oz. Glue/.34 oz. Primer Pen","KIN-1403124","Tac Vanes"
"250265","Kwikee Kwiver Kwik-3 SS Quiver Realtree Edge 3 Arrow","KIN-1403130","KWIKEE KWIVER"
"250179","Kwikee Kwiver Combo Quiver Realtree Edge 4 Arrow","KIN-1403131","KWIKEE KWIVER"
"250266","Kwikee Kwiver Kompound Quiver Realtree Edge 6 Arrow","KIN-1403132","KWIKEE KWIVER"
"251726","Warrior River Zilla 385 Crossbow Package","KIN-1403154","30-06"
"252034","Warrior River Carbon Crossbow Bolt 20 in. Half Moon 72 pk.","KIN-1403155","30-06"
"252339","Steady Form Elite Series Black","KIN-1403176","Steady Form"
"246611","Zeus Broadhead 100 gr. 3 pk.","KIN-1403177","Steady Form"
"246610","Zeus Broadhead 125 gr. 3 pk.","KIN-1403178","Steady Form"
"251551","RPM Bowfishing NOS Arrow w/ Siren & Slide","KIN-1403180","Rpm Bowfishing"
"251552","RPM Bowfishing Fathom Arrow w/ Siren & Slide","KIN-1403182","Rpm Bowfishing"
"251553","RPM Bowfishing Octane Arrow w/ Siren & Slide","KIN-1403183","Rpm Bowfishing"
"251630","RPM Nitro XX Rest RH","KIN-1403184","Rpm Bowfishing"
"245417","Mission Crossbow Vanes 36 pk.","KIN-1403187","Mission"
"246525","K'Netix MV2 Broadhead Wrench w/ Broadhead Sharpener","KIN-1403241","ALLEN"
"246523","K'Netix Convergence Broadhead Wrench w/ Broadhead Sharpener","KIN-1403242","ALLEN"
"252353","K'Netix Newton Digital Bow Scale","KIN-1403243","ALLEN"
"252260","K'Netix Velovise Nocking Pliers","KIN-1403244","ALLEN"
"246343","Stryke Tomahawk Broadhead 100 gr. 3 pk.","KIN-1403247","ALLEN"
"246355","Stryke Therm-X Broadhead 100 gr. 3 pk.","KIN-1403248","ALLEN"
"249534","Apex End Game Stabilizer Kit Black 8 in./6 in. w/ Rear Mount","KIN-1403402","APEX"
"249323","Apex Tailwing String Stop Weight Black","KIN-1403403","APEX"
"250633","Apex Surge Rest Black RH","KIN-1403404","APEX"
"250699","Apex Surge Rest Black LH","KIN-1403405","APEX"
"250843","Apex Surge Rest Replacement Felt","KIN-1403406","APEX"
"251038","Apex Split-Grip Bow Stand Black","KIN-1403407","APEX"
"250267","Kwikee Kwiver Steel Air Quiver 3 Arrow","KIN-1403416","KWIKEE KWIVER"
"250268","Kwikee Kwiver Steel Air Quiver 4 Arrow","KIN-1403417","KWIKEE KWIVER"
"250254","Kwikee Kwiver Steel Air Quiver 6 Arrow","KIN-1403418","KWIKEE KWIVER"
"249296","Realtree Bow Sling","KIN-1403422","Realtree Outdoors"
"246415","Swhacker Crossbow Broadheads 125 gr. 2.25 in. Cut 3 Pk. w/ Set Screw","KIN-1403429","Swhacker"
"246345","Swhacker Levi Morgan Series Broadheads 125 gr. 2.25 in. Cut 3 pk. w/ Set Screw","KIN-1403434","Swhacker"
"245817","Bohning Blazer Vanes Blackout 36 pk.","KIN-1403436","BOHNING"
"245418","Bohning Blazer Vanes Blackout 100 pk.","KIN-1403437","BOHNING"
"245419","Bohning Griffin Vane Black 40 pk.","KIN-1403439","BOHNING"
"245818","Bohning Griffin Vane Hot Pink 40 pk.","KIN-1403440","BOHNING"
"245819","Bohning Griffin Vane Neon Green 40 pk.","KIN-1403441","BOHNING"
"245602","Bohning Griffin Vane Neon Orange 40 pk.","KIN-1403442","BOHNING"
"245886","Bohning Griffin Vane Neon Yellow 40 pk.","KIN-1403443","BOHNING"
"245420","Bohning Griffin Vane Red 40 pk.","KIN-1403444","BOHNING"
"245603","Bohning Griffin Vane Satin Blue 40 pk.","KIN-1403445","BOHNING"
"245604","Bohning Griffin Vane Silver 40 pk.","KIN-1403446","BOHNING"
"245820","Bohning Griffin Vane White 40 pk.","KIN-1403447","BOHNING"
"245112","Bohning Arrow Wraps Blackout 4 in. Standard 13 pk.","KIN-1403448","BOHNING"
"245141","Bohning Arrow Wraps Blackout 4 in. Small 13 pk.","KIN-1403449","BOHNING"
"245113","Bohning Arrow Wraps Blackout 4 in. X-Small 13 pk.","KIN-1403450","BOHNING"
"246156","Thorn Crown Fixed Blade Broadhead 100 gr. 3 pk.","KIN-1403459","Thorn Archery"
"246157","Thorn Crown Fixed Blade Broadhead 125 gr. 3 pk.","KIN-1403460","Thorn Archery"
"246561","Thorn Crown Rebuild Kit 3 pk.","KIN-1403461","Thorn Archery"
"242569","Carbon Express Maxima Triad Arrows 400 2 in. Vanes 6 pk.","KIN-1403463","CARBON EXPRESS"
"242243","Carbon Express Maxima Triad Arrows 350 2 in. Vanes 6 pk.","KIN-1403464","CARBON EXPRESS"
"242533","Carbon Express Maxima Triad Arrows 300 2 in. Vanes 6 pk.","KIN-1403465","CARBON EXPRESS"
"242244","Carbon Express D-Stroyer Mx Hunter Arrows 400 2 in. Vanes 6 pk.","KIN-1403466","CARBON EXPRESS"
"242534","Carbon Express D-Stroyer Mx Hunter Arrows 350 2 in. Vanes 6 pk.","KIN-1403467","CARBON EXPRESS"
"242535","Carbon Express D-Stroyer SD Arrows 350 2 in. Vanes 36 pk.","KIN-1403469","CARBON EXPRESS"
"242570","Carbon Express D-Stroyer Arrows 500 2 in. Vanes 36 pk.","KIN-1403470","CARBON EXPRESS"
"242373","Carbon Express D-Stroyer Arrows 400 2 in. Vanes 36 pk.","KIN-1403471","CARBON EXPRESS"
"242536","Carbon Express D-Stroyer Arrows 350 2 in. Vanes 36 pk.","KIN-1403472","CARBON EXPRESS"
"242537","Carbon Express Predator SD Arrows 400 2 in. Vanes 36 pk.","KIN-1403473","CARBON EXPRESS"
"242374","Carbon Express Predator SD Arrows 350 2 in. Vanes 36 pk.","KIN-1403474","CARBON EXPRESS"
"243716","Carbon Express Half-Out Inserts .203 #3 12 pk.","KIN-1403475","CARBON EXPRESS"
"248638","Bowmar Nose Button Green 2 pc. Small/Large","KIN-1403478","Bowmar Archery"
"248627","Bowmar Nose Button Black 2 pc. Small/Large","KIN-1403479","Bowmar Archery"
"248661","Bowmar Nose Button Blue 2 pc. Small/Large","KIN-1403480","Bowmar Archery"
"248639","Bowmar Nose Button Red 2 pc. Small/Large","KIN-1403481","Bowmar Archery"
"248628","Bowmar Nose Button Pink 2 pc. Small/Large","KIN-1403482","Bowmar Archery"
"248629","Bowmar Nose Button Purple 2 pc. Small/Large","KIN-1403483","Bowmar Archery"
"248640","Bowmar Nose Button Orange 2 pc. Small/Large","KIN-1403484","Bowmar Archery"
"248641","Bowmar Nose Button Yellow 2 pc. Small/Large","KIN-1403485","Bowmar Archery"
"249535","Limbsaver LS Hunter Micro Lite Stabilizer Realtree Edge 7 in.","KIN-1403486","LIMBSAVER"
"249536","Limbsaver LS Hunter Stabilizer Realtree Edge 8 in.","KIN-1403489","LIMBSAVER"
"249631","Limbsaver LS Hunter Lite Stabilizer Realtree Edge 7 in.","KIN-1403490","LIMBSAVER"
"249632","Limbsaver LS Hunter Stabilizer Realtree Edge 9.5 in.","KIN-1403491","LIMBSAVER"
"250211","Limbsaver Silent Quiver Realtree Edge 5 Arrow","KIN-1403493","LIMBSAVER"
"248440","Specialty Archery PXL Hunter Peep Black","KIN-1403498","SPECIALTY ARCHERY"
"251115","Stan Xtinction 2 Release Web Connect","KIN-1403500","Stanislawski"
"251116","Stan Xtinction 2 Release Direct Connect","KIN-1403501","Stanislawski"
"248478","Specialty Archery PXL Hunter Peep Aperture 3/16 in.","KIN-1403503","SPECIALTY ARCHERY"
"248528","Specialty Archery PXL Hunter Peep Aperture Kit 3 pc.","KIN-1403505","SPECIALTY ARCHERY"
"248441","Specialty Archery PXL Hunter Peep Clarifier No. 0.5 Gold","KIN-1403506","SPECIALTY ARCHERY"
"248544","Specialty Archery PXL Hunter Peep Clarifier No. 1.0 Yellow","KIN-1403507","SPECIALTY ARCHERY"
"248545","Specialty Archery PXL Hunter Peep Clarifier No. 1.5 Ice Blue","KIN-1403508","SPECIALTY ARCHERY"
"248529","Specialty Archery PXL Hunter Peep Clarifier No. 2.0 Green","KIN-1403509","SPECIALTY ARCHERY"
"248546","Specialty Archery PXL Hunter Peep Clarifier No. 3.0 Red","KIN-1403510","SPECIALTY ARCHERY"
"248479","Specialty Archery PXL Hunter Peep Verifier No. 4.0 Silver","KIN-1403511","SPECIALTY ARCHERY"
"248442","Specialty Archery PXL Hunter Peep Verifier No. 5.0 Purple","KIN-1403512","SPECIALTY ARCHERY"
"248480","Specialty Archery PXL Hunter Peep Verifier No. 6.0 Pink","KIN-1403513","SPECIALTY ARCHERY"
"248530","Specialty Archery PXL Hunter Peep Verifier No. 7.0 Blue","KIN-1403514","SPECIALTY ARCHERY"
"248547","Specialty Archery PXL Hunter Peep Verifier No. 8.0 White","KIN-1403515","SPECIALTY ARCHERY"
"248548","Specialty Archery PXL Hunter Peep Verifier No. 9.0 Orange","KIN-1403516","SPECIALTY ARCHERY"
"248549","Specialty Archery PXL Hunter Storage Case","KIN-1403517","SPECIALTY ARCHERY"
"248550","Specialty Archery PXL Hunter Peep Shade","KIN-1403518","SPECIALTY ARCHERY"
"242375","Victory VAP SS Elite Arrows 300 2 in. Vanes 6 pk.","KIN-1403526","Victory"
"242245","Victory VAP SS Elite Arrows 350 2 in. Vanes 6 pk.","KIN-1403527","Victory"
"242538","Victory VAP SS Elite Arrows 400 2 in. Vanes 6 pk.","KIN-1403528","Victory"
"242376","Victory VAP SS Gamer Arrows 300 2 in. Vanes 6 pk.","KIN-1403529","Victory"
"242539","Victory VAP SS Gamer Arrows 350 2 in. Vanes 6 pk.","KIN-1403530","Victory"
"242540","Victory VAP SS Gamer Arrows 400 2 in. Vanes 6 pk.","KIN-1403531","Victory"
"242571","Victory VAP SS Sport Arrows 300 2 in. Vanes 6 pk.","KIN-1403532","Victory"
"242377","Victory VAP SS Sport Arrows 350 2 in. Vanes 6 pk.","KIN-1403533","Victory"
"242378","Victory VAP SS Sport Arrows 400 2 in. Vanes 6 pk.","KIN-1403534","Victory"
"242246","Victory Carbon Trad Sport Arrows 350 4 in. Feathers 6 pk.","KIN-1403535","Victory"
"242541","Victory Carbon Trad Sport Arrows 450 4 in. Feathers 6 pk.","KIN-1403536","Victory"
"242247","Victory Carbon Trad Sport Arrows 550 4 in. Feathers 6 pk.","KIN-1403537","Victory"
"243783","Victory Aluminum Inserts V-Tac 23 37 gr. 12 pk.","KIN-1403538","Victory"
"243717","Victory Aluminum Inserts V-Tac 25 43 gr. 12 pk.","KIN-1403539","Victory"
"244123","Victory Uni-Bushings V-Tac 23 12 pk.","KIN-1403540","Victory"
"244146","Victory Pin Bushings V-Tac 23 12 pk.","KIN-1403542","Victory"
"244124","Victory Uni-Bushings V-Tac 25 12 pk.","KIN-1403543","Victory"
"244139","Victory Pin Bushings V-Tac 25 12 pk.","KIN-1403544","Victory"
"244107","Victory Uni-Bushings V-Tac 27 12 pk.","KIN-1403545","Victory"
"244140","Victory Pin Bushings V-Tac 27 12 pk.","KIN-1403546","Victory"
"244547","Victory Glue In Points V-Tac 23 80 gr. 12 pk.","KIN-1403547","Victory"
"244548","Victory Glue In Points V-Tac 23 100 gr. 12 pk.","KIN-1403548","Victory"
"244434","Victory Glue In Points V-Tac 23 120 gr. 12 pk.","KIN-1403549","Victory"
"244536","Victory Glue In Points V-Tac 23 150 gr. 12 pk.","KIN-1403550","Victory"
"244537","Victory Glue In Points V-Tac 25 80 gr. 12 pk.","KIN-1403551","Victory"
"244477","Victory Glue In Points V-Tac 25 100 gr. 12 pk.","KIN-1403552","Victory"
"244549","Victory Glue In Points V-Tac 25 120 gr. 12 pk.","KIN-1403553","Victory"
"244550","Victory Glue In Points V-Tac 25 150 gr. 12 pk.","KIN-1403554","Victory"
"244435","Victory Glue In Points V-Tac 27 150 gr. 12 pk.","KIN-1403555","Victory"
"244538","Victory Glue In Points V-Tac 27 200 gr. 12 pk.","KIN-1403556","Victory"
"244436","Victory Glue In Points V-Tac 27 250 gr. 12 pk.","KIN-1403557","Victory"
"244478","Victory Glue In Points V-Tac 27 300 gr. 12 pk.","KIN-1403558","Victory"
"243718","Victory Shok TL 2-Piece Inserts VAP/TKO/VAP-SS .166 Black 50 gr. 12 pk.","KIN-1403559","Victory"
"243719","Victory Shok TL 2-Piece Inserts VAP/TKO/VAP-SS .166 Gray 50 gr. 12 pk.","KIN-1403560","Victory"
"243720","Victory Shok TL 2-Piece Inserts VAP/TKO/VAP-SS .166 Green 50 gr. 12 pk.","KIN-1403561","Victory"
"243750","Victory Shok TL 2-Piece Inserts VAP/TKO/VAP-SS .166 Brown 50 gr. 12 pk.","KIN-1403562","Victory"
"243721","Victory Shok TL 2-Piece Inserts VAP/TKO/VAP-SS .166 Black 75 gr. 12 pk.","KIN-1403563","Victory"
"243784","Victory Shok TL 2-Piece Inserts VAP/TKO/VAP-SS .166 Gray 75 gr. 12 pk.","KIN-1403564","Victory"
"243780","Victory Shok TL 2-Piece Inserts VAP/TKO/VAP-SS .166 Green 75 gr. 12 pk.","KIN-1403565","Victory"
"243722","Victory Shok TL 2-Piece Inserts VAP/TKO/VAP-SS .166 Brown 75 gr. 12 pk.","KIN-1403566","Victory"
"243781","Grizzly Stik Two Piece Brass Insert 170 Spine 70 gr. 6 pk.","KIN-1403567","Victory"
"243782","Grizzly Stik Two Piece Brass Insert 320 Spine 70 gr. 6 pk.","KIN-1403569","Victory"
"243785","Grizzly Stik Two Piece Brass Insert 400 Spine 70 gr. 6 pk.","KIN-1403570","Victory"
"251138","B3 Nemesis Release Swivel Stem Black","KIN-1403571","HIT Outdoors"
"251117","B3 Rival Release Flex Connector Green","KIN-1403572","B3"
"251229","B3 Versa Pro Release 3/4 Finger Brass","KIN-1403573","HIT Outdoors"
"251286","B3 Versa Pro Release 3/4 Finger Blue Aluminun","KIN-1403574","HIT Outdoors"
"251293","B3 Omega Mini Release 3 Finger Black","KIN-1403576","HIT Outdoors"
"251294","B3 Omega Mini Release 3 Finger Blue","KIN-1403577","HIT Outdoors"
"251345","B3 Ghost Release Aluminum","KIN-1403583","HIT Outdoors"
"251336","B3 Mini BT Release 3 Finger Brass","KIN-1403584","HIT Outdoors"
"251361","B3 Mini BT Release 3 Finger Red","KIN-1403585","HIT Outdoors"
"246356","B3 Exoskeletal MEG Broadheads 125 gr. 3 Blade 2 pk.","KIN-1403586","HIT Outdoors"
"246202","B3 Exoskeletal Destrukt Broadheads 100 gr. 3 Blade 3 pk.","KIN-1403587","B3"
"250535","Selway Grayling Fred Bear Slide-On Quiver Recurve Brown 5 Arrow RH/LH","KIN-1403869","Grayling"
"250549","Selway Grayling Fred Bear Slide-On Quiver Longbow Brown 5 Arrow RH/LH","KIN-1403870","Grayling"
"250550","Selway Grayling Fred Bear Strap-On Quiver Recurve/Longbow Brown 5 Arrow RH/LH","KIN-1403871","Grayling"
"250539","Selway Grayling Fred Bear Quick Detach Quiver Recurve Brown 5 Arrow RH/LH","KIN-1403873","Grayling"
"250536","Selway Grayling Fred Bear Quick Detach Quiver Longbow Brown 5 Arrow RH/LH","KIN-1403874","Grayling"
"250540","Selway Grayling Fred Bear Side Mount Quiver Recurve/Longbow Brown 5 Arrow RH/LH 1/4-20","KIN-1403875","Grayling"
"250537","Selway Grayling Fred Bear Side Mount Quiver Recurve/Longbow Brown 5 Arrow RH/LH 10/24","KIN-1403876","Grayling"
"249537","Axion Elevate Pro Stabilizer Black Hybrid Dampener 6 in.","KIN-1403995","Axion"
"249538","Axion Elevate Pro Stabilizer Realtree Edge Hybrid Dampener 6 in.","KIN-1403996","Axion"
"249539","Axion Elevate Pro Stabilizer Black Hybrid Dampener 8 in.","KIN-1403997","Axion"
"249540","Axion Elevate Pro Stabilizer Realtree Edge Hybrid Dampener 8 in.","KIN-1403998","Axion"
"249633","Axion Elevate Pro Stabilizer Black Hybrid Dampener 10 in.","KIN-1403999","Axion"
"249645","Axion Elevate Pro Stabilizer Black Hybrid Dampener","KIN-1404000","Axion"
"246196","Wasp Havalon HV Broadheads 125 gr. 3 pk.","KIN-1404069","Wasp"
"250758","Saunders Aro-Gate Rest RH/LH","KIN-1404099","SAUNDERS"
"248784","Saunders Brass Nok Set Purple Long Cam 18-22 Strand 100 pk.","KIN-1404102","SAUNDERS"
"252371","HTM Standard Bow Vise","KIN-1404121","Htm"
"252366","HTM Quick Clamp Works w/ Bow Vise & 3rd Axis Vise","KIN-1404122","Htm"
"252219","Black Eagle Brass Inserts Executioner/Zombie Slayer X-Bow 80 gr. 12 pk.","KIN-1404123","Black Eagle"
"252220","Black Eagle Brass Inserts Executioner/Zombie Slayer X-Bow 92 gr. 12 pk.","KIN-1404124","Black Eagle"
"252221","Black Eagle Capture Nocks Clear 12 pk.","KIN-1404125","Black Eagle"
"242542","Black Eagle Carnivore Arrows .001 250 Blazer Vanes 6 pk.","KIN-1404126","Black Eagle"
"242248","Black Eagle Carnivore Arrows .003 250 Blazer Vanes 6 pk.","KIN-1404127","Black Eagle"
"242543","Black Eagle Carnivore Arrows .003 300 Blazer Vanes 6 pk.","KIN-1404128","Black Eagle"
"242572","Black Eagle Carnivore Arrows .003 350 Blazer Vanes 6 pk.","KIN-1404129","Black Eagle"
"242573","Black Eagle Carnivore Arrows .003 400 Blazer Vanes 6 pk.","KIN-1404130","Black Eagle"
"244141","Black Eagle Carnivore Pin Bushing 1 doz.","KIN-1404131","Black Eagle"
"242574","Black Eagle Deep Impact Arrows .001 300 Blazer Vanes 6 pk.","KIN-1404132","Black Eagle"
"242379","Black Eagle Deep Impact Arrows .001 350 Blazer Vanes 6 pk.","KIN-1404133","Black Eagle"
"242249","Black Eagle Deep Impact Arrows .001 400 Blazer Vanes 6 pk.","KIN-1404134","Black Eagle"
"242380","Black Eagle Deep Impact Arrows .001 500 Blazer Vanes 6 pk.","KIN-1404135","Black Eagle"
"242381","Black Eagle Deep Impact Arrows .003 300 Blazer Vanes 6 pk.","KIN-1404136","Black Eagle"
"242382","Black Eagle Deep Impact Arrows .003 350 Blazer Vanes 6 pk.","KIN-1404137","Black Eagle"
"242383","Black Eagle Deep Impact Arrows .003 400 Blazer Vanes 6 pk.","KIN-1404138","Black Eagle"
"242544","Black Eagle Deep Impact Arrows .003 500 Blazer Vanes 6 pk.","KIN-1404139","Black Eagle"
"244147","Black Eagle Pin Bushings Deep Impact 300 1 doz.","KIN-1404140","Black Eagle"
"244125","Black Eagle Pin Bushings Deep Impact 350 1 doz.","KIN-1404141","Black Eagle"
"244148","Black Eagle Pin Bushings Deep Impact 400 1 doz.","KIN-1404142","Black Eagle"
"244142","Black Eagle Pin Bushings Deep Impact 500 1 doz.","KIN-1404143","Black Eagle"
"252165","Black Eagle Flat Nock Aluminium 12 pk.","KIN-1404147","Black Eagle"
"252118","Black Eagle Flat Nock Black 12 pk.","KIN-1404148","Black Eagle"
"252166","Black Eagle Flat Nock Flo. Yellow 12 pk.","KIN-1404149","Black Eagle"
"252119","Black Eagle Flat Nock White 12 pk.","KIN-1404150","Black Eagle"
"252120","Black Eagle Half Moon Nocks Black 12 pk.","KIN-1404151","Black Eagle"
"252121","Black Eagle Half Moon Nocks Flo. Yellow 12 pk.","KIN-1404152","Black Eagle"
"252122","Black Eagle Half Moon Nocks White 12 pk.","KIN-1404153","Black Eagle"
"242545","Black Eagle Instinct Traditional Arrows .005 350 Green/Yellow Feathers 6 pk.","KIN-1404154","Black Eagle"
"242384","Black Eagle Instinct Traditional Arrows .005 400 Green/Yellow Feathers 6 pk.","KIN-1404155","Black Eagle"
"242385","Black Eagle Instinct Traditional Arrows .005 500 Green/Yellow Feathers 6 pk.","KIN-1404156","Black Eagle"
"242386","Black Eagle Instinct Traditional Arrows .005 600 Green/Yellow Feathers 6 pk.","KIN-1404157","Black Eagle"
"243984","Black Eagle Micro M Nock Blue 12 pk.","KIN-1404158","Black Eagle"
"243985","Black Eagle Micro M Nock Clear 12 pk.","KIN-1404159","Black Eagle"
"243986","Black Eagle Micro M Nock Flo. Orange 12 pk.","KIN-1404160","Black Eagle"
"243987","Black Eagle Micro M Nock Flo. Green 12 pk.","KIN-1404161","Black Eagle"
"243988","Black Eagle Micro M Nock Flo. Yellow 12 pk.","KIN-1404162","Black Eagle"
"243989","Black Eagle Micro M Nock Red 12 pk.","KIN-1404163","Black Eagle"
"243990","Black Eagle Micro M Nock Smoke 12 pk.","KIN-1404164","Black Eagle"
"243991","Black Eagle Micro ST M Nock Flo. Red 12 pk","KIN-1404165","Black Eagle"
"243992","Black Eagle Micro ST M Nock Flo. Green 12 pk.","KIN-1404166","Black Eagle"
"243993","Black Eagle Micro ST M Nock Flo. Orange 12 pk.","KIN-1404167","Black Eagle"
"243821","Black Eagle Outserts Deep Impact 500 12 pk.","KIN-1404168","Black Eagle"
"243822","Black Eagle Outserts X-Impact 300 12 pk.","KIN-1404169","Black Eagle"
"243823","Black Eagle Outserts X-Impact 350 12 pk.","KIN-1404170","Black Eagle"
"243824","Black Eagle Outserts X-Impact 400 12 pk.","KIN-1404171","Black Eagle"
"243825","Black Eagle Outserts X-Impact 500 12 pk.","KIN-1404172","Black Eagle"
"244094","Black Eagle Pin Nock Black 12 pk.","KIN-1404173","Black Eagle"
"244095","Black Eagle Pin Nock Red 12 pk.","KIN-1404174","Black Eagle"
"244096","Black Eagle Pin Nock White 12 pk.","KIN-1404175","Black Eagle"
"243994","Black Eagle R Nock Clear 12 pk.","KIN-1404176","Black Eagle"
"243995","Black Eagle R Nock Flo. Orange 12 pk.","KIN-1404177","Black Eagle"
"243996","Black Eagle R Nock Flo. Blue 12 pk.","KIN-1404178","Black Eagle"
"243997","Black Eagle R Nock Flo. Green 12 pk.","KIN-1404179","Black Eagle"
"243998","Black Eagle R Nock Flo. Pink 12 pk.","KIN-1404180","Black Eagle"
"243999","Black Eagle R Nock Flo. Purple 12 pk.","KIN-1404181","Black Eagle"
"244000","Black Eagle R Nock Flo. Yellow 12 pk.","KIN-1404182","Black Eagle"
"244001","Black Eagle R Nock Red 12 pk.","KIN-1404185","Black Eagle"
"244002","Black Eagle R Nock Smoke 12 pk.","KIN-1404186","Black Eagle"
"242714","Black Eagle Rampage Arrows .001 250 Blazer Vanes 6 pk.","KIN-1404187","Black Eagle"
"242715","Black Eagle Rampage Arrows .001 300 Blazer Vanes 6 pk.","KIN-1404188","Black Eagle"
"242716","Black Eagle Rampage Arrows .001 350 Blazer Vanes 6 pk.","KIN-1404189","Black Eagle"
"242717","Black Eagle Rampage Arrows .001 400 Blazer Vanes 6 pk.","KIN-1404190","Black Eagle"
"242718","Black Eagle Rampage Arrows .003 250 Blazer Vanes 6 pk.","KIN-1404191","Black Eagle"
"242722","Black Eagle Renegade Arrows .005 250 Blazer Vanes 6 pk.","KIN-1404192","Black Eagle"
"242723","Black Eagle Renegade Arrows .005 300 Blazer Vanes 6 pk.","KIN-1404193","Black Eagle"
"242724","Black Eagle Renegade Arrows .005 350 Blazer Vanes 6 pk.","KIN-1404194","Black Eagle"
"242725","Black Eagle Renegade Arrows .005 400 Blazer Vanes 6 pk.","KIN-1404195","Black Eagle"
"242727","Black Eagle Spartan Arrows .001 300 Blazer Vanes 6 pk.","KIN-1404196","Black Eagle"
"242728","Black Eagle Spartan Arrows .003 300 Blazer Vanes 6 pk.","KIN-1404197","Black Eagle"
"242729","Black Eagle Spartan Arrows .003 350 Blazer Vanes 6 pk.","KIN-1404198","Black Eagle"
"242730","Black Eagle Spartan Arrows .003 400 Blazer Vanes 6 pk.","KIN-1404199","Black Eagle"
"242731","Black Eagle Spartan Arrows .003 500 Blazer Vanes 6 pk.","KIN-1404200","Black Eagle"
"243820","Black Eagle Stainless Steel Inserts Spartan 12 pk.","KIN-1404201","Black Eagle"
"244185","Black Eagle Stainless Steel R Nock Bushing Spartan 12 pk.","KIN-1404203","Black Eagle"
"242732","Black Eagle Vintage Traditional Arrows .005 350 Green/Yellow Feathers 6 pk.","KIN-1404213","Black Eagle"
"242733","Black Eagle Vintage Traditional Arrows .005 400 Green/Yellow Feathers 6 pk.","KIN-1404214","Black Eagle"
"242734","Black Eagle Vintage Traditional Arrows .005 500 Green/Yellow Feathers 6 pk.","KIN-1404215","Black Eagle"
"242735","Black Eagle Vintage Traditional Arrows .005 600 Green/Yellow Feathers 6 pk.","KIN-1404216","Black Eagle"
"242737","Black Eagle X-Impact Arrows .001 250 Blazer Vanes 6 pk.","KIN-1404217","Black Eagle"
"242738","Black Eagle X-Impact Arrows .001 300 Blazer Vanes 6 pk.","KIN-1404218","Black Eagle"
"242739","Black Eagle X-Impact Arrows .001 350 Blazer Vanes 6 pk.","KIN-1404219","Black Eagle"
"242740","Black Eagle X-Impact Arrows .001 400 Blazer Vanes 6 pk.","KIN-1404220","Black Eagle"
"242741","Black Eagle X-Impact Arrows .001 500 Blazer Vanes 6 pk.","KIN-1404222","Black Eagle"
"242743","Black Eagle Zombie Slayer Arrows .001 300 Blazer Vanes 6 pk.","KIN-1404223","Black Eagle"
"242744","Black Eagle Zombie Slayer Arrows .001 350 Blazer Vanes 6 pk.","KIN-1404224","Black Eagle"
"242745","Black Eagle Zombie Slayer Arrows .001 400 Blazer Vanes 6 pk.","KIN-1404225","Black Eagle"
"242746","Black Eagle Zombie Slayer Arrows .001 500 Blazer Vanes 6 pk.","KIN-1404226","Black Eagle"
"242748","Black Eagle Zombie Slayer Arrows .003 300 Blazer Vanes 6 pk.","KIN-1404227","Black Eagle"
"242749","Black Eagle Zombie Slayer Arrows .003 350 Blazer Vanes 6 pk.","KIN-1404228","Black Eagle"
"242750","Black Eagle Zombie Slayer Arrows .003 400 Blazer Vanes 6 pk.","KIN-1404229","Black Eagle"
"242751","Black Eagle Zombie Slayer Arrows .003 500 Blazer Vanes 6 pk.","KIN-1404230","Black Eagle"
"252059","Black Eagle Zombie Slayer Crossbow Bolts .001 18 in. Blazer Vanes 6 pk.","KIN-1404231","Black Eagle"
"252060","Black Eagle Zombie Slayer Crossbow Bolts .001 20 in. Blazer Vanes 6 pk.","KIN-1404232","Black Eagle"
"252061","Black Eagle Zombie Slayer Crossbow Bolts .001 22 in. Blazer Vanes 6 pk.","KIN-1404233","Black Eagle"
"252062","Black Eagle Zombie Slayer Crossbow Bolts .003 18 in. Blazer Vanes 6 pk.","KIN-1404234","Black Eagle"
"252063","Black Eagle Zombie Slayer Crossbow Bolts .003 20 in. Blazer Vanes 6 pk.","KIN-1404235","Black Eagle"
"252064","Black Eagle Zombie Slayer Crossbow Bolts .003 22 in. Blazer Vanes 6 pk.","KIN-1404236","Black Eagle"
"245421","TAC Vanes Driver Vanes White 2 in. 36 pk.","KIN-1404241","Tac Vanes"
"245605","TAC Vanes Driver Vanes Yellow 2 in. 36 pk.","KIN-1404242","Tac Vanes"
"245422","TAC Vanes Driver Vanes Green 2 in. 36 pk.","KIN-1404260","Tac Vanes"
"245887","TAC Vanes Driver Vanes Orange 2 in. 36 pk.","KIN-1404317","Tac Vanes"
"245823","TAC Vanes Driver Vanes Pink 2 in. 36 pk.","KIN-1404318","Tac Vanes"
"245888","TAC Vanes Driver Vanes Red 2 in. 36 pk.","KIN-1404319","Tac Vanes"
"245423","TAC Vanes Driver Vanes Blue 2 in. 36 pk.","KIN-1404320","Tac Vanes"
"245424","TAC Vanes Driver Vanes Purple 2 in. 36 pk.","KIN-1404321","Tac Vanes"
"245606","TAC Vanes Driver Vanes Black 2 in. 36 pk.","KIN-1404322","Tac Vanes"
"245425","TAC Vanes Driver Vanes Turquoise 2 in. 36 pk.","KIN-1404323","Tac Vanes"
"245607","TAC Vanes Driver Vanes White 2 in. 100 pk.","KIN-1404324","Tac Vanes"
"245426","TAC Vanes Driver Vanes Yellow 2 in. 100 pk.","KIN-1404325","Tac Vanes"
"245824","TAC Vanes Driver Vanes Green 2 in. 100 pk.","KIN-1404326","Tac Vanes"
"245427","TAC Vanes Driver Vanes Orange 2 in. 100 pk.","KIN-1404327","Tac Vanes"
"245889","TAC Vanes Driver Vanes Pink 2 in. 100 pk.","KIN-1404328","Tac Vanes"
"245428","TAC Vanes Driver Vanes Red 2 in. 100 pk.","KIN-1404329","Tac Vanes"
"245890","TAC Vanes Driver Vanes Blue 2 in. 100 pk.","KIN-1404330","Tac Vanes"
"245608","TAC Vanes Driver Vanes Purple 2 in. 100 pk.","KIN-1404331","Tac Vanes"
"245825","TAC Vanes Driver Vanes Black 2 in. 100 pk.","KIN-1404332","Tac Vanes"
"245826","TAC Vanes Driver Vanes Turquoise 2 in. 100 pk.","KIN-1404333","Tac Vanes"
"245609","TAC Vanes Driver Vanes White 2.25 in. 36 pk.","KIN-1404334","Tac Vanes"
"245827","TAC Vanes Driver Vanes Yellow 2.25 in. 36 pk.","KIN-1404335","Tac Vanes"
"245429","TAC Vanes Driver Vanes Green 2.25 in. 36 pk.","KIN-1404336","Tac Vanes"
"245828","TAC Vanes Driver Vanes Orange 2.25 in. 36 pk.","KIN-1404337","Tac Vanes"
"245430","TAC Vanes Driver Vanes Pink 2.25 in. 36 pk.","KIN-1404338","Tac Vanes"
"245610","TAC Vanes Driver Vanes Red 2.25 in. 36 pk.","KIN-1404339","Tac Vanes"
"245431","TAC Vanes Driver Vanes Blue 2.25 in. 36 pk.","KIN-1404340","Tac Vanes"
"245611","TAC Vanes Driver Vanes Purple 2.25 in. 36 pk.","KIN-1404341","Tac Vanes"
"245612","TAC Vanes Driver Vanes Black 2.25 in. 36 pk.","KIN-1404342","Tac Vanes"
"245432","TAC Vanes Driver Vanes Turquoise 2.25 in. 36 pk.","KIN-1404343","Tac Vanes"
"245613","TAC Vanes Driver Vanes White 2.25 in. 100 pk.","KIN-1404344","Tac Vanes"
"245433","TAC Vanes Driver Vanes Yellow 2.25 in. 100 pk.","KIN-1404345","Tac Vanes"
"245829","TAC Vanes Driver Vanes Green 2.25 in. 100 pk.","KIN-1404346","Tac Vanes"
"245434","TAC Vanes Driver Vanes Orange 2.25 in. 100 pk.","KIN-1404347","Tac Vanes"
"245891","TAC Vanes Driver Vanes Pink 2.25 in. 100 pk.","KIN-1404348","Tac Vanes"
"245435","TAC Vanes Driver Vanes Red 2.25 in. 100 pk.","KIN-1404349","Tac Vanes"
"245436","TAC Vanes Driver Vanes Blue 2.25 in. 100 pk.","KIN-1404350","Tac Vanes"
"245437","TAC Vanes Driver Vanes Purple 2.25 in. 100 pk.","KIN-1404351","Tac Vanes"
"245892","TAC Vanes Driver Vanes Black 2.25 in. 100 pk.","KIN-1404352","Tac Vanes"
"245614","TAC Vanes Driver Vanes Turquoise 2.25 in. 100 pk.","KIN-1404353","Tac Vanes"
"251917","Bolt Loader Pliers","KIN-1404354","Thorn Archery"
"247333","Zebra Hybrid String Tan/Black Creed 92 1/4 in.","KIN-1404382","ZEBRA"
"250255","Mathews Arrow Web HD Quiver Realtree Edge 4 Arrow","KIN-1404383","MATHEWS"
"250212","Mathews Arrow Web HD Quiver Realtree Edge 6 Arrow","KIN-1404384","MATHEWS"
"250700","Mathews QAD UltraRest HDX Realtree Edge RH","KIN-1404385","MATHEWS"
"249452","Mathews Flatline Stabilizer Realtree Edge 6 in.","KIN-1404386","MATHEWS"
"249634","Mathews Flatline Stabilizer Realtree Edge 8 in.","KIN-1404387","MATHEWS"
"249646","Mathews Flatline Stabilizer Realtree Edge 10 in.","KIN-1404388","MATHEWS"
"249635","Mathews Flatline Stabilizer Realtree Edge 12 in.","KIN-1404389","MATHEWS"
"250099","Mathews Static Sidebar Mount Black","KIN-1404390","MATHEWS"
"249132","Mathews Flatback Grip Carbon RH","KIN-1404391","MATHEWS"
"249129","Mathews Engage Grip Carbon RH","KIN-1404392","MATHEWS"
"249130","Mathews Engage Grip Carbon LH","KIN-1404393","MATHEWS"
"249133","Mathews Engage Grip Side Plates Black RH","KIN-1404394","MATHEWS"
"249131","Mathews Engage Grip Side Plates Black LH","KIN-1404395","MATHEWS"
"247282","Zebra Hybrid String Tan/Black UltraLight 90 1/2 in.","KIN-1404399","ZEBRA"
"248481","Specialty Archery PXL Hunter EZ-View Verifier Kit No. 4 Silver","KIN-1404400","SPECIALTY ARCHERY"
"248551","Specialty Archery PXL Hunter EZ-View Verifier Kit No. 5 Purple","KIN-1404401","SPECIALTY ARCHERY"
"248443","Specialty Archery PXL Hunter EZ-View Verifier Kit No. 6 Pink","KIN-1404402","SPECIALTY ARCHERY"
"248444","Specialty Archery PXL Hunter EZ-View Verifier Kit No. 7 Blue","KIN-1404403","SPECIALTY ARCHERY"
"248552","Specialty Archery PXL Hunter EZ-View Verifier Kit No. 8 White","KIN-1404404","SPECIALTY ARCHERY"
"248531","Specialty Archery PXL Hunter EZ-View Verifier Kit No. 9 Orange","KIN-1404405","SPECIALTY ARCHERY"
"250269","Conquest Talon Quiver Black 5 Arrow","KIN-1404670","ConQuest"
"250213","Conquest Talon Quiver Black 5+2 Arrow","KIN-1404671","ConQuest"
"250256","Conquest Talon Quiver Realtree Edge 5 Arrow","KIN-1404672","ConQuest"
"250257","Conquest Talon Quiver Realtree Edge 5+2 Arrow","KIN-1404673","ConQuest"
"250214","Conquest Talon Quiver Mossy Oak Break Up Country 5 Arrow","KIN-1404674","ConQuest"
"250215","Conquest Talon Quiver Mossy Oak Break Up Country 5+2 Arrow","KIN-1404675","ConQuest"
"250216","Conquest Talon Quiver Kryptek Highlander 5 Arrows","KIN-1404676","ConQuest"
"250217","Conquest Talon Quiver Kryptek Highlander 5+2 Arrows","KIN-1404677","ConQuest"
"249647","Conquest CF .500 Hunting Stabilizer Kit Black 8/10 in. w/ SMAC","KIN-1404679","ConQuest"
"249453","Conquest CF .500 Hunting Stabilizer Kit Black 10/12 in. w/ SMAC","KIN-1404680","ConQuest"
"249541","Conquest CF .500 Hunting Stabilizer Kit Black 12/15 in. w/ SMAC","KIN-1404681","ConQuest"
"249648","Conquest CF .500 Hunting Stabilizer Kit Black 6/8 in. w/ SMAC","KIN-1404682","ConQuest"
"251358","UltraView The Hinge Release Brass w/ Click","KIN-1404684","UltraView"
"249124","UltraView BeeReal Signature Series Grip Black","KIN-1404685","UltraView"
"251397","UltraView Funky Knob Teal Round","KIN-1404702","UltraView"
"251390","UltraView Funky Knob Pink Round","KIN-1404703","UltraView"
"251386","UltraView Funky Knob White Round","KIN-1404704","UltraView"
"251398","UltraView Funky Knob Black Helix","KIN-1404705","UltraView"
"251399","UltraView Funky Knob Green Helix","KIN-1404706","UltraView"
"251400","UltraView Funky Knob Teal Helix","KIN-1404707","UltraView"
"251387","UltraView Funky Knob Pink Helix","KIN-1404708","UltraView"
"251401","UltraView Funky Knob White Helix","KIN-1404709","UltraView"
"251391","UltraView Funky Peg Green Skinny","KIN-1404715","UltraView"
"251392","UltraView Funky Peg Black Skinny","KIN-1404716","UltraView"
"251393","UltraView Funky Peg Teal Skinny","KIN-1404717","UltraView"
"250155","Shrewd Hilo Damper Black Slide-Over","KIN-1404789","Shrewd Archery"
"250161","Shrewd Hilo Damper Black Threaded","KIN-1404790","Shrewd Archery"
"245114","Bohning Arrow Wraps Black 4 in. Small 13 pk.","KIN-1404807","BOHNING"
"245170","Bohning Arrow Wraps Hot Pink 4 in. Small 13 pk.","KIN-1404810","BOHNING"
"245171","Bohning Arrow Wraps Neon Green 4 in. Small 13 pk.","KIN-1404818","BOHNING"
"245142","Bohning Arrow Wraps Neon Orange 4 in. Small 13 pk.","KIN-1404819","BOHNING"
"245193","Bohning Arrow Wraps Neon Red 4 in. Small 13 pk.","KIN-1404820","BOHNING"
"245143","Bohning Arrow Wraps Neon Yellow 4 in. Small 13 pk.","KIN-1404821","BOHNING"
"245172","Bohning Arrow Wraps Reflective 4 in. Small 13 pk.","KIN-1404822","BOHNING"
"245173","Bohning Arrow Wraps White 4 in. Small 13 pk.","KIN-1404823","BOHNING"
"245144","Bohning Arrow Wraps Teal 4 in. Small 13 pk.","KIN-1404824","BOHNING"
"245174","Bohning Arrow Wraps Purple 4 in. Small 13 pk.","KIN-1404825","BOHNING"
"245115","Bohning Arrow Wraps Black 7 in. Small 13 pk.","KIN-1404826","BOHNING"
"245175","Bohning Arrow Wraps Hot Pink 7 in. Small 13 pk.","KIN-1404827","BOHNING"
"245194","Bohning Arrow Wraps Neon Green 7 in. Small 13 pk.","KIN-1404828","BOHNING"
"245176","Bohning Arrow Wraps Neon Orange 7 in. Small 13 pk.","KIN-1404829","BOHNING"
"245177","Bohning Arrow Wraps Neon Red 7 in. Small 13 pk.","KIN-1404830","BOHNING"
"245178","Bohning Arrow Wraps Neon Yellow 7 in. Small 13 pk.","KIN-1404831","BOHNING"
"245195","Bohning Arrow Wraps Reflective 7 in. Small 13 pk.","KIN-1404832","BOHNING"
"245145","Bohning Arrow Wraps White 7 in. Small 13 pk.","KIN-1404833","BOHNING"
"245116","Bohning Arrow Wraps Teal 7 in. Small 13 pk.","KIN-1404834","BOHNING"
"245146","Bohning Arrow Wraps Purple 7 in. Small 13 pk.","KIN-1404835","BOHNING"
"246158","Sawtooth A2 Broadhead 100 gr. 3 pk.","KIN-1404836","Sawtooth"
"242575","Gold Tip AirStrike Arrows 250 Raptor Vanes 6 pk.","KIN-1404848","Gold Tip"
"242250","Gold Tip AirStrike Arrows 250 4 Fletch 6 pk.","KIN-1404849","Gold Tip"
"244238","Wasp Field Points 9/32 100 gr. 12 pk.","KIN-1404872","Wasp"
"244239","Wasp Field Points 9/32 125 gr. 12 pk.","KIN-1404873","Wasp"
"244286","Wasp Field Points 5/16 100 gr. 12 pk.","KIN-1404874","Wasp"
"244240","Wasp Field Points 5/16 125 gr. 12 pk.","KIN-1404875","Wasp"
"244326","Wasp Field Points 11/32 100 gr. 12 pk.","KIN-1404876","Wasp"
"244241","Wasp Field Points 11/32 125 gr. 12 pk.","KIN-1404877","Wasp"
"245117","AAE Arrow Wraps Orange 12 pk.","KIN-1404879","AAE"
"245147","AAE Arrow Wraps Green 12 pk.","KIN-1404880","AAE"
"245196","AAE Arrow Wraps Pink 12 pk.","KIN-1404881","AAE"
"245118","AAE Arrow Wraps Yellow 12 pk.","KIN-1404882","AAE"
"250897","Hamskea Limb Cord Attachment Bracket Mathews Only","KIN-1405123","HAMSKEA"
"249454","Shrewd Vantage Hunting Stabilizer Blackout 7 in.","KIN-1405124","Shrewd Archery"
"249636","Shrewd Vantage Hunting Stabilizer Forge Grey 7 in.","KIN-1405125","Shrewd Archery"
"249542","Shrewd Vantage Hunting Stabilizer OD Green 7 in.","KIN-1405126","Shrewd Archery"
"249637","Shrewd Vantage Hunting Stabilizer Desert Tan 7 in.","KIN-1405127","Shrewd Archery"
"249543","Shrewd Vantage Hunting Stabilizer Blackout 9 in.","KIN-1405128","Shrewd Archery"
"249649","Shrewd Vantage Hunting Stabilizer Forge Grey 9 in.","KIN-1405129","Shrewd Archery"
"249455","Shrewd Vantage Hunting Stabilizer OD Green 9 in.","KIN-1405130","Shrewd Archery"
"249544","Shrewd Vantage Hunting Stabilizer Desert Tan 9 in.","KIN-1405131","Shrewd Archery"
"249456","Shrewd Vantage Hunting Stabilizer Blackout 12 in.","KIN-1405132","Shrewd Archery"
"249457","Shrewd Vantage Hunting Stabilizer Forge Grey 12 in.","KIN-1405133","Shrewd Archery"
"249638","Shrewd Vantage Hunting Stabilizer OD Green 12 in.","KIN-1405134","Shrewd Archery"
"249458","Shrewd Vantage Hunting Stabilizer Desert Tan 12 in.","KIN-1405135","Shrewd Archery"
"250100","Shrewd Pivot Swivel QD Black w/ Integrated Wrist Sling","KIN-1405140","Shrewd Archery"
"248657","Bowmar Recurve Nose Button Green 2 pc. Small/Large","KIN-1405211","Bowmar Archery"
"248658","Bowmar Recurve Nose Button Black 2 pc. Small/Large","KIN-1405212","Bowmar Archery"
"248659","Bowmar Recurve Nose Button Blue 2 pc. Small/Large","KIN-1405213","Bowmar Archery"
"248662","Bowmar Recurve Nose Button Red 2 pc. Small/Large","KIN-1405214","Bowmar Archery"
"248660","Bowmar Recurve Nose Button Yellow 2 pc. Small/Large","KIN-1405215","Bowmar Archery"
"248663","Bowmar Recurve Nose Button Pink 2 pc. Small/Large","KIN-1405216","Bowmar Archery"
"248664","Bowmar Recurve Nose Button Orange 2 pc. Small/Large","KIN-1405217","Bowmar Archery"
"248630","Bowmar Recurve Nose Button Purple 2 pc. Small/Large","KIN-1405218","Bowmar Archery"
"248665","Bowmar Recurve Nose Button White 2 pc. Small/Large","KIN-1405219","Bowmar Archery"
"251727","PSE Fang HD Crossbow Package TrueTimber Viper Western Camo","KIN-1405277","PSE"
"249459","AAE Advante-X Mountain Series Stabilizer Black 8 in.","KIN-1405278","AAE"
"249460","AAE Advante-X Mountain Series Stabilizer Black 10 in.","KIN-1405279","AAE"
"249650","AAE Advante-X Mountain Series Stabilizer Black 12 in.","KIN-1405280","AAE"
"249545","AAE Advante-X Mountain Series Stabilizer Black 15 in.","KIN-1405281","AAE"
"250704","AAE Driven Drop Away Rest Cable Driven RH","KIN-1405286","AAE"
"250705","AAE Driven Drop Away Rest Cable Driven LH","KIN-1405287","AAE"
"250701","AAE Driven Drop Away Rest Limb Driven RH","KIN-1405288","AAE"
"250706","AAE Driven Drop Away Rest Limb Driven LH","KIN-1405289","AAE"
"248322","GAS Ghost XV String and Cable Set White w/ Black Serving Mathews TRX 7/8","KIN-1405318","Gas Bowstrings"
"248302","GAS Ghost XV String and Cable Set White w/ Black Serving Mathews TRX 38","KIN-1405319","Gas Bowstrings"
"248223","GAS Ghost XV String and Cable Set White w/ Black Serving Mathews TRX 36","KIN-1405320","Gas Bowstrings"
"248160","GAS Ghost XV String and Cable Set White w/ Black Serving Mathews TRX 40","KIN-1405321","Gas Bowstrings"
"248224","GAS Ghost XV String and Cable Set White w/ Black Serving Mathews Halon X Comp","KIN-1405322","Gas Bowstrings"
"248323","GAS Ghost XV String and Cable Set White w/ Black Serving Bowtech Reckoning 35","KIN-1405323","Gas Bowstrings"
"248303","GAS Ghost XV String and Cable Set White w/ Black Serving Bowtech Reckoning 38","KIN-1405324","Gas Bowstrings"
"248324","GAS Ghost XV String and Cable Set White w/ Black Serving Elite Rezult","KIN-1405325","Gas Bowstrings"
"248325","GAS Ghost XV String and Cable Set White w/ Black Serving Elite Victory X","KIN-1405326","Gas Bowstrings"
"248326","GAS Ghost XV String and Cable Set White w/ Black Serving Elite Ritual 35","KIN-1405327","Gas Bowstrings"
"248161","GAS Ghost XV String and Cable Set White w/ Black Serving PSE Supra Focus","KIN-1405328","Gas Bowstrings"
"248327","GAS Ghost XV String and Cable Set White w/ Black Serving PSE Supra Focus XL-SE","KIN-1405329","Gas Bowstrings"
"248225","GAS Ghost XV String and Cable Set White w/ Black Serving PSE PerformX","KIN-1405330","Gas Bowstrings"
"248328","GAS Ghost XV String and Cable Set White w/ Black Serving PSE PerformX 3D","KIN-1405331","Gas Bowstrings"
"248304","GAS Ghost XV String and Cable Set White w/ Black Serving PSE Shootdown","KIN-1405332","Gas Bowstrings"
"248305","GAS Ghost XV String and Cable Set White w/ Black Serving Hoyt Invicta 37 SVX #2","KIN-1405333","Gas Bowstrings"
"248329","GAS Ghost XV String and Cable Set White w/ Black Serving Hoyt Invicta 37 SVX #3","KIN-1405334","Gas Bowstrings"
"248306","GAS Ghost XV String and Cable Set White w/ Black Serving Hoyt Invicta 40 SVX #2","KIN-1405335","Gas Bowstrings"
"248162","GAS Ghost XV String and Cable Set White w/ Black Serving Hoyt Invicta 40 SVX #3","KIN-1405336","Gas Bowstrings"
"248307","GAS Ghost XV String and Cable Set White w/ Black Serving Hoyt Pro Force #2","KIN-1405337","Gas Bowstrings"
"248226","GAS Ghost XV String and Cable Set Camo w/ Black Serving Mathews VXR 28","KIN-1405338","Gas Bowstrings"
"248308","GAS Ghost XV String and Cable Set Camo w/ Black Serving Mathews VXR 31.5","KIN-1405339","Gas Bowstrings"
"248330","GAS Ghost XV String and Cable Set Camo w/ Black Serving Mathews Vertix","KIN-1405340","Gas Bowstrings"
"248227","GAS Ghost XV String and Cable Set Camo w/ Black Serving Mathews Traverse","KIN-1405341","Gas Bowstrings"
"248309","GAS Ghost XV String and Cable Set Camo w/ Black Serving Mathews Triax","KIN-1405342","Gas Bowstrings"
"248310","GAS Ghost XV String and Cable Set Camo w/ Black Serving Hoyt RX4 Alpha #3","KIN-1405343","Gas Bowstrings"
"248228","GAS Ghost XV String and Cable Set Camo w/ Black Serving Hoyt RX3 #3","KIN-1405344","Gas Bowstrings"
"248311","GAS Ghost XV String and Cable Set Camo w/ Black Serving Hoyt RX1 #3","KIN-1405345","Gas Bowstrings"
"248163","GAS Ghost XV String and Cable Set Camo w/ Black Serving Hoyt Axius Alpha #3","KIN-1405346","Gas Bowstrings"
"248312","GAS Ghost XV String and Cable Set Camo w/ Black Serving Bowtech Revolt","KIN-1405347","Gas Bowstrings"
"248164","GAS Ghost XV String and Cable Set Camo w/ Black Serving Bowtech Revolt X","KIN-1405348","Gas Bowstrings"
"248313","GAS Ghost XV String and Cable Set Camo w/ Black Serving Bowtech SR6","KIN-1405349","Gas Bowstrings"
"248229","GAS Ghost XV String and Cable Set Camo w/ Black Serving PSE Carbon Mach 1","KIN-1405350","Gas Bowstrings"
"248331","GAS Ghost XV String and Cable Set Camo w/ Black Serving PSE Evo NXT 31","KIN-1405351","Gas Bowstrings"
"248314","GAS Ghost XV String and Cable Set Camo w/ Black Serving PSE Evo NXT 33/NTN 33","KIN-1405352","Gas Bowstrings"
"248315","GAS Ghost XV String and Cable Set Camo w/ Black Serving Elite Kure","KIN-1405353","Gas Bowstrings"
"248332","GAS Ghost XV String and Cable Set Camo w/ Black Serving Elite Ritual 30","KIN-1405354","Gas Bowstrings"
"248316","GAS Ghost XV String and Cable Set Camo w/ Black Serving Elite Ritual 33","KIN-1405355","Gas Bowstrings"
"248165","GAS Ghost XV String and Cable Set Camo w/ Black Serving Prime Black 1","KIN-1405356","Gas Bowstrings"
"248317","GAS Ghost XV String and Cable Set Camo w/ Black Serving Prime Black 3","KIN-1405357","Gas Bowstrings"
"251295","Tru Ball Blade Pro Flex Release Purple/QuickSilver Medium","KIN-1405371","Tru Ball"
"250180","Kwikee Kwiver Kwik-3 SS Quiver Mossy Oak Breakup Country 3 Arrow","KIN-1405471","KWIKEE KWIVER"
"250218","Kwikee Kwiver Combo Quiver Mossy Oak Breakup Country 3 Arrow","KIN-1405472","KWIKEE KWIVER"
"250270","Kwikee Kwiver Kompound Quiver Mossy Oak Breakup Country 6 Arrow","KIN-1405473","KWIKEE KWIVER"
"243723","Carbon Express Triad In-Out 2 pc. Inserts .166 #1 12 pk.","KIN-1405611","CARBON EXPRESS"
"243752","Carbon Express Triad In-Out 2 pc. Inserts .166 #2 12 pk.","KIN-1405612","CARBON EXPRESS"
"243724","Carbon Express Triad In-Out 2 pc. Inserts .166 #3 12 pk.","KIN-1405617","CARBON EXPRESS"
"251612","RPM Bowfishing M1 SS Reel Spincast","KIN-1405623","Rpm Bowfishing"
"251606","RPM Bowfishing Nemesis DR Reel Kit Drum Reel","KIN-1405624","Rpm Bowfishing"
"251287","Apex Surge Release 3 Finger","KIN-1405628","APEX"
"251296","Apex Surge Release 4 Finger","KIN-1405629","APEX"
"250702","TruGlo Carbon Hybrid Drop Away Rest Black RH/LH","KIN-1405633","Truglo"
"250655","TruGlo Hyper-Strike Drop Away Rest Black RH/LH","KIN-1405634","Truglo"
"249546","TruGlo Cadence Stabilizer Carbon 8 in.","KIN-1405635","Truglo"
"246123","Titanium-X QuadCutter Broadhead 4 Blade 100 gr. 3 pk.","KIN-1405636","Truglo"
"246159","Titanium-X QuadCutter Crossbow Broadhead 4 Blade 100 gr. 3 pk.","KIN-1405637","Truglo"
"246199","Titanium-X Big Game Crossbow Broadhead 2 Blade 100 gr. 3 pk.","KIN-1405639","Truglo"
"248865","LOC Outdoorz Pro Hunt'R Sring Wax Synthetic","KIN-1405755","LOC OUTDOORZ"
"251852","LOC Outdoorz Pro Hunt'R Crossbow Cocking Aid Orange","KIN-1405762","LOC OUTDOORZ"
"251171","B3 Rook Release Swivel Stem OD Green","KIN-1405763","B3"
"251141","B3 Rival Release Swivel Stem Black","KIN-1405764","B3"
"251142","B3 Rival Release Swivel Stem Blue","KIN-1405765","B3"
"251346","B3 Infinity Pro Release 3 Finger Stainless Steel","KIN-1405766","B3"
"251347","B3 Infinity Pro Release 3 Finger Brass","KIN-1405767","B3"
"251348","B3 Ghost BG Release 3/4 Finger Powdercoat","KIN-1405768","B3"
"251337","B3 BG PRO Release 3/4 Finger Brass","KIN-1405769","B3"
"251230","B3 Omega Pro Release 3 Finger Orange","KIN-1405770","B3"
"251231","B3 Exit IV Release 4 Finger Green","KIN-1405771","B3"
"251263","B3 Exit Pro Release 3 Finger Grey","KIN-1405772","B3"
"246357","B3 Exoskeletal Broadheads 100 gr. 2 blade 3 pk. 1.5 in. Cut","KIN-1405773","B3"
"246353","B3 Exoskeletal Broadheads 125 gr. 2 Blade 3 pk.","KIN-1405774","B3"
"246309","B3 Exoskeletal MEG Broadheads 85 gr. 3 Blade 3 pk.","KIN-1405775","B3"
"246310","B3 Exoskeletal MEG Broadheads 100 gr. 3 Blade 3 pk.","KIN-1405776","B3"
"248318","GAS Ghost XV String and Cable Set Camo w/ Black Serving Mathews V3-27","KIN-1405780","Gas Bowstrings"
"248333","GAS Ghost XV String and Cable Set Camo w/ Black Serving Mathews V3-31","KIN-1405783","Gas Bowstrings"
"252291","Hamskea GEN2PRO Third Axis Sight Level Black","KIN-1405784","HAMSKEA"
"249394","BowJax Split Limb Magnum Dampener Black Elite/Bowtech","KIN-1405881","Bow Jax"
"249374","BowJax Split Limb Magnum Dampener Flo. Green Elite/Bowtech","KIN-1405882","Bow Jax"
"251881","Loc Outdoorz Pro Hunt'R Crossbow Rail Lube Lube/Wax","KIN-1405925","LOC OUTDOORZ"
"246740","Warrior River Courage Compound Bow Package Black 20-70 lbs. RH","KIN-1405929","30-06"
"246741","Warrior River Courage Compound Bow Package Dirt Road Camo 20-70 lbs. RH","KIN-1405930","30-06"
"249297","30-06 Bow Wrapper Sling Black","KIN-1405931","30-06"
"249547","30-06 Barron Stabilizer Black 6 in.","KIN-1405939","30-06"
"249548","30-06 Barron Stabilizer Black 5 in.","KIN-1405940","30-06"
"249640","30-06 Barron Stabilizer Black 4 in.","KIN-1405941","30-06"
"251291","30-06 Pantera Release Black 3/4 Finger","KIN-1405942","30-06"
"251297","30-06 CowHide Shooting Tab Brown RH Small","KIN-1405949","30-06"
"251264","30-06 CowHide Shooting Tab Brown RH Medium","KIN-1405950","30-06"
"251298","30-06 CowHide Shooting Tab Brown RH Large","KIN-1405951","30-06"
"246204","30-06 Little Giant Broadhead 100 gr. 3 pk.","KIN-1405955","30-06"
"244339","30-06 Power Point Field Points 17/64 100 gr. 12 pk.","KIN-1405956","30-06"
"244340","30-06 Power Point Field Points 19/64 100 gr. 12 pk.","KIN-1405957","30-06"
"244341","30-06 Power Point Field Points 21/64 100 gr. 12 pk.","KIN-1405958","30-06"
"244335","30-06 Power Point Field Points 5/16 100 gr. 12 pk.","KIN-1405959","30-06"
"244242","30-06 Power Point Field Points 9/32 100 gr. 12 pk.","KIN-1405960","30-06"
"244243","30-06 Power Point Field Points 11/32 100 gr. 12 pk.","KIN-1405961","30-06"
"250356","30-06 Deluxe Target Quiver Smoke RH w/ Belt","KIN-1405962","30-06"
"250357","30-06 Side Kick Arrow Corral Quiver Black RH/LH","KIN-1405963","30-06"
"250773","30-06 The Natural Arrow Rest Full contain RH","KIN-1405966","30-06"
"250634","30-06 The Rev Arrow Rest Drop Away RH","KIN-1405967","30-06"
"250774","30-06 Mr. Lucky Arrow Rest Full Contain RH/LH","KIN-1405968","30-06"
"245305","30-06 Nucleaer Vane Juice Fletching Primer Pen","KIN-1405969","30-06"
"249353","BowJax Split Limb Magnum Dampener Blue Elite/Bowtech","KIN-1405976","Bow Jax"
"249395","BowJax Magnum RizrJax Dampeners Flo. Green 2 pk.","KIN-1405977","Bow Jax"
"248689","BowJax String Sleeve Silencers Black 16 gr. 4 pk.","KIN-1406013","Bow Jax"
"248742","BowJax String Sleeve Silencers Red 16 gr. 4 pk.","KIN-1406064","Bow Jax"
"248690","BowJax String Sleeve Silencers Flo. Green 16 gr. 4 pk.","KIN-1406065","Bow Jax"
"250707","Hamskea Primer Rest Black RH","KIN-1406068","HAMSKEA"
"250656","Hamskea Primer Rest Black LH","KIN-1406069","HAMSKEA"
"250889","Hamskea Rebound Dampener Black","KIN-1406070","HAMSKEA"
"248553","Specialty Archery PXS Target Peep Black","KIN-1406154","SPECIALTY ARCHERY"
"248554","Specialty Archery PXS Target Peep Blue","KIN-1406155","SPECIALTY ARCHERY"
"248555","Specialty Archery PXS Target Peep Green","KIN-1406156","SPECIALTY ARCHERY"
"248556","Specialty Archery PXS Target Peep Purple","KIN-1406157","SPECIALTY ARCHERY"
"248540","Specialty Archery PXS Target Peep Red","KIN-1406158","SPECIALTY ARCHERY"
"248541","Specialty Archery PXS Target Peep Silver","KIN-1406159","SPECIALTY ARCHERY"
"248445","Specialty Archery PXS Target Peep Aperture 1/16 in.","KIN-1406162","SPECIALTY ARCHERY"
"248446","Specialty Archery PXS Target Peep Aperture Kit 5 pc. Kit","KIN-1406165","SPECIALTY ARCHERY"
"248557","Specialty Archery PXS Target Peep Clarifier #.05 Gold","KIN-1406166","SPECIALTY ARCHERY"
"248447","Specialty Archery PXS Target Peep Clarifier #1.0 Yellow","KIN-1406167","SPECIALTY ARCHERY"
"248558","Specialty Archery PXS Target Peep Clarifier #1.5 Ice Blue","KIN-1406168","SPECIALTY ARCHERY"
"248482","Specialty Archery PXS Target Peep Clarifier #2.0 Green","KIN-1406169","SPECIALTY ARCHERY"
"248483","Specialty Archery PXS Target Peep Clarifier #3.0 Red","KIN-1406170","SPECIALTY ARCHERY"
"248448","Specialty Archery PXS Target Peep Clarifier Kit 5 pc. Kit","KIN-1406171","SPECIALTY ARCHERY"
"248484","Specialty Archery PXS Target Peep Verifier #4 Silver","KIN-1406172","SPECIALTY ARCHERY"
"248559","Specialty Archery PXS Target Peep Verifier #5 Purple","KIN-1406173","SPECIALTY ARCHERY"
"248542","Specialty Archery PXS Target Peep Verifier #6 Pink","KIN-1406174","SPECIALTY ARCHERY"
"248560","Specialty Archery PXS Target Peep Verifier #7 Blue","KIN-1406175","SPECIALTY ARCHERY"
"248561","Specialty Archery PXS Target Peep Verifier #8 White","KIN-1406176","SPECIALTY ARCHERY"
"248562","Specialty Archery PXS Target Peep Verifier #9 Orange","KIN-1406177","SPECIALTY ARCHERY"
"248563","Specialty Archery PXS Target Peep Deluxe Kit Contains All Apatures/Clarifiers","KIN-1406178","SPECIALTY ARCHERY"
"248449","Specialty Archery PXS Target Peep Shade Cap Black","KIN-1406179","SPECIALTY ARCHERY"
"251991","BloodSport Hunter Lighted Crossbow Bolts 20 in. 4 in. Vanes 3 pk.","KIN-1406224","Bloodsport"
"246481","RAD Tee Rover Small Game Point 100 gr. 3 pk.","KIN-1406225","Radical Archery Designs"
"249935","Axcel CarboFlax Acclaim 550 Stabilizer Black 10 in.","KIN-1406230","Axcel"
"249864","Axcel CarboFlax Acclaim 550 Stabilizer Black 12 in.","KIN-1406231","Axcel"
"249824","Axcel CarboFlax Acclaim 550 Stabilizer Black 15 in.","KIN-1406232","Axcel"
"249865","Axcel CarboFlax Acclaim 550 Stabilizer Black 24 in.","KIN-1406233","Axcel"
"249825","Axcel CarboFlax Acclaim 550 Stabilizer Black 27 in.","KIN-1406234","Axcel"
"249866","Axcel CarboFlax Acclaim 550 Stabilizer Black 30 in.","KIN-1406235","Axcel"
"249826","Axcel CarboFlax Acclaim 550 Stabilizer Black 33 in.","KIN-1406236","Axcel"
"251173","TRU Ball Copperhead GS Release Globo Swivel Large","KIN-1406237","Tru Ball"
"251349","TRU Ball HBC Flex Release 3/4 Finger Black Tungsten Large","KIN-1406238","Tru Ball"
"251360","TRU Ball HBC Flex Release 3/4 Finger Black Tungsten Medium","KIN-1406239","Tru Ball"
"251350","TRU Ball HBC Flex Release 3/4 Finger Quick Silver Large","KIN-1406240","Tru Ball"
"251362","TRU Ball HBC Flex Release 3/4 Finger Quick Silver Medium","KIN-1406241","Tru Ball"
"251292","TRU Ball Rave Pinky Release 3 Finger w/ Pinky Trigger","KIN-1406266","Tru Ball"
"251407","TRU Ball X-Tension R/T Release Cinch Web Buckle Junior","KIN-1406267","Tru Ball"
"251422","TRU Ball X-Tension R/T Release Cinch Web Buckle Large","KIN-1406268","Tru Ball"
"251408","TRU Ball X-Tension R/T Release Cinch Web Buckle X-Large","KIN-1406269","Tru Ball"
"251411","TRU Ball X-Tension R/T Release Cinch Web Velcro Junior","KIN-1406270","Tru Ball"
"251423","TRU Ball X-Tension R/T Release Cinch Web Velcro Large","KIN-1406271","Tru Ball"
"251409","TRU Ball X-Tension R/T Release Cinch Web Velcro X-Large","KIN-1406272","Tru Ball"
"251424","TRU Ball X-Tension R/T Release Globo Swivel Buckle Large","KIN-1406273","Tru Ball"
"246468","RAD Tee Rover Small Game Point 125 gr. 3 pk.","KIN-1406274","Radical Archery Designs"
"245856","Bohning Vane & Wrap Combo First Responder","KIN-1406291","BOHNING"
"245907","Bohning Blazer Vanes American Made 36 pk.","KIN-1406292","BOHNING"
"245615","Bohning Blazer Vanes Brown Realtree 36 pk.","KIN-1406293","BOHNING"
"245438","Bohning Blazer Vanes Fred Bear 36 pk.","KIN-1406294","BOHNING"
"245857","Bohning Blazer Vanes First Responder 36 pk.","KIN-1406295","BOHNING"
"245439","Bohning Blazer Vanes Law Enforcement 36 pk.","KIN-1406296","BOHNING"
"245231","Bohning Fletch-Lac Paint Pink 1 oz.","KIN-1406297","BOHNING"
"245228","Bohning Fletch-Lac Paint Gloss Black 1 oz.","KIN-1406298","BOHNING"
"245233","Bohning Fletch-Lac Paint Blaze Orange 1 oz.","KIN-1406299","BOHNING"
"245229","Bohning Fletch-Lac Paint Gloss Green 1 oz.","KIN-1406300","BOHNING"
"245234","Bohning Fletch-Lac Paint Gloss Orange 1 oz.","KIN-1406301","BOHNING"
"245224","Bohning Fletch-Lac Paint Gloss Red 1 oz.","KIN-1406302","BOHNING"
"245225","Bohning Fletch-Lac Paint White 1 oz.","KIN-1406303","BOHNING"
"245235","Bohning Fletch-Lac Paint Yellow 1 oz.","KIN-1406304","BOHNING"
"245226","Bohning Crest-Lac Paint Clear Pint","KIN-1406305","BOHNING"
"245232","Bohning Crest-Lac Paint White Pint","KIN-1406306","BOHNING"
"245227","Bohning Crest-Lac Paint Yellow Pint","KIN-1406307","BOHNING"
"250415","Bohning Pocket Quiver Black","KIN-1406308","BOHNING"
"245119","Bohning Arrow Wraps First Responder 4 in. Standard 13 pk.","KIN-1406309","BOHNING"
"245120","Bohning Arrow Wraps Kryptek Highlander 4 in. Standard 13 pk.","KIN-1406310","BOHNING"
"245121","Bohning Arrow Wraps Law Enforcement 4 in. Standard 13 pk.","KIN-1406311","BOHNING"
"245148","Bohning Arrow Wraps Target Face 4 in. Standard 13 pk.","KIN-1406312","BOHNING"
"245197","Bohning Arrow Wraps First Responder 4 in. Small 13 pk.","KIN-1406313","BOHNING"
"245190","Bohning Arrow Wraps Kryptek Highlander 4 in. Small 13 pk.","KIN-1406314","BOHNING"
"245198","Bohning Arrow Wraps Law Enforcement 4 in. Small 13 pk.","KIN-1406315","BOHNING"
"245199","Bohning Arrow Wraps Target Face 4 in. Small 13 pk.","KIN-1406316","BOHNING"
"245200","Bohning Arrow Wraps First Responder 7 in. Standard 13 pk.","KIN-1406317","BOHNING"
"245201","Bohning Arrow Wraps Kryptek Highlander 7 in. Standard 13 pk.","KIN-1406318","BOHNING"
"245122","Bohning Arrow Wraps Law Enforcement 7 in. Standard 13 pk.","KIN-1406319","BOHNING"
"245123","Bohning Arrow Wraps Target Face 7 in. Standard 13 pk.","KIN-1406320","BOHNING"
"250587","Bohning Black Sky Release Pouch Black","KIN-1406322","BOHNING"
"250416","Bohning Black Sky Target Quiver Black","KIN-1406323","BOHNING"
"249300","Bohning Bow Sling Black","KIN-1406324","BOHNING"
"248485","Bohning Serve-Less Peep-It Black 3/16 in.","KIN-1406325","BOHNING"
"248486","Bohning Serve-Less Peep-It Lime Green 3/16 in.","KIN-1406326","BOHNING"
"248487","Bohning Serve-Less Peep-It Red 3/16 in.","KIN-1406327","BOHNING"
"249549","Axion Elevate Pro Stabilizer Black Mathews Dampener 24 in.","KIN-1406352","Axion"
"249652","Axion Elevate Pro Stabilizer Black Hybrid Green Dampener 6 in.","KIN-1406353","Axion"
"249461","Axion Elevate Pro Stabilizer Black Hybrid Blue Dampener 6 in.","KIN-1406354","Axion"
"249653","Axion Elevate Pro Stabilizer Black Hybrid Green Dampener 8 in.","KIN-1406355","Axion"
"249462","Axion Elevate Pro Stabilizer Black Hybrid Blue Dampener 8 in.","KIN-1406356","Axion"
"249654","Axion Elevate Pro Stabilizer Black Hybrid Green Dampener 10 in.","KIN-1406357","Axion"
"249655","Axion Elevate Pro Stabilizer Black Hybrid Blue Dampener 10 in.","KIN-1406358","Axion"
"249641","Axion Elevate Pro Stabilizer Black Hybrid Dampener 24 in.","KIN-1406359","Axion"
"249550","Axion DNA Plus Stabilizer Black Hybrid Dampener 5in.","KIN-1406360","Axion"
"249656","Axion DNA Plus Stabilizer Realtree Edge Hybrid Dampener 5in.","KIN-1406361","Axion"
"249642","Axion DNA Plus Stabilizer Black Mathews Dampener 5 in.","KIN-1406362","Axion"
"249643","Axion DNA Plus Stabilizer Realtree Edge Mathews Dampener 5 in.","KIN-1406363","Axion"
"251992","SA Sports Punisher Bolt 1 pk.","KIN-1406580","Sa Sports"
"251725","Darton Toxin 150 Crossbow Black w/ Hunter Package","KIN-1406607","Darton"
"251728","Darton Toxin 100 Crossbow Black w/ Hunter Package","KIN-1406608","Darton"
"246645","Darton Vegas E-T Bow Matte Black 50-60 lbs. RH Black Limbs","KIN-1406609","Darton"
"246614","Darton Vegas E-T Bow OD Green 50-60 lbs. RH Black Limbs","KIN-1406611","Darton"
"246632","Darton Vegas E-T Bow OD Green 50-60 lbs. RH White Limbs","KIN-1406612","Darton"
"246656","Darton Vegas E-3D Bow Matte Black 50-60 lbs. RH Black Limbs","KIN-1406613","Darton"
"246615","Darton Vegas E-3D Bow Matte Black 60-70 lbs. RH Black Limbs","KIN-1406615","Darton"
"246616","Darton Vegas E-3D Bow OD Green 50-60 lbs. RH Black Limbs","KIN-1406617","Darton"
"246657","Darton Vegas E-3D Bow OD Green 50-60 lbs. RH White Limbs","KIN-1406618","Darton"
"246617","Darton Vegas E-3D Bow OD Green 60-70 lbs. RH Black Limbs","KIN-1406619","Darton"
"246646","Darton Vegas E-3D Bow OD Green 60-70 lbs. RH White Limbs","KIN-1406620","Darton"
"246658","Darton Spectra E Bow Matte Black 50-60 lbs. RH Black Limbs","KIN-1406621","Darton"
"246633","Darton Spectra E Bow Kryptek Highlander 50-60 lbs. RH Highlander Limbs","KIN-1406622","Darton"
"246618","Darton Spectra E Bow OD Green 50-60 lbs. RH Highlander Limbs","KIN-1406623","Darton"
"246659","Darton Spectra E Bow Kryptek Highlander 60-70 lbs. RH Highlander Limbs","KIN-1406625","Darton"
"246660","Darton Spectra E Bow OD Green 60-70 lbs. RH Highlander Limbs","KIN-1406626","Darton"
"246661","Darton Maverick XT Bow Matte Black 50-60 lbs. RH Black Limbs","KIN-1406627","Darton"
"246647","Darton Maverick XT Bow Kryptek Highlander 50-60 lbs. RH Highlander Limbs","KIN-1406628","Darton"
"246662","Darton Maverick XT Bow OD Green 50-60 lbs. RH Highlander Limbs","KIN-1406629","Darton"
"246648","Darton Maverick XT Bow Matte Black 60-70 lbs. RH Black Limbs","KIN-1406630","Darton"
"246649","Darton Maverick XT Bow Kryptek Highlander 60-70 lbs. RH Highlander Limbs","KIN-1406631","Darton"
"246634","Darton Maverick XT Bow OD Green 60-70 lbs. RH Highlander Limbs","KIN-1406632","Darton"
"246663","Darton Tempest E-3D Bow Matte Black 50-60 lbs. RH Black Limbs","KIN-1406633","Darton"
"246635","Darton Tempest E-3D Bow Matte Black 50-60 lbs. RH White Limbs","KIN-1406634","Darton"
"246650","Darton Tempest E-3D Bow Matte Black 60-70 lbs. RH Black Limbs","KIN-1406635","Darton"
"246619","Darton Tempest E-3D Bow Matte Black 60-70 lbs. RH White Limbs","KIN-1406636","Darton"
"246651","Darton Tempest E-3D Bow OD Green 50-60 lbs. RH Black Limbs","KIN-1406637","Darton"
"246652","Darton Tempest E-3D Bow OD Green 50-60 lbs. RH White Limbs","KIN-1406638","Darton"
"246653","Darton Tempest E-3D Bow OD Green 60-70 lbs. RH Black Limbs","KIN-1406639","Darton"
"246664","Darton Tempest E-3D Bow OD Green 60-70 lbs. RH White Limbs","KIN-1406640","Darton"
"246620","Darton Tempest E-T Bow Matte Black 50-60 lbs. RH Black Limbs","KIN-1406641","Darton"
"246636","Darton Tempest E-T Bow Matte Black 50-60 lbs. RH White Limbs","KIN-1406642","Darton"
"246665","Darton Tempest E-T Bow OD Green 50-60 lbs. RH Black Limbs","KIN-1406643","Darton"
"246637","Darton Cyclone Bow Matte Black 50-60 lbs. RH Black Limbs","KIN-1406644","Darton"
"246621","Darton Cyclone Bow Matte Black 60-70 lbs. RH Black Limbs","KIN-1406645","Darton"
"246654","Darton Cyclone Bow OD Green 50-60 lbs. RH Highlander Limbs","KIN-1406646","Darton"
"246622","Darton Cyclone Bow OD Green 60-70 lbs. RH Highlander Limbs","KIN-1406647","Darton"
"246742","Darton Cyclone RTH Package Matte Black 50-60 lbs. RH Black Limbs","KIN-1406648","Darton"
"246743","Darton Cyclone RTH Package OD Green 50-60 lbs. RH Highlander Limbs","KIN-1406650","Darton"
"246739","Darton Cyclone RTH Package OD Green 60-70 lbs. RH Highlander Limbs","KIN-1406651","Darton"
"246655","Darton Mentor E Youth Bow Matte Black 30-50 lbs. RH Black Limbs","KIN-1406652","Darton"
"246666","Darton Mentor D Youth Bow Matte Black 25-40 lbs. RH Black Limbs","KIN-1406653","Darton"
"251174","Scott Shark II Release Black","KIN-1406797","Scott"
"251119","Scott Shark II Release Camo","KIN-1406798","Scott"
"251143","Scott Little Goose II Release Black","KIN-1406799","Scott"
"251232","Scott Summit Release Black 4 Finger","KIN-1406801","Scott"
"251299","Scott Apex Release Large","KIN-1406802","Scott"
"251265","Scott Apex Release Medium","KIN-1406803","Scott"
"251175","Scott Ghost Release Black NCS Buckle","KIN-1406804","Scott"
"246160","Slick Trick SS3 Broadhead 100 gr.","KIN-1406805","SLICK TRICK"
"246606","Slick Trick Assailant Broadhead 100 gr.","KIN-1406806","SLICK TRICK"
"249324","Saunders VUDU-X String Stop Black 5/16 in. Diameter 8 in. Rod","KIN-1406884","SAUNDERS"
"249307","Saunders VUDU-X String Stop Black 3/8 in. Daimeter 8 in. Rod","KIN-1406885","SAUNDERS"
"244985","Gateway Batwing Feathers Black 2 in. LW 50 pk.","KIN-1406890","GATEWAY"
"244837","Gateway Batwing Feathers Charteuse 2 in. LW 50 pk.","KIN-1406891","GATEWAY"
"244749","Gateway Batwing Feathers Flo Orange 2 in. LW 50 pk.","KIN-1406892","GATEWAY"
"244750","Gateway Batwing Feathers Flo Pink 2 in. LW 50 pk.","KIN-1406893","GATEWAY"
"244838","Gateway Batwing Feathers Flo White 2 in. LW 50 pk.","KIN-1406894","GATEWAY"
"244751","Gateway Batwing Feathers Flo Yellow 2 in. LW 50 pk.","KIN-1406895","GATEWAY"
"244937","Gateway Batwing Feathers Green 2 in. LW 50 pk.","KIN-1406896","GATEWAY"
"244752","Gateway Batwing Feathers Lemon Lime 2 in. LW 50 pk.","KIN-1406897","GATEWAY"
"244986","Gateway Batwing Feathers Rose Red 2 in. LW 50 pk.","KIN-1406898","GATEWAY"
"244753","Gateway Batwing Feathers Sky Blue 2 in. LW 50 pk.","KIN-1406899","GATEWAY"
"244839","Gateway Batwing Feathers Tangerine 2 in. LW 50 pk.","KIN-1406900","GATEWAY"
"244987","Gateway Rayzr Feathers Flo Orange 2 in. LW 50 pk.","KIN-1406901","GATEWAY"
"244840","Gateway Rayzr Feathers Flo Pink 2 in. LW 50 pk.","KIN-1406902","GATEWAY"
"244988","Gateway Rayzr Feathers Flo Yellow 2 in. LW 50 pk.","KIN-1406903","GATEWAY"
"244938","Gateway Rayzr Feathers Green 2 in. LW 50 pk.","KIN-1406904","GATEWAY"
"244989","Gateway Batwing Feathers Black 2 in. RW 50 pk.","KIN-1406905","GATEWAY"
"244990","Gateway Batwing Feathers Chartreuse 2 in. RW 50 pk.","KIN-1406906","GATEWAY"
"244991","Gateway Batwing Feathers Flo Pink 2 in. RW 50 pk.","KIN-1406907","GATEWAY"
"244992","Gateway Batwing Feathers Flo Yellow 2 in. RW 50 pk.","KIN-1406908","GATEWAY"
"244939","Gateway Batwing Feathers Green 2 in. RW 50 pk.","KIN-1406909","GATEWAY"
"244993","Gateway Batwing Feathers Lemon Lime 2 in. RW 50 pk.","KIN-1406910","GATEWAY"
"244841","Gateway Batwing Feathers Rose Red 2 in. RW 50 pk.","KIN-1406911","GATEWAY"
"244994","Gateway Batwing Feathers Sky Blue 2 in. RW 50 pk.","KIN-1406912","GATEWAY"
"244842","Gateway Batwing Feathers Sun Yellow 2 in. RW 50 pk.","KIN-1406913","GATEWAY"
"244940","Gateway Batwing Feathers Tangerine 2 in. RW 50 pk.","KIN-1406914","GATEWAY"
"244843","Gateway Parabolic Feathers Black 4 in. LW 50 pk.","KIN-1406915","GATEWAY"
"244844","Gateway Parabolic Feathers Chartreuse 4 in. LW 50 pk.","KIN-1406916","GATEWAY"
"244845","Gateway Parabolic Feathers Denim 4 in. LW 50 pk.","KIN-1406917","GATEWAY"
"244846","Gateway Parabolic Feathers Desert Brown 4 in. LW 50 pk.","KIN-1406918","GATEWAY"
"244941","Gateway Parabolic Feathers Barred Blue 4 in. LW 50 pk.","KIN-1406919","GATEWAY"
"244995","Gateway Parabolic Feathers Barred Chartreuse 4 in. LW 50 pk.","KIN-1406920","GATEWAY"
"244847","Gateway Parabolic Feathers Barred Flo Pink 4 in. LW 50 pk.","KIN-1406921","GATEWAY"
"244996","Gateway Parabolic Feathers Barred Gray 4 in. LW 50 pk.","KIN-1406922","GATEWAY"
"244848","Gateway Parabolic Feathers Barred Orange 4 in. LW 50 pk.","KIN-1406923","GATEWAY"
"244997","Gateway Parabolic Feathers Barred Red 4 in. LW 50 pk.","KIN-1406924","GATEWAY"
"244942","Gateway Parabolic Feathers Barred White 4 in. LW 50 pk.","KIN-1406925","GATEWAY"
"244754","Gateway Parabolic Feathers Barred Yellow 4 in. LW 50 pk.","KIN-1406926","GATEWAY"
"244849","Gateway Parabolic Feathers Flo Orange 4 in. LW 50 pk.","KIN-1406927","GATEWAY"
"244850","Gateway Parabolic Feathers Flo Pink 4 in. LW 50 pk.","KIN-1406928","GATEWAY"
"244755","Gateway Parabolic Feathers Flo White 4 in. LW 50 pk.","KIN-1406929","GATEWAY"
"244851","Gateway Parabolic Feathers Flo Yellow 4 in. LW 50 pk.","KIN-1406930","GATEWAY"
"244998","Gateway Parabolic Feathers Gray 4 in. LW 50 pk.","KIN-1406931","GATEWAY"
"244852","Gateway Parabolic Feathers Green 4 in. LW 50 pk.","KIN-1406932","GATEWAY"
"244999","Gateway Parabolic Feathers Kuro Blue 4 in. LW 50 pk.","KIN-1406933","GATEWAY"
"244853","Gateway Parabolic Feathers Kuro Brown 4 in. LW 50 pk.","KIN-1406934","GATEWAY"
"244756","Gateway Parabolic Feathers Kuro Charteuse 4 in. LW 50 pk.","KIN-1406935","GATEWAY"
"244943","Gateway Parabolic Feathers Kuro Denim 4 in. LW 50 pk.","KIN-1406936","GATEWAY"
"245000","Gateway Parabolic Feathers Kuro Flo Yellow 4 in. LW 50 pk.","KIN-1406937","GATEWAY"
"245001","Gateway Parabolic Feathers Kuro Gray 4 in. LW 50 pk.","KIN-1406938","GATEWAY"
"244944","Gateway Parabolic Feathers Kuro Green 4 in. LW 50 pk.","KIN-1406939","GATEWAY"
"245002","Gateway Parabolic Feathers Kuro Lemon Lime 4 in. LW 50 pk.","KIN-1406940","GATEWAY"
"244854","Gateway Parabolic Feathers Kuro Orange 4 in. LW 50 pk.","KIN-1406941","GATEWAY"
"245003","Gateway Parabolic Feathers Kuro Pink 4 in. LW 50 pk.","KIN-1406942","GATEWAY"
"244757","Gateway Parabolic Feathers Kuro Purple 4 in. LW 50 pk.","KIN-1406943","GATEWAY"
"245004","Gateway Parabolic Feathers Kuro Red 4 in. LW 50 pk.","KIN-1406944","GATEWAY"
"244758","Gateway Parabolic Feathers Kuro Sun Yellow 4 in. LW 50 pk.","KIN-1406945","GATEWAY"
"244945","Gateway Parabolic Feathers Kuro Tangerine 4 in. LW 50 pk.","KIN-1406946","GATEWAY"
"244759","Gateway Parabolic Feathers Kuro White 4 in. LW 50 pk.","KIN-1406947","GATEWAY"
"244855","Gateway Parabolic Feathers Lemon Lime 4 in. LW 50 pk.","KIN-1406948","GATEWAY"
"244856","Gateway Parabolic Feathers Red 4 in. LW 50 pk.","KIN-1406949","GATEWAY"
"244857","Gateway Parabolic Feathers Sky Blue 4 in. LW 50 pk.","KIN-1406950","GATEWAY"
"245005","Gateway Parabolic Feathers Sun Yellow 4 in. LW 50 pk.","KIN-1406951","GATEWAY"
"244760","Gateway Parabolic Feathers Tangerine 4 in. LW 50 pk.","KIN-1406952","GATEWAY"
"244761","Gateway Parabolic Feathers Tre Bark 4 in. LW 50 pk.","KIN-1406953","GATEWAY"
"244858","Gateway Parabolic Feathers Tre Blue 4 in. LW 50 pk.","KIN-1406954","GATEWAY"
"244762","Gateway Parabolic Feathers Tre Brown 4 in. LW 50 pk.","KIN-1406955","GATEWAY"
"244946","Gateway Parabolic Feathers Tre Green 4 in. LW 50 pk.","KIN-1406956","GATEWAY"
"244763","Gateway Parabolic Feathers Tre Orange 4 in. LW 50 pk.","KIN-1406957","GATEWAY"
"245006","Gateway Parabolic Feathers Tre Purple 4 in. LW 50 pk.","KIN-1406958","GATEWAY"
"245007","Gateway Parabolic Feathers Tre Red 4 in. LW 50 pk.","KIN-1406959","GATEWAY"
"244947","Gateway Parabolic Feathers Tre White/Blue 4 in. LW 50 pk.","KIN-1406960","GATEWAY"
"244948","Gateway Parabolic Feathers Tre White/Orange 4 in. LW 50 pk.","KIN-1406961","GATEWAY"
"245008","Gateway Parabolic Feathers Tre Yellow 4 in. LW 50 pk.","KIN-1406962","GATEWAY"
"244859","Gateway Shield Cut Feathers Black 4 in. LW 50 pk.","KIN-1406963","GATEWAY"
"244949","Gateway Shield Cut Feathers Charteuse 4 in. LW 50 pk.","KIN-1406964","GATEWAY"
"244860","Gateway Shield Cut Feathers Denim 4 in. LW 50 pk.","KIN-1406965","GATEWAY"
"244861","Gateway Shield Cut Feathers Desert Brown 4 in. LW 50 pk.","KIN-1406966","GATEWAY"
"244862","Gateway Shield Cut Feathers Barred Blue 4 in. LW 50 pk.","KIN-1406967","GATEWAY"
"244764","Gateway Shield Cut Feathers Barred Brown 4 in. LW 50 pk.","KIN-1406968","GATEWAY"
"244950","Gateway Shield Cut Feathers Barred Chartreuse 4 in. LW 50 pk.","KIN-1406969","GATEWAY"
"245009","Gateway Shield Cut Feathers Barred Gray 4 in. LW 50 pk.","KIN-1406970","GATEWAY"
"244863","Gateway Shield Cut Feathers Barred Orange 4 in. LW 50 pk.","KIN-1406971","GATEWAY"
"244765","Gateway Shield Cut Feathers Barred Pink 4 in. LW 50 pk.","KIN-1406972","GATEWAY"
"244766","Gateway Shield Cut Feathers Barred White 4 in. LW 50 pk.","KIN-1406973","GATEWAY"
"245010","Gateway Shield Cut Feathers Barred Yellow 4 in. LW 50 pk.","KIN-1406974","GATEWAY"
"244767","Gateway Shield Cut Feathers Flo Orange 4 in. LW 50 pk.","KIN-1406975","GATEWAY"
"244951","Gateway Shield Cut Feathers Flo Pink 4 in. LW 50 pk.","KIN-1406976","GATEWAY"
"244768","Gateway Shield Cut Feathers Flo White 4 in. LW 50 pk.","KIN-1406977","GATEWAY"
"244864","Gateway Shield Cut Feathers Flo Yellow 4 in. LW 50 pk.","KIN-1406978","GATEWAY"
"244865","Gateway Shield Cut Feathers Green 4 in. LW 50 pk.","KIN-1406979","GATEWAY"
"244866","Gateway Shield Cut Feathers Kuro Blue 4 in. LW 50 pk.","KIN-1406980","GATEWAY"
"245011","Gateway Shield Cut Feathers Kuro Brown 4 in. LW 50 pk.","KIN-1406981","GATEWAY"
"244867","Gateway Shield Cut Feathers Kuro Chartreuse 4 in. LW 50 pk.","KIN-1406982","GATEWAY"
"245012","Gateway Shield Cut Feathers Kuro Denim 4 in. LW 50 pk.","KIN-1406983","GATEWAY"
"244868","Gateway Shield Cut Feathers Kuro Flo Yellow 4 in. LW 50 pk.","KIN-1406984","GATEWAY"
"244769","Gateway Shield Cut Feathers Kuro Gray 4 in. LW 50 pk.","KIN-1406985","GATEWAY"
"244952","Gateway Shield Cut Feathers Kuro Green 4 in. LW 50 pk.","KIN-1406986","GATEWAY"
"245013","Gateway Shield Cut Feathers Kuro Lemon Lime 4 in. LW 50 pk.","KIN-1406987","GATEWAY"
"245014","Gateway Shield Cut Feathers Kuro Orange 4 in. LW 50 pk.","KIN-1406988","GATEWAY"
"244953","Gateway Shield Cut Feathers Kuro Pink 4 in. LW 50 pk.","KIN-1406989","GATEWAY"
"245015","Gateway Shield Cut Feathers Kuro Red 4 in. LW 50 pk.","KIN-1406990","GATEWAY"
"244869","Gateway Shield Cut Feathers Kuro Sun Yellow 4 in. LW 50 pk.","KIN-1406991","GATEWAY"
"245016","Gateway Shield Cut Feathers Kuro Tangerine 4 in. LW 50 pk.","KIN-1406992","GATEWAY"
"244870","Gateway Shield Cut Feathers Kuro White 4 in. LW 50 pk.","KIN-1406993","GATEWAY"
"244954","Gateway Shield Cut Feathers Lemon Lime 4 in. LW 50 pk.","KIN-1406994","GATEWAY"
"244871","Gateway Shield Cut Feathers Purple 4 in. LW 50 pk.","KIN-1406995","GATEWAY"
"244872","Gateway Shield Cut Feathers Red 4 in. LW 50 pk.","KIN-1406996","GATEWAY"
"244873","Gateway Shield Cut Feathers Sky Blue 4 in. LW 50 pk.","KIN-1406997","GATEWAY"
"244874","Gateway Shield Cut Feathers Sun Yellow 4 in. LW 50 pk.","KIN-1406998","GATEWAY"
"244955","Gateway Shield Cut Feathers Tangerine 4 in. LW 50 pk.","KIN-1406999","GATEWAY"
"244770","Gateway Shield Cut Feathers Tre Bark 4 in. LW 50 pk.","KIN-1407000","GATEWAY"
"244771","Gateway Shield Cut Feathers Tre Blue 4 in. LW 50 pk.","KIN-1407001","GATEWAY"
"245017","Gateway Shield Cut Feathers Tre Brown 4 in. LW 50 pk.","KIN-1407002","GATEWAY"
"244772","Gateway Shield Cut Feathers Tre Orange 4 in. LW 50 pk.","KIN-1407003","GATEWAY"
"245018","Gateway Shield Cut Feathers Tre Red 4 in. LW 50 pk.","KIN-1407004","GATEWAY"
"244773","Gateway Shield Cut Feathers Tre White/Blue 4 in. LW 50 pk.","KIN-1407005","GATEWAY"
"245019","Gateway Shield Cut Feathers Tre White/Orange 4 in. LW 50 pk.","KIN-1407006","GATEWAY"
"245020","Gateway Shield Cut Feathers Tre Yellow 4 in. LW 50 pk.","KIN-1407007","GATEWAY"
"244956","Gateway Parabolic Feathers Black 4 in. RW 50 pk.","KIN-1407008","GATEWAY"
"245021","Gateway Parabolic Feathers Chartreuse 4 in. RW 50 pk.","KIN-1407009","GATEWAY"
"244957","Gateway Parabolic Feathers Denim 4 in. RW 50 pk.","KIN-1407010","GATEWAY"
"244958","Gateway Parabolic Feathers Desert Brown 4 in. RW 50 pk.","KIN-1407011","GATEWAY"
"244959","Gateway Parabolic Feathers Barred Blue 4 in. RW 50 pk.","KIN-1407012","GATEWAY"
"244960","Gateway Parabolic Feathers Flo Pink 4 in. RW 50 pk.","KIN-1407014","GATEWAY"
"244875","Gateway Parabolic Feathers Barred Gray 4 in. RW 50 pk.","KIN-1407015","GATEWAY"
"244876","Gateway Parabolic Feathers Barred Orange 4 in. RW 50 pk.","KIN-1407016","GATEWAY"
"244877","Gateway Parabolic Feathers Flo Orange 4 in. RW 50 pk.","KIN-1407017","GATEWAY"
"244774","Gateway Parabolic Feathers Flo Pink 4 in. RW 50 pk.","KIN-1407018","GATEWAY"
"244775","Gateway Parabolic Feathers Flo White 4 in. RW 50 pk.","KIN-1407019","GATEWAY"
"244776","Gateway Parabolic Feathers Flo Yellow 4 in. RW 50 pk.","KIN-1407020","GATEWAY"
"244777","Gateway Parabolic Feathers Gray 4 in. RW 50 pk.","KIN-1407021","GATEWAY"
"244878","Gateway Parabolic Feathers Green 4 in. RW 50 pk.","KIN-1407022","GATEWAY"
"244778","Gateway Parabolic Feathers Kuro Sun Yellow 4 in. RW 50 pk.","KIN-1407023","GATEWAY"
"244879","Gateway Parabolic Feathers Kuru Blue 4 in. RW 50 pk.","KIN-1407024","GATEWAY"
"244779","Gateway Parabolic Feathers Kuru Chartreuse 4 in. RW 50 pk.","KIN-1407025","GATEWAY"
"244880","Gateway Parabolic Feathers Kuru Denim 4 in. RW 50 pk.","KIN-1407026","GATEWAY"
"244881","Gateway Parabolic Feathers Kuru Desert Brown 4 in. RW 50 pk.","KIN-1407027","GATEWAY"
"244961","Gateway Parabolic Feathers Kuru Flo Orange 4 in. RW 50 pk.","KIN-1407028","GATEWAY"
"244882","Gateway Parabolic Feathers Kuru Flo Pink 4 in. RW 50 pk.","KIN-1407029","GATEWAY"
"245022","Gateway Parabolic Feathers Kuru Flo Yellow 4 in. RW 50 pk.","KIN-1407030","GATEWAY"
"244883","Gateway Parabolic Feathers Kuru Gray 4 in. RW 50 pk.","KIN-1407031","GATEWAY"
"244962","Gateway Parabolic Feathers Kuru Green 4 in. RW 50 pk.","KIN-1407032","GATEWAY"
"244884","Gateway Parabolic Feathers Kuru Lemon Lime 4 in. RW 50 pk.","KIN-1407033","GATEWAY"
"244963","Gateway Parabolic Feathers Kuru Purple 4 in. RW 50 pk.","KIN-1407034","GATEWAY"
"244885","Gateway Parabolic Feathers Kuru Red 4 in. RW 50 pk.","KIN-1407035","GATEWAY"
"244964","Gateway Parabolic Feathers Kuru Tangerine 4 in. RW 50 pk.","KIN-1407036","GATEWAY"
"244780","Gateway Parabolic Feathers Kuru White 4 in. RW 50 pk.","KIN-1407037","GATEWAY"
"244886","Gateway Parabolic Feathers Lemon Lime 4 in. RW 50 pk.","KIN-1407038","GATEWAY"
"245023","Gateway Parabolic Feathers Purple 4 in. RW 50 pk.","KIN-1407041","GATEWAY"
"244965","Gateway Parabolic Feathers Red 4 in. RW 50 pk.","KIN-1407042","GATEWAY"
"245024","Gateway Parabolic Feathers Sky Blue 4 in. RW 50 pk.","KIN-1407043","GATEWAY"
"244966","Gateway Parabolic Feathers Sun Yellow 4 in. RW 50 pk.","KIN-1407044","GATEWAY"
"245025","Gateway Parabolic Feathers Tangerine 4 in. RW 50 pk.","KIN-1407045","GATEWAY"
"245026","Gateway Parabolic Feathers Tre Bark 4 in. RW 50 pk.","KIN-1407046","GATEWAY"
"244781","Gateway Parabolic Feathers Tre Blue 4 in. RW 50 pk.","KIN-1407047","GATEWAY"
"245027","Gateway Parabolic Feathers Tre Brown 4 in. RW 50 pk.","KIN-1407048","GATEWAY"
"244782","Gateway Parabolic Feathers Tre Green 4 in. RW 50 pk.","KIN-1407049","GATEWAY"
"245028","Gateway Parabolic Feathers Tre Orange 4 in. RW 50 pk.","KIN-1407050","GATEWAY"
"244887","Gateway Parabolic Feathers Tre Purple 4 in. RW 50 pk.","KIN-1407051","GATEWAY"
"245029","Gateway Parabolic Feathers Tre Red 4 in. RW 50 pk.","KIN-1407052","GATEWAY"
"244888","Gateway Parabolic Feathers Tre White/Blue 4 in. RW 50 pk.","KIN-1407053","GATEWAY"
"244967","Gateway Parabolic Feathers Tre White/Orange 4 in. RW 50 pk.","KIN-1407054","GATEWAY"
"244889","Gateway Parabolic Feathers Tre Yellow 4 in. RW 50 pk.","KIN-1407055","GATEWAY"
"244968","Gateway Shield Cut Feathers Black 4 in. RW 50 pk.","KIN-1407056","GATEWAY"
"244783","Gateway Shield Cut Feathers Chartreuse 4 in. RW 50 pk.","KIN-1407057","GATEWAY"
"244890","Gateway Shield Cut Feathers Denim 4 in. RW 50 pk.","KIN-1407058","GATEWAY"
"244784","Gateway Shield Cut Feathers Desert Brown 4 in. RW 50 pk.","KIN-1407059","GATEWAY"
"245030","Gateway Shield Cut Feathers Barred Blue 4 in. RW 50 pk.","KIN-1407060","GATEWAY"
"244891","Gateway Shield Cut Feathers Barred Chartreuse 4 in. RW 50 pk.","KIN-1407061","GATEWAY"
"244969","Gateway Shield Cut Feathers Barred Desert Brown 4 in. RW 50 pk.","KIN-1407062","GATEWAY"
"244892","Gateway Shield Cut Feathers Barred Flo Pink 4 in. RW 50 pk.","KIN-1407063","GATEWAY"
"244970","Gateway Shield Cut Feathers Barred Gray 4 in. RW 50 pk.","KIN-1407064","GATEWAY"
"244893","Gateway Shield Cut Feathers Barred Orange 4 in. RW 50 pk.","KIN-1407065","GATEWAY"
"244894","Gateway Shield Cut Feathers Barred Red 4 in. RW 50 pk.","KIN-1407066","GATEWAY"
"244785","Gateway Shield Cut Feathers Barred White 4 in. RW 50 pk.","KIN-1407067","GATEWAY"
"244895","Gateway Shield Cut Feathers Barred Yellow 4 in. RW 50 pk.","KIN-1407068","GATEWAY"
"244786","Gateway Shield Cut Feathers Flo Orange 4 in. RW 50 pk.","KIN-1407069","GATEWAY"
"244787","Gateway Shield Cut Feathers Flo Pink 4 in. RW 50 pk.","KIN-1407070","GATEWAY"
"244788","Gateway Shield Cut Feathers Flo White 4 in. RW 50 pk.","KIN-1407071","GATEWAY"
"244896","Gateway Shield Cut Feathers Flo Yellow 4 in. RW 50 pk.","KIN-1407072","GATEWAY"
"244789","Gateway Shield Cut Feathers Gray 4 in. RW 50 pk.","KIN-1407073","GATEWAY"
"244897","Gateway Shield Cut Feathers Green 4 in. RW 50 pk.","KIN-1407074","GATEWAY"
"244790","Gateway Shield Cut Feathers Kuro Lemon Lime 4 in. RW 50 pk.","KIN-1407075","GATEWAY"
"244898","Gateway Shield Cut Feathers Kuru Blue 4 in. RW 50 pk.","KIN-1407076","GATEWAY"
"244899","Gateway Shield Cut Feathers Kuru Brown 4 in. RW 50 pk.","KIN-1407077","GATEWAY"
"244971","Gateway Shield Cut Feathers Kuru Chartreuse 4 in. RW 50 pk.","KIN-1407078","GATEWAY"
"244900","Gateway Shield Cut Feathers Kuru Denim 4 in. RW 50 pk.","KIN-1407079","GATEWAY"
"244901","Gateway Shield Cut Feathers Kuru Flo Orange 4 in. RW 50 pk.","KIN-1407080","GATEWAY"
"245031","Gateway Shield Cut Feathers Kuru Flo Pink 4 in. RW 50 pk.","KIN-1407081","GATEWAY"
"244791","Gateway Shield Cut Feathers Kuru Flo Yellow 4 in. RW 50 pk.","KIN-1407082","GATEWAY"
"244792","Gateway Shield Cut Feathers Kuru Green 4 in. RW 50 pk.","KIN-1407083","GATEWAY"
"245032","Gateway Shield Cut Feathers Kuru Purple 4 in. RW 50 pk.","KIN-1407084","GATEWAY"
"245033","Gateway Shield Cut Feathers Kuru Red 4 in. RW 50 pk.","KIN-1407085","GATEWAY"
"245034","Gateway Shield Cut Feathers Kuru Sun Yellow 4 in. RW 50 pk.","KIN-1407086","GATEWAY"
"245035","Gateway Shield Cut Feathers Kuru Tangerine 4 in. RW 50 pk.","KIN-1407087","GATEWAY"
"244972","Gateway Shield Cut Feathers Kuru White 4 in. RW 50 pk.","KIN-1407088","GATEWAY"
"244973","Gateway Shield Cut Feathers Lemon Lime 4 in. RW 50 pk.","KIN-1407089","GATEWAY"
"245036","Gateway Shield Cut Feathers Purple 4 in. RW 50 pk.","KIN-1407090","GATEWAY"
"244902","Gateway Shield Cut Feathers Red 4 in. RW 50 pk.","KIN-1407091","GATEWAY"
"244793","Gateway Shield Cut Feathers Sky Blue 4 in. RW 50 pk.","KIN-1407092","GATEWAY"
"244903","Gateway Shield Cut Feathers Sun Yellow 4 in. RW 50 pk.","KIN-1407093","GATEWAY"
"244794","Gateway Shield Cut Feathers Tangerine 4 in. RW 50 pk.","KIN-1407094","GATEWAY"
"244904","Gateway Shield Cut Feathers Tre Bark 4 in. RW 50 pk.","KIN-1407095","GATEWAY"
"244795","Gateway Shield Cut Feathers Tre Blue 4 in. RW 50 pk.","KIN-1407096","GATEWAY"
"244974","Gateway Shield Cut Feathers Tre Brown 4 in. RW 50 pk.","KIN-1407097","GATEWAY"
"244905","Gateway Shield Cut Feathers Tre Green 4 in. RW 50 pk.","KIN-1407098","GATEWAY"
"244975","Gateway Shield Cut Feathers Tre Orange 4 in. RW 50 pk.","KIN-1407099","GATEWAY"
"244976","Gateway Shield Cut Feathers Tre Purple 4 in. RW 50 pk.","KIN-1407100","GATEWAY"
"244977","Gateway Shield Cut Feathers Tre Red 4 in. RW 50 pk.","KIN-1407101","GATEWAY"
"244978","Gateway Shield Cut Feathers Tre White/Blue 4 in. RW 50 pk.","KIN-1407102","GATEWAY"
"244979","Gateway Shield Cut Feathers Tre White/Orange 4 in. RW 50 pk.","KIN-1407103","GATEWAY"
"244796","Gateway Shield Cut Feathers Tre Yellow 4 in. RW 50 pk.","KIN-1407104","GATEWAY"
"245037","Gateway Magnum Feathers Tre White/Orange 5.5 in. RW 50 pk.","KIN-1407105","GATEWAY"
"243849","Bohning Smooth Release Insert Nock Apricot 12 pk.","KIN-1407124","BOHNING"
"243885","Bohning Smooth Release Insert Nock Black 12 pk.","KIN-1407125","BOHNING"
"243886","Bohning Smooth Release Insert Nock Clear 12 pk.","KIN-1407126","BOHNING"
"243887","Bohning Smooth Release Insert Nock Electric Blue 12 pk.","KIN-1407127","BOHNING"
"243888","Bohning Smooth Release Insert Nock Lime 12 pk.","KIN-1407128","BOHNING"
"243926","Bohning Smooth Release Insert Nock Neon Green 12 pk.","KIN-1407129","BOHNING"
"243927","Bohning Smooth Release Insert Nock Neon Orange 12 pk.","KIN-1407130","BOHNING"
"243928","Bohning Smooth Release Insert Nock Neon Yellow 12 pk.","KIN-1407131","BOHNING"
"243929","Bohning Smooth Release Insert Nock Teal 12 pk.","KIN-1407132","BOHNING"
"246045","AAE Hybrid 16 Vanes Gray 1.7 in. 100 pk.","KIN-1407604","AAE"
"250277","Black Mountain Carbon Fate Quiver Kuiu Verde 5 Arrow","KIN-1407605","Black Mountain"
"250278","Black Mountain Torment Quiver Mossy Oak Country 5 Arrow","KIN-1407606","Black Mountain"
"250279","Black Mountain Torment Quiver Kuiu Verde 5 Arrow","KIN-1407607","Black Mountain"
"250181","Black Mountain Torment Quiver TrueTimber Strata 5 Arrow","KIN-1407608","Black Mountain"
"250280","Black Mountain Covert-X Quiver Mossy Oak Country 6 Arrow","KIN-1407609","Black Mountain"
"250182","Black Mountain Covert-X Quiver Kuiu Verde 6 Arrow","KIN-1407610","Black Mountain"
"250219","Black Mountain Covert-X Quiver TruTimber Strata 6 Arrow","KIN-1407611","Black Mountain"
"249657","Black Mountain Recon Stabilizer Mossy Oak Country 10 in.","KIN-1407612","Black Mountain"
"249651","Black Mountain Recon Stabilizer Kuiu Verde 10 in.","KIN-1407613","Black Mountain"
"246046","AAE Hybrid 1.85 Vanes Gray 1.85 in. 100 pk.","KIN-1407614","AAE"
"246047","AAE Hybrid 2.0 Vanes Gray 1.95 in. 100 pk.","KIN-1407615","AAE"
"246048","AAE Hybrid 23 Vanes Gray 2.3 in. 100 pk.","KIN-1407616","AAE"
"249463","Black Mountain Recon Stabilizer TrueTimber Strata 10 in.","KIN-1407617","Black Mountain"
"249464","Black Mountain Recon Stabilizer Mossy Oak Country 6 in.","KIN-1407618","Black Mountain"
"249465","Black Mountain Recon Stabilizer Kuiu Verde 6 in.","KIN-1407619","Black Mountain"
"249466","Black Mountain Recon Stabilizer TrueTimber Strata 6 in.","KIN-1407620","Black Mountain"
"251819","PSE Warhammer Cocking Winch","KIN-1407621","PSE"
"251854","PSE Crossbow Cocking Rope 2 Hook","KIN-1407622","PSE"
"246049","AAE Hybrid 26 Vanes Gray 2.7 in. 100 pk.","KIN-1407623","AAE"
"246050","AAE Hybrid 40 Vanes Gray 3.8 in. 100 pk.","KIN-1407624","AAE"
"246051","AAE Hybrid HP Vanes Gray 2 in. 100 pk.","KIN-1407625","AAE"
"251338","Wifler Industries Phoenix Metal-X Release Brass 2/3 Finger","KIN-1407738","Wifler Industries"
"251351","Wifler Industries Phoenix Release Black Aluminium 2/3 Finger","KIN-1407739","Wifler Industries"
"250808","Wifler Industries MP-1 Plunger Black","KIN-1407740","Wifler Industries"
"250803","Wifler Industries MP-1 Pro Plunger Black","KIN-1407741","Wifler Industries"
"250799","Wifler Industries MP-1 Barebow Plunger Black","KIN-1407742","Wifler Industries"
"250080","Shrewd Tungsten Weight Black 4 oz. Cylindrical","KIN-1407813","Shrewd Archery"
"250081","Shrewd Tungsten Weight Black 1 oz. Cylindrical","KIN-1407814","Shrewd Archery"
"250166","Shrewd S-Pack Stabilizer Bag Black Single 23 in.","KIN-1407815","Shrewd Archery"
"250167","Shrewd S-Pack Stabilizer Bag Black Double 37/20 in.","KIN-1407816","Shrewd Archery"
"251071","Shrewd Sidekick Umbrella Holder Black","KIN-1407817","Shrewd Archery"
"248612","Bowmar Peep Tuner Green","KIN-1407894","Bowmar Archery"
"248613","Bowmar Peep Tuner Red","KIN-1407895","Bowmar Archery"
"248614","Bowmar Peep Tuner Black","KIN-1407896","Bowmar Archery"
"248615","Bowmar Peep Tuner Orange","KIN-1407897","Bowmar Archery"
"248616","Bowmar Peep Tuner Blue","KIN-1407898","Bowmar Archery"
"248617","Bowmar Peep Tuner Yellow","KIN-1407899","Bowmar Archery"
"248618","Bowmar Peep Tuner Purple","KIN-1407900","Bowmar Archery"
"248619","Bowmar Peep Tuner White","KIN-1407901","Bowmar Archery"
"248620","Bowmar Peep Tuner Pink","KIN-1407902","Bowmar Archery"
"250153","Redline Back Bar","KIN-1407916","Redline"
"248624","Redline Peep Sight 1/4&quote; 50ct Black","KIN-1407917","Redline"
"248625","Redline Peep Sight 3/16&quote; 50ct Black","KIN-1407918","Redline"
"250319","Redline RL-3 Quiver 5 Arrow Black","KIN-1407919","Redline"
"250320","Redline RL-2 Carbon Quiver 5 Arrow Black","KIN-1407920","Redline"
"250321","Redline RL-1 Carbon Quiver 3 Arrow Black","KIN-1407921","Redline"
"250322","Redline RL-1 Carbon Quiver 6 Arrow Black","KIN-1407922","Redline"
"249738","Redline RL-1 Stabilizer 6&quote; Black","KIN-1407936","Redline"
"249739","Redline RL-1 Stabilizer 8&quote; Black","KIN-1407937","Redline"
"249740","Redline RL-1 Stabilizer 10&quote; Black","KIN-1407938","Redline"
"249741","Redline RL-1 Stabilizer 12&quote; Black","KIN-1407939","Redline"
"251374","Cobra Professional Release 3 Finger","KIN-1407964","Cobra"
"250737","Hamskea Epsilon Rest Black RH","KIN-1407965","HAMSKEA"
"250738","Hamskea Epsilon Rest Mathews Bracket Black RH","KIN-1407966","HAMSKEA"
"250739","Hamskea Epsilon Rest Black LH","KIN-1407967","HAMSKEA"
"250740","Hamskea Epsilon Rest Mathews Bracket Black LH","KIN-1407968","HAMSKEA"
"250881","Hamskea Epsilon Target Conversion Kit","KIN-1407969","HAMSKEA"
"250882","Hamskea C.O.R. Mount Riser Interface","KIN-1407970","HAMSKEA"
"250883","Hamskea C.O.R. Universal Adaptor Bracket","KIN-1407971","HAMSKEA"
"250884","Hamskea C.O.R. Mathews Bracket Kit","KIN-1407972","HAMSKEA"
"250885","Hamskea Epsilon Containment Launcher","KIN-1407973","HAMSKEA"
"242874","Gold Tip Force FOC Arrows 400 Raptor Vanes 6pk","KIN-1407974","Gold Tip"
"242875","Gold Tip Force FOC Arrows 400 4 Fletch 6pk","KIN-1407975","Gold Tip"
"242876","Gold Tip Force FOC Arrows 340 Raptor Vanes 6pk","KIN-1407976","Gold Tip"
"242877","Gold Tip Force FOC Arrows 340 4 Fletch 6pk","KIN-1407977","Gold Tip"
"242878","Gold Tip Force FOC Arrows 300 Raptor Vanes 6pk","KIN-1407978","Gold Tip"
"242879","Gold Tip Force FOC Arrows 300 4 Fletch 6pk","KIN-1407979","Gold Tip"
"242880","Gold Tip Force FOC Arrows 250 Raptor Vanes 6pk","KIN-1407980","Gold Tip"
"242881","Gold Tip Force FOC Arrows 250 4 Fletch 6pk","KIN-1407981","Gold Tip"
"249742","Bee Stinger MicroHex Stabilizer Brown 12 in.","KIN-1407982","Bee Stinger"
"249743","Bee Stinger MicroHex Stabilizer Green 12 in.","KIN-1407983","Bee Stinger"
"249744","Bee Stinger MicroHex Stabilizer Grey 12 in.","KIN-1407984","Bee Stinger"
"249745","Bee Stinger MicroHex Stabilizer Matte Black 12 in.","KIN-1407985","Bee Stinger"
"249746","Bee Stinger MicroHex Stabilizer Olive 12 in.","KIN-1407986","Bee Stinger"
"249747","Bee Stinger MicroHex Stabilizer Tan 12 in.","KIN-1407987","Bee Stinger"
"249748","Bee Stinger MicroHex Stabilizer Matte Black 15 in.","KIN-1407988","Bee Stinger"
"249749","Bee Stinger MicroHex Stabilizer Kit Matte Black 12 in./10 in.","KIN-1407989","Bee Stinger"
"249750","Bee Stinger MicroHex Stabilizer Kit Matte Black 10 in./8 in.","KIN-1407990","Bee Stinger"
"249751","Bee Stinger MicroHex Stabilizer Kit Matte Black 8 in./6 in.","KIN-1407991","Bee Stinger"
"252078","Gold Tip Superfly Bolts 20 in. 6 pk.","KIN-1407992","Gold Tip"
"252079","Gold Tip Superfly Bolts 20 in. 72 pk.","KIN-1407993","Gold Tip"
"251946","Gold Tip Superfly Bolt Shafts 20 in. 1 doz.","KIN-1407994","Gold Tip"
"251947","Gold Tip Superfly Bolt Shafts 22 in. 1 doz.","KIN-1407997","Gold Tip"
"251200","B3 Rook Release Flex Connector OD Green","KIN-1408002","B3"
"251201","B3 Nemesis Release Flex Connector Black","KIN-1408003","B3"
"251371","B3 Coop Pro Release Brass","KIN-1408004","B3"
"251372","B3 Coop Pro Release Stainless Steel","KIN-1408005","B3"
"251373","B3 Tanjent Relase Brass","KIN-1408006","B3"
"251320","B3 Exit Mini Release Violet","KIN-1408007","B3"
"251321","B3 Exit Release Black","KIN-1408008","B3"
"246263","B3 Exoskeletal Destrukt Max Broadhead 125 gr. 3 Blade 3pk.","KIN-1408009","B3"
"246056","AAE Elite Plastifletch Vanes OD Green 1.75 in. 100 pk.","KIN-1408014","AAE"
"246057","AAE Elite Plastifletch Vanes Sand 1.75 in. 100 pk.","KIN-1408015","AAE"
"246058","AAE Elite Plastifletch Vanes Teal 1.75 in. 100 pk.","KIN-1408016","AAE"
"246059","AAE Elite Plastifletch Vanes OD Green 2.375 in. 100 pk.","KIN-1408017","AAE"
"246060","AAE Elite Plastifletch Vanes Sand 2.375 in. 100 pk.","KIN-1408018","AAE"
"246061","AAE Elite Plastifletch Vanes Teal 2.375 in. 100 pk.","KIN-1408019","AAE"
"246062","AAE Elite Plastifletch Vanes OD Green 2.875 in. 100 pk.","KIN-1408020","AAE"
"246063","AAE Elite Plastifletch Vanes Sand 2.875 in. 100 pk.","KIN-1408021","AAE"
"246064","AAE Elite Plastifletch Vanes Teal 2.875 in. 100 pk.","KIN-1408022","AAE"
"246065","AAE Elite Plastifletch Vanes OD Green 3.875 in. 100 pk.","KIN-1408023","AAE"
"246066","AAE Elite Plastifletch Vanes Sand 3.875 in. 100 pk.","KIN-1408024","AAE"
"246067","AAE Elite Plastifletch Vanes Teal 3.875 in. 100 pk.","KIN-1408025","AAE"
"246068","AAE Hybrid 16 Vanes OD Green 1.7 in. 100 pk.","KIN-1408026","AAE"
"246069","AAE Hybrid 16 Vanes Sand 1.7 in. 100 pk.","KIN-1408027","AAE"
"246070","AAE Hybrid 16 Vanes Teal 1.7 in. 100 pk.","KIN-1408028","AAE"
"246071","AAE Hybrid 1.85 Vanes OD Green 1.85 in. 100 pk.","KIN-1408029","AAE"
"246072","AAE Hybrid 1.85 Vanes Sand 1.85 in. 100 pk.","KIN-1408030","AAE"
"246073","AAE Hybrid 1.85 Vanes Teal 1.85 in. 100 pk.","KIN-1408031","AAE"
"246074","AAE Hybrid 2.0 Vanes OD Green 1.95 in. 100 pk.","KIN-1408032","AAE"
"246075","AAE Hybrid 2.0 Vanes Sand 1.95 in. 100 pk.","KIN-1408033","AAE"
"246076","AAE Hybrid 2.0 Vanes Teal 1.95 in. 100 pk.","KIN-1408034","AAE"
"246077","AAE Hybrid 23 Vanes OD Green 2.3 in. 100 pk.","KIN-1408035","AAE"
"246078","AAE Hybrid 23 Vanes Sand 2.3 in. 100 pk.","KIN-1408036","AAE"
"246079","AAE Hybrid 23 Vanes Teal 2.3 in. 100 pk.","KIN-1408037","AAE"
"246080","AAE Hybrid 26 Vanes OD Green 2.7 in. 100 pk.","KIN-1408038","AAE"
"246081","AAE Hybrid 26 Vanes Sand 2.7 in. 100 pk.","KIN-1408039","AAE"
"246082","AAE Hybrid 26 Vanes Teal 2.7 in. 100 pk.","KIN-1408040","AAE"
"246083","AAE Hybrid 40 Vanes OD Green 3.8 in. 100 pk.","KIN-1408041","AAE"
"246084","AAE Hybrid 40 Vanes Sand 3.8 in. 100 pk.","KIN-1408042","AAE"
"246085","AAE Hybrid 40 Vanes Teal 3.8 in. 100 pk.","KIN-1408043","AAE"
"246086","AAE Hybrid HP Vanes OD Green 2 in. 100 pk.","KIN-1408044","AAE"
"246087","AAE Hybrid HP Vanes Sand 2 in. 100 pk.","KIN-1408045","AAE"
"246088","AAE Hybrid HP Vanes Teal 2 in. 100 pk.","KIN-1408046","AAE"
"246089","AAE Max Hunter Vanes OD Green 2.1 in. 100 pk.","KIN-1408047","AAE"
"246090","AAE Max Hunter Vanes Sand 2.1 in. 100 pk.","KIN-1408048","AAE"
"246091","AAE Max Hunter Vanes Teal 2.1 in. 100 pk.","KIN-1408049","AAE"
"246092","AAE Max Stealth Vanes OD Green 2.6 in. 100 pk.","KIN-1408050","AAE"
"246093","AAE Max Stealth Vanes Sand 2.6 in. 100 pk.","KIN-1408051","AAE"
"246094","AAE Max Stealth Vanes Teal 2.6 in. 100 pk.","KIN-1408052","AAE"
"246095","AAE Pro Max Vanes OD Green 1.7 in. 100 pk.","KIN-1408053","AAE"
"246096","AAE Pro Max Vanes Sand 1.7 in. 100 pk.","KIN-1408054","AAE"
"246097","AAE Pro Max Vanes Teal 1.7 in. 100 pk.","KIN-1408055","AAE"
"246098","AAE Trad Vanes OD Green 3 in. 50 pk.","KIN-1408056","AAE"
"246099","AAE Trad Vanes Sand 3 in. 50 pk.","KIN-1408057","AAE"
"246100","AAE Trad Vanes Teal 3 in. 50 pk.","KIN-1408058","AAE"
"246101","AAE Trad Vanes OD Green 4 in. 50 pk.","KIN-1408059","AAE"
"246102","AAE Trad Vanes Sand 4 in. 50 pk.","KIN-1408060","AAE"
"246103","AAE Trad Vanes Teal 4 in. 50 pk.","KIN-1408061","AAE"
"244729","AAE Bitz Nock Receiver 3 and 4 Fletch","KIN-1408062","AAE"
"250886","AAE Pro Series Hex Cut Whale Tail Launcher .030&quote;","KIN-1408063","AAE"
"246104","AAE Trad Vanes OD Green 5 in. 50 pk.","KIN-1408064","AAE"
"246105","AAE Trad Vanes Sand 5 in. 50 pk.","KIN-1408065","AAE"
"246106","AAE Trad Vanes Teal 5 in. 50 pk.","KIN-1408066","AAE"
"252080","Victory XBolt Elite Crossbow Bolts 22 in. 3 pk.","KIN-1408085","Victory"
"252081","Victory XBolt Elite Crossbow Bolts 22 in. 6 pk.","KIN-1408086","Victory"
"252082","Victory XBolt Gamer Crossbow Bolts 20 in. 3 pk.","KIN-1408087","Victory"
"252083","Victory XBolt Gamer Lighted Crossbow Bolts 20 in. 3 pk.","KIN-1408088","Victory"
"252084","Victory XBolt Gamer Crossbow Bolts 20 in. 6 pk.","KIN-1408089","Victory"
"252085","Victory XBolt Gamer Crossbow Bolts 22 in. 3 pk.","KIN-1408090","Victory"
"252086","Victory XBolt Gamer Lighted Crossbow Bolts 22 in. 3 pk.","KIN-1408091","Victory"
"252087","Victory XBolt Gamer Crossbow Bolts 22 in. 6 pk.","KIN-1408092","Victory"
"252088","Victory XBolt Sport Crossbow Bolts 20 in. 3 pk.","KIN-1408093","Victory"
"252089","Victory XBolt Sport Lighted Crossbow Bolts 20 in. 3 pk.","KIN-1408094","Victory"
"252090","Victory XBolt Sport Crossbow Bolts 20 in. 6 pk.","KIN-1408095","Victory"
"252091","Victory XBolt Sport Crossbow Bolts 22 in. 3 pk.","KIN-1408096","Victory"
"252092","Victory XBolt Sport Lighted Crossbow Bolts 22 in. 3 pk.","KIN-1408097","Victory"
"252093","Victory XBolt Sport Crossbow Bolts 22 in. 6 pk.","KIN-1408098","Victory"
"251324","Stan OnneX Thumb Release Sage Medium","KIN-1408175","Stanislawski"
"251325","Stan OnneX Thumb Release Sage Large","KIN-1408176","Stanislawski"
"251326","Stan OnneX Thumb Release Sage X-Large","KIN-1408177","Stanislawski"
"251327","Stan OnneX Thumb Release Grey Medium","KIN-1408178","Stanislawski"
"251328","Stan OnneX Thumb Release Grey Large","KIN-1408179","Stanislawski"
"251329","Stan OnneX Thumb Release Grey X-Large","KIN-1408180","Stanislawski"
"251330","Stan OnneX Thumb Release Heavy Metal Medium","KIN-1408181","Stanislawski"
"251331","Stan OnneX Thumb Release Heavy Metal Large","KIN-1408182","Stanislawski"
"251332","Stan OnneX Thumb Release Heavy Metal X-Large","KIN-1408183","Stanislawski"
"251431","Stan OnneX Resistance Release Sage Medium","KIN-1408184","Stanislawski"
"251432","Stan OnneX Resistance Release Sage Large","KIN-1408185","Stanislawski"
"251433","Stan OnneX Resistance Release Sage X-Large","KIN-1408186","Stanislawski"
"251434","Stan OnneX Resistance Release Grey Medium","KIN-1408187","Stanislawski"
"251435","Stan OnneX Resistance Release Grey Large","KIN-1408188","Stanislawski"
"251436","Stan OnneX Resistance Release Grey X-Large","KIN-1408189","Stanislawski"
"251437","Stan OnneX Resistance Release Heavy Metal Medium","KIN-1408190","Stanislawski"
"251438","Stan OnneX Resistance Release Heavy Metal Large","KIN-1408191","Stanislawski"
"251439","Stan OnneX Resistance Release Heavy Metal X-Large","KIN-1408192","Stanislawski"
"251375","Stan OnneX Hinge Release Sage Medium","KIN-1408193","Stanislawski"
"251376","Stan OnneX Hinge Release Sage Large","KIN-1408194","Stanislawski"
"251377","Stan OnneX Hinge Release Sage X-Large","KIN-1408195","Stanislawski"
"251378","Stan OnneX Hinge Release Grey Medium","KIN-1408196","Stanislawski"
"251379","Stan OnneX Hinge Release Grey Large","KIN-1408197","Stanislawski"
"251380","Stan OnneX Hinge Release Grey X-Large","KIN-1408198","Stanislawski"
"251381","Stan OnneX Hinge Release Heavy Metal Medium","KIN-1408199","Stanislawski"
"251382","Stan OnneX Hinge Release Heavy Metal Large","KIN-1408200","Stanislawski"
"251383","Stan OnneX Hinge Release Heavy Metal X-Large","KIN-1408201","Stanislawski"
"251205","Stan SoleX Release","KIN-1408202","Stanislawski"
"251206","Stan StrikeX Release Web Connect","KIN-1408203","Stanislawski"
"251207","Stan StrikeX Release Hard Connect","KIN-1408204","Stanislawski"
"251440","Truball Abyss X-Tension Release Quick Silver Brass Medium","KIN-1408205","Tru Ball"
"251441","Truball Abyss X-Tension Release Quick Silver Brass Large","KIN-1408206","Tru Ball"
"251208","Truball Centerline Release Black Large Buckle","KIN-1408207","Tru Ball"
"251209","Truball Bone Collector Assassin XT Release Black Junior Buckle","KIN-1408208","Tru Ball"
"251210","Truball Bone Collector Assassin XT Release Black Large Buckle","KIN-1408209","Tru Ball"
"251211","Truball Bone Collector Assassin XT Release Black X-Large Buckle","KIN-1408210","Tru Ball"
"251212","Truball Bone Collector Assassin XT Release Black Junior Velcro","KIN-1408211","Tru Ball"
"251213","Truball Bone Collector Assassin XT Release Black Large Velcro","KIN-1408212","Tru Ball"
"251214","Truball Bone Collector Assassin XT Release Black X-Large Velcro","KIN-1408213","Tru Ball"
"251215","Truball Bone Collector Beast XT Hybrid Release Black Junior Buckle","KIN-1408214","Tru Ball"
"251216","Truball Bone Collector Beast XT Hybrid Release Black Large Buckle","KIN-1408215","Tru Ball"
"251217","Truball Bone Collector Beast XT Hybrid Release Black X-Large Buckle","KIN-1408216","Tru Ball"
"251218","Truball Bone Collector Beast XT Hybrid Release Black Junior Velcro","KIN-1408217","Tru Ball"
"251219","Truball Bone Collector Beast XT Hybrid Release Black Large Velcro","KIN-1408218","Tru Ball"
"251220","Truball Bone Collector Beast XT Hybrid Release Black X-Large Velcro","KIN-1408219","Tru Ball"
"251333","Truball ST4LK'R Thumb Release Black 4 Finger with Lanyard","KIN-1408220","Tru Ball"
"251384","Truball Executive Release Quick Silver Brass Medium","KIN-1408221","Tru Ball"
"249787","Axcel Antler Ridge Hunting Stabilizer Black 6 in.","KIN-1408309","Axcel"
"249788","Axcel Antler Ridge Hunting Stabilizer Black 8 in.","KIN-1408310","Axcel"
"249789","Axcel Antler Ridge Hunting Stabilizer Black 10 in.","KIN-1408311","Axcel"
"249790","Axcel Antler Ridge Hunting Stabilizer Black 12 in.","KIN-1408312","Axcel"
"249791","Axcel Antler Ridge Hunting Stabilizer Coyote Tan 6 in.","KIN-1408313","Axcel"
"249792","Axcel Antler Ridge Hunting Stabilizer Coyote Tan 8 in.","KIN-1408314","Axcel"
"249793","Axcel Antler Ridge Hunting Stabilizer Coyote Tan 10 in.","KIN-1408315","Axcel"
"249794","Axcel Antler Ridge Hunting Stabilizer Coyote Tan 12 in.","KIN-1408316","Axcel"
"249795","Axcel Antler Ridge Hunting Stabilizer Olive Drab Green 6 in.","KIN-1408317","Axcel"
"249796","Axcel Antler Ridge Hunting Stabilizer Olive Drab Green 8 in.","KIN-1408318","Axcel"
"249797","Axcel Antler Ridge Hunting Stabilizer Olive Drab Green 10 in.","KIN-1408319","Axcel"
"249798","Axcel Antler Ridge Hunting Stabilizer Olive Drab Green 12 in.","KIN-1408320","Axcel"
"246831","Warrior River Courage Compound Bow Package Army 20-70 lb. RH","KIN-1408365","Warrior River"
"250339","30-06 INDEE Quiver 5 Arrow Black","KIN-1408367","30-06"
"250532","30-06 Torah Hip Quiver Pure Leather RH","KIN-1408368","30-06"
"250533","30-06 Torah Hip Quiver Pure Leather LH","KIN-1408369","30-06"
"249799","Redline Trio Stabilizer Kit 10 in./6 in. with Mount","KIN-1408400","Redline"
"244722","Bohning Cauldron Fletching Station","KIN-1408401","BOHNING"
"246289","Wasp Jak-Hammer Select A Cut SST Broadheads 100 gr. 3 pk.","KIN-14136","Wasp"
"250417","Neet N-TL-302 Trim Lite Quiver Black RH","KIN-14390","Neet"
"243252","Victory RIP TKO Elite Low Torque Shafts 300 1 doz.","KIN-1501000","Victory"
"243105","Victory RIP TKO Elite Low Torque Shafts 350 1 doz.","KIN-1501001","Victory"
"243253","Victory RIP TKO Gamer Low Torque Shafts 300 1 doz.","KIN-1501002","Victory"
"243106","Victory RIP TKO Gamer Low Torque Shafts 350 1 doz.","KIN-1501003","Victory"
"252211","Victory Brass Insert Crossbolt 110 gr. 12 pk.","KIN-1501006","Victory"
"243939","Victory Bohning A Nocks Neon Red 12 pk.","KIN-1501013","Victory"
"243725","Victory RIP SHOK Inserts Stainless Steel 60 gr. 12 pk.","KIN-1501014","Victory"
"243787","Victory RIP SHOK Inserts Stainless Steel 60 gr. 350 12 pk.","KIN-1501015","Victory"
"243788","Victory RIP SHOK Inserts Stainless Steel 58 gr. 300 12 pk.","KIN-1501016","Victory"
"243786","Victory VAP P2 Inserts Stainless Steel .166 12 pk.","KIN-1501017","Victory"
"242965","Victory VAP Elite Shafts 250 1 doz.","KIN-1501020","Victory"
"252356","ACU Archery Econo Lok Orange 25 pk.","KIN-1501023","Acu Archery"
"250465","Bohning Youth Tube Quiver Gray/Orange RH/LH","KIN-1501149","BOHNING"
"250470","Bohning Youth Tube Quiver Black/Camo RH/LH","KIN-1501151","BOHNING"
"251068","Bohning Shooters Stool Stool Only","KIN-1501157","BOHNING"
"243789","Victory Insert Shok TL VAP 229&quote; 95 Gr Small Satin Brown","KIN-1501207","Victory"
"243726","Victory Insert Shok TL VAP 234&quote; 95 Gr Medium Satin Green","KIN-1501208","Victory"
"243790","Victory Insert Shok TL VAP 239&quote; 95 Gr Large Satin Gray","KIN-1501209","Victory"
"243753","Victory Insert Shok TL VAP 245&quote; 95 Gr Extra Large Satin Black","KIN-1501210","Victory"
"243791","Victory Insert Shok TL VAP 250&quote; 96 Gr 2XL Satin Tan","KIN-1501211","Victory"
"244479","Victory VXT/VAP Glue in Bullet Point 120-140 gr. 12 pk.","KIN-1501212","Victory"
"243940","Victory VAP/VAP TKO/VAP-SS Press Fit Nock .166 Blue Dozen Pack","KIN-1501213","Victory"
"243850","Victory VAP/VAP TKO/VAP-SS Press Fit Nock .166 White Dozen Pack","KIN-1501214","Victory"
"243933","Victory VAP/VAP TKO/VAP-SS Press Fit Nock .166 Green Dozen Pack","KIN-1501215","Victory"
"243851","Victory VAP/VAP TKO/VAP-SS Press Fit Nock .166 Orange Dozen Pack","KIN-1501216","Victory"
"243934","Victory VAP/VAP TKO/VAP-SS Press Fit Nock .166 Yellow Dozen Pack","KIN-1501217","Victory"
"243941","Victory VAP/VAP TKO/VAP-SS Press Fit Nock .166 Red Dozen Pack","KIN-1501218","Victory"
"245893","TAC Vanes Matrix Vanes White 1.75 in. 36 pk.","KIN-1501219","Tac Vanes"
"245616","TAC Vanes Matrix Vanes Yellow 1.75 36 pk.","KIN-1501221","Tac Vanes"
"245908","TAC Vanes Matrix Vanes Green 1.75 in. 36 pk.","KIN-1501222","Tac Vanes"
"245617","TAC Vanes Matrix Vanes Orange 1.75 in. 36 pk.","KIN-1501223","Tac Vanes"
"245894","TAC Vanes Matrix Vanes Pink 1.75 in. 36 pk.","KIN-1501224","Tac Vanes"
"245440","TAC Vanes Matrix Vanes Red 1.75 in. 36 pk.","KIN-1501225","Tac Vanes"
"245895","TAC Vanes Matrix Vanes Blue 1.75 in. 36 pk.","KIN-1501226","Tac Vanes"
"245441","TAC Vanes Matrix Vanes Purple 1.75 in. 36 pk.","KIN-1501227","Tac Vanes"
"245618","TAC Vanes Matrix Vanes Black 1.75 in. 36 pk.","KIN-1501228","Tac Vanes"
"245442","TAC Vanes Matrix Vanes Turquoise 1.75 in. 36 pk.","KIN-1501229","Tac Vanes"
"245896","TAC Vanes Matrix Vanes OD Green 1.75 in. 36 pk.","KIN-1501230","Tac Vanes"
"245897","TAC Vanes Matrix Vanes Tan 1.75 in. 36 pk.","KIN-1501231","Tac Vanes"
"245619","TAC Vanes Matrix Vanes White 1.75 in. 100 pk.","KIN-1501232","Tac Vanes"
"245898","TAC Vanes Matrix Vanes Yellow 1.75 in. 100 pk.","KIN-1501233","Tac Vanes"
"245620","TAC Vanes Matrix Vanes Green 1.75 in. 100 pk.","KIN-1501234","Tac Vanes"
"245899","TAC Vanes Matrix Vanes Orange 1.75 in. 100 pk.","KIN-1501235","Tac Vanes"
"245443","TAC Vanes Matrix Vanes Pink 1.75 in. 100 pk.","KIN-1501236","Tac Vanes"
"245621","TAC Vanes Matrix Vanes Red 1.75 in. 100 pk.","KIN-1501237","Tac Vanes"
"245444","TAC Vanes Matrix Vanes Blue 1.75 in. 100 pk.","KIN-1501238","Tac Vanes"
"245622","TAC Vanes Matrix Vanes Black 1.75 in. 100 pk.","KIN-1501239","Tac Vanes"
"245909","TAC Vanes Matrix Vanes Turquoise 1.75 in. 100 pk.","KIN-1501240","Tac Vanes"
"245623","TAC Vanes Matrix Vanes OD Green 1.75 in. 100 pk.","KIN-1501241","Tac Vanes"
"245445","TAC Vanes Matrix Vanes Tan 1.75 in. 100 pk.","KIN-1501242","Tac Vanes"
"246482","Saunders Bludgeon Small Game Head 100 gr. 4 pk.","KIN-15023","SAUNDERS"
"248564","Fletcher Tru Peep Super Hunter Black 3/16 in.","KIN-15235","FLETCHER"
"247341","J and D Bowstring Black D75 63 in.","KIN-15313","J And D Custom Strings"
"252036","Barnett Head Hunter Carbon Crossbow Bolts 20 in. 5 pk.","KIN-15393","Barnett"
"243852","Easton 4mm G Nocks White Large Groove 100 pk.","KIN-1552","Easton"
"247814","Excalibur Flemish String Black/White","KIN-15524","Excalibur"
"243889","Easton 4mm G Nocks Orange Large Groove 100 pk.","KIN-1553","Easton"
"243942","Easton 4mm G Nocks Green Large Groove 100 pk.","KIN-1554","Easton"
"244551","Easton Glue In Bullet Points 1413 35 gr. 12 pk.","KIN-15687","Easton"
"249302","Elevation HUNT Quick Release Bow Sling Olive/Tan","KIN-1601000","ELEVATION"
"250466","Elevation Nerve Field Quiver Mathews Edition Black RH","KIN-1601005","ELEVATION"
"250359","Elevation Nerve Field Quiver Mathews Edition Black LH","KIN-1601006","ELEVATION"
"250471","Elevation Mettle Field Quiver Black RH","KIN-1601008","ELEVATION"
"250467","Elevation Mettle Field Quiver Black LH","KIN-1601009","ELEVATION"
"251631","Fin Finder Sidewinder Drum Reel Blue RH/LH","KIN-1601021","Fin-Finder"
"251490","Fin Finder Bank Runner Recurve Package Red w/ Sidewinder Reel RH","KIN-1601023","Fin-Finder"
"251491","Fin Finder Bank Runner Recurve Package Blue w/ Sidewinder Reel RH","KIN-1601024","Fin-Finder"
"251478","Fin Finder Bank Runner Recurve Package Black w/ Sidewinder Reel RH","KIN-1601026","Fin-Finder"
"251683","Fin Finder Bowfishing Package w/ Sidewinder Reel RH/LH","KIN-1601027","Fin-Finder"
"252367","October Mountain Versa Cradle Bow Vise Wide Limb","KIN-1601028","OCTOBER MOUNTAIN"
"252360","October Mountain Versa Cradle Bow Vise MicroTune","KIN-1601029","OCTOBER MOUNTAIN"
"252263","October Mountain Tru-Crimp Nocking Pliers","KIN-1601034","OCTOBER MOUNTAIN"
"250468","October Mountain Shift Field Quiver Ambidextrous","KIN-1601038","OCTOBER MOUNTAIN"
"251567","Fin Finder Kraken 3 Barb Bowfishing Point","KIN-1601039","Fin-Finder"
"250418","Elevation Pro Shooters Belt Youth Edition Black/Silver","KIN-1601040","ELEVATION"
"250472","Elevation Nerve Field Quiver Package Mathews Edition Black RH","KIN-1601046","ELEVATION"
"250360","Elevation Nerve Field Quiver Package Mathews Edition Black LH","KIN-1601047","ELEVATION"
"252277","October Mountain Archery Tech Tool Kit Starter","KIN-1601048","OCTOBER MOUNTAIN"
"252267","October Mountain Archery Tech Tool Kit Pro","KIN-1601049","OCTOBER MOUNTAIN"
"246898","October Mountain Sektor ILF Recurve Bow 60 in. 45 lbs. RH","KIN-1601056","OCTOBER MOUNTAIN"
"246997","October Mountain Carbon Z ILF Recurve Bow 58 in. 45 lbs. RH","KIN-1601057","OCTOBER MOUNTAIN"
"250473","Elevation Aero Pocket Quiver Black","KIN-1601058","ELEVATION"
"250469","Elevation Nerve Field Quiver Youth Edition Black RH","KIN-1601059","ELEVATION"
"250361","Elevation Nerve Field Quiver Youth Edition Black LH","KIN-1601060","ELEVATION"
"250362","Elevation Nerve Field Quiver Package Youth Edition Black RH","KIN-1601062","ELEVATION"
"250363","Elevation Nerve Field Quiver Package Youth Edition Black LH","KIN-1601063","ELEVATION"
"247811","BlackHeart Crossbow String 31 5/8 in. Ten Point & Wicked Ridge","KIN-1601070","Blackheart"
"247815","BlackHeart Crossbow String 40 7/8 in. Wicked Ridge RDX 400","KIN-1601071","Blackheart"
"247812","BlackHeart Crossbow String 36 1/8 in. Wicked Ridge Ranger X2","KIN-1601072","Blackheart"
"247813","BlackHeart Crossbow String 39 1/2 in. Mission Sub-1XR","KIN-1601073","Blackheart"
"247816","BlackHeart Crossbow String Ravin R26","KIN-1601074","Blackheart"
"247817","BlackHeart Crossbow String 29 in. Centerpoint CP400","KIN-1601075","Blackheart"
"247818","BlackHeart Crossbow String 37 1/2 in. Killer Instinct Furious Pro 9.5","KIN-1601076","Blackheart"
"248033","BlackHeart Crossbow Control Cables 17 in. Killer Instinct Furious Pro 9.5","KIN-1601077","Blackheart"
"247916","BlackHeart Crossbow Control Cables 6 5/16 in. Centerpoint CP400","KIN-1601078","Blackheart"
"248024","BlackHeart Crossbow Cables 15 3/4 in. Tenpoint & Wicked Ridge","KIN-1601080","Blackheart"
"248025","BlackHeart Crossbow Cables 15 5/8 in. Wicked Ridge RDX 400","KIN-1601081","Blackheart"
"248034","BlackHeart Crossbow Split Cables 20 15/16 in. Wicked Ridge Ranger X2","KIN-1601082","Blackheart"
"248026","BlackHeart Crossbow Control Cables 19 1/4 in. Mission Sub-1XR","KIN-1601083","Blackheart"
"248035","BlackHeart Crossbow Split Cables Ravin R26","KIN-1601084","Blackheart"
"247718","October Mountain Crossbow String 31 5/8 in. Tenpoint & Wicked Ridge","KIN-1601088","OCTOBER MOUNTAIN"
"247658","October Mountain Crossbow String 40 7/8 in. Wicked Ridge RDX 400","KIN-1601089","OCTOBER MOUNTAIN"
"247659","October Mountain Crossbow String 36 1/8 in. Ranger X2","KIN-1601090","OCTOBER MOUNTAIN"
"247660","October Mountain Crossbow String 39 1/2 in. Mission Sub-1XR","KIN-1601091","OCTOBER MOUNTAIN"
"247719","October Mountain Crossbow String Ravin R26","KIN-1601092","OCTOBER MOUNTAIN"
"247661","October Mountain Crossbow String 37 1/2 in. Killer Instinct Furious Pro","KIN-1601093","OCTOBER MOUNTAIN"
"247720","October Mountain Crossbow String 29 in. Centerpoint CP400","KIN-1601094","OCTOBER MOUNTAIN"
"247917","October Mountain Crossbow Control Cables 15 5/8 in. Wicked Ridge RDX 400","KIN-1601095","OCTOBER MOUNTAIN"
"248027","October Mountain Crossbow Split Cables 20 15/16 in. Wicked Ridge Ranger X2","KIN-1601096","OCTOBER MOUNTAIN"
"247918","October Mountain Crossbow Control Cables 19.25 in. Mission Sub-1XR","KIN-1601097","OCTOBER MOUNTAIN"
"248028","October Mountain Crossbow Control Cables Ravin R26","KIN-1601098","OCTOBER MOUNTAIN"
"247969","October Mountain Crossbow Split Cables 17 in. Killer Instinct Furious 9.5","KIN-1601100","OCTOBER MOUNTAIN"
"248029","October Mountain Crossbow Split Cables 15 3/4 in. Tenpoint & Wicked Ridge","KIN-1601101","OCTOBER MOUNTAIN"
"247970","October Mountain Crossbow Control Cables 6 5/16 in. Centerpoint CP400","KIN-1601102","OCTOBER MOUNTAIN"
"250364","Elevation Mettle Field Quiver Package Black RH","KIN-1601104","ELEVATION"
"250419","Elevation Mettle Field Quiver Package Black LH","KIN-1601105","ELEVATION"
"250271","Alpine Bear Claw 3 Arrow Quiver Black","KIN-1601134","Alpine"
"250281","Alpine Bear Claw 3 Arrow Quiver OD Green","KIN-1601135","Alpine"
"250282","Alpine Bear Claw 3 Arrow Quiver Realtree Edge","KIN-1601136","Alpine"
"250283","Alpine Bear Claw 5 Arrow Quiver Black","KIN-1601137","Alpine"
"250284","Alpine Bear Claw 5 Arrow Quiver OD Green","KIN-1601138","Alpine"
"250183","Alpine Bear Claw 5 Arrow Quiver Realtree Edge","KIN-1601139","Alpine"
"250272","Alpine Soft Loc Classic 3 Quiver Black","KIN-1601140","Alpine"
"250220","Alpine Soft Loc Classic 3 Quiver OD Green","KIN-1601141","Alpine"
"250273","Alpine Soft Loc Classic 3 Quiver Realtree Edge","KIN-1601142","Alpine"
"250274","Alpine Soft Loc Classic 5 Quiver Black","KIN-1601143","Alpine"
"250184","Alpine Soft Loc Classic 5 Quiver OD Green","KIN-1601144","Alpine"
"250275","Alpine Soft Loc Classic 5 Quiver Realtree Edge","KIN-1601145","Alpine"
"250185","Alpine Power Loc 4 Arrow Quiver Black","KIN-1601146","Alpine"
"250276","Alpine Power Loc 4 Arrow Quiver OD Green","KIN-1601147","Alpine"
"250285","Alpine Power Loc 4 Arrow Quiver Realtree Edge","KIN-1601148","Alpine"
"251568","Fin Finder Riptide V2 Replacement Tip 2pk.","KIN-1601154","Fin-Finder"
"250586","Elevation Pro Release Pouch Mathews Edition Black","KIN-1601156","ELEVATION"
"248631","October Mountain Quick Crimp Kisser Button Black 1pk.","KIN-1601157","OCTOBER MOUNTAIN"
"248666","October Mountain Quick Crimp Kisser Button Black 100pk.","KIN-1601158","OCTOBER MOUNTAIN"
"252304","October Mountain Tru Center LAT Black","KIN-1601168","OCTOBER MOUNTAIN"
"252297","October Mountain Axis Sight Leveler Black","KIN-1601169","OCTOBER MOUNTAIN"
"251531","Fin Finder Raider Pro Bowfishing Arrow Orange w/ Kraken 3 Barb Point","KIN-1601191","Fin-Finder"
"251514","Fin Finder Hydro Carbon IL Bowfishing Arrow w/ Kraken 3 Barb Point","KIN-1601193","Fin-Finder"
"251472","Fin Finder F-31 Bowfishing RTF Package w/ BLS & Winch Pro Reel RH","KIN-1601194","Fin-Finder"
"251479","Fin Finder F-31 Bowfishing RTF Package w/ Winch Pro Reel RH","KIN-1601195","Fin-Finder"
"251480","Fin Finder F-31 Bowfishing RTF Package w/ Sidewinder Drum Reel RH","KIN-1601196","Fin-Finder"
"251449","Fin Finder F-31 Bowfishing RTF Bow 30 in. 25-40 lbs. RH","KIN-1601197","Fin-Finder"
"248450","October Mountain Retna Peep Sight Black 3/16 in.","KIN-1601202","OCTOBER MOUNTAIN"
"248451","October Mountain Retna Peep Sight OD Green 3/16 in.","KIN-1601206","OCTOBER MOUNTAIN"
"247819","BlackHeart Crossbow String 37 in. Killer Instinct Ripper 415","KIN-1601223","Blackheart"
"248030","BlackHeart Crossbow Split Cables 20.25 in. Killer Instinct Ripper 415","KIN-1601224","Blackheart"
"247919","October Mountain Crossbow Split Cables 17.25 in. CenterPoint Heat 415","KIN-1601225","OCTOBER MOUNTAIN"
"247920","October Mountain Crossbow Split Cables 23.4 in. Centerpoint Sniper Elite 370","KIN-1601227","OCTOBER MOUNTAIN"
"247820","October Mountain Crossbow String 37.2 in. Centerpoint Sniper Elite 370","KIN-1601228","OCTOBER MOUNTAIN"
"247721","October Mountain Crossbow String 34.875 in. CenterPoint Heat 415","KIN-1601229","OCTOBER MOUNTAIN"
"247971","October Mountain Crossbow Split Cables 20.187 in. Killer Instinct Rush 380","KIN-1601230","OCTOBER MOUNTAIN"
"247821","October Mountain Crossbow String 34.5 in. Killer Instinct Rush 380","KIN-1601231","OCTOBER MOUNTAIN"
"247972","October Mountain Crossbow Split Cables 20.25 in. Killer Instinct Ripper 415","KIN-1601232","OCTOBER MOUNTAIN"
"247822","October Mountain Crossbow String 37 in. Killer Instinct Ripper 415","KIN-1601233","OCTOBER MOUNTAIN"
"248031","BlackHeart Crossbow Split Cables 20.8125 in. Barnett Whitetail Hunter STR","KIN-1601234","Blackheart"
"247823","BlackHeart Crossbow String 38.125 in. Barnett Whitetail Hunter STR","KIN-1601235","Blackheart"
"248032","October Mountain Crossbow Split Cables 20.8125 in. Barnett Whitetail Hunter STR","KIN-1601236","OCTOBER MOUNTAIN"
"247662","October Mountain Crossbow String 38.125 in. Barnett Whitetail Hunter STR","KIN-1601237","OCTOBER MOUNTAIN"
"251569","Fin Finder BigHead & Kraken V2 Replacement Tip 2pk.","KIN-1601243","Fin-Finder"
"250511","Elevation Mettle Field Quiver Ambush Green/Black RH","KIN-1601270","ELEVATION"
"250512","Elevation Mettle Field Quiver Ambush Green/Black LH","KIN-1601271","ELEVATION"
"250600","Elevation Rectrix Release Pouch Ambush Green","KIN-1601272","ELEVATION"
"250601","Elevation Core Release Pouch Ambush Green","KIN-1601273","ELEVATION"
"252282","October Mountain Ratcheting Wrench Set","KIN-1601275","OCTOBER MOUNTAIN"
"250523","Elevation Mettle Field Quiver Package Ambush Green RH","KIN-1601276","ELEVATION"
"250524","Elevation Nerve Field Quiver Ambush Green RH","KIN-1601278","ELEVATION"
"250525","Elevation Nerve Field Quiver Ambush Green LH","KIN-1601279","ELEVATION"
"250526","Elevation Nerve Quiver Package Ambush Green RH","KIN-1601280","ELEVATION"
"250527","Elevation Nerve Quiver Package Ambush Green LH","KIN-1601281","ELEVATION"
"245311","October Mountain EZ Prep Arrow Cleaner","KIN-1601282","OCTOBER MOUNTAIN"
"251060","Elevation Raptor Kickstand Black","KIN-1601290","ELEVATION"
"251061","Elevation Raptor Kickstand White","KIN-1601291","ELEVATION"
"251062","Elevation Raptor Kickstand Red","KIN-1601292","ELEVATION"
"251063","Elevation Raptor Kickstand Blue","KIN-1601293","ELEVATION"
"251064","Elevation Raptor Kickstand Sand","KIN-1601294","ELEVATION"
"252265","October Mountain Cinch D Loop Plier","KIN-1601304","OCTOBER MOUNTAIN"
"248609","October Mountain Retna Peep Sight Black 1/8 in. 12 pk.","KIN-1601306","OCTOBER MOUNTAIN"
"248610","October Mountain Retna Peep Sight Black 3/16 in. 12 pk.","KIN-1601307","OCTOBER MOUNTAIN"
"248611","October Mountain Retna Peep Sight Black 1/4 in. 12 pk.","KIN-1601308","OCTOBER MOUNTAIN"
"250301","Alpine Waypoint 3 Arrow Quiver Black","KIN-1601321","Alpine"
"250302","Alpine Waypoint 3 Arrow Quiver OD Green","KIN-1601322","Alpine"
"250303","Alpine Waypoint 3 Arrow Quiver Realtree Edge","KIN-1601323","Alpine"
"250304","Alpine Waypoint 4 Arrow Quiver Black","KIN-1601324","Alpine"
"250305","Alpine Waypoint 4 Arrow Quiver OD Green","KIN-1601325","Alpine"
"250306","Alpine Waypoint 4 Arrow Quiver Realtree Edge","KIN-1601326","Alpine"
"248621","October Mountain Retna Peep Sight OD Green 1/8 in. 12 pk.","KIN-1601328","OCTOBER MOUNTAIN"
"248622","October Mountain Retna Peep Sight OD Green 3/16 in. 12 pk.","KIN-1601329","OCTOBER MOUNTAIN"
"248623","October Mountain Retna Peep Sight OD Green 1/4 in. 12 pk.","KIN-1601330","OCTOBER MOUNTAIN"
"245236","October Mountain Arrow Prep Kit Combo","KIN-1601333","OCTOBER MOUNTAIN"
"247870","BlackHeart Crossbow String Barnett HyperTac Pro 430","KIN-1601334","Blackheart"
"248066","BlackHeart Crossbow Split Cables Barnett HyperTac Pro 430","KIN-1601335","Blackheart"
"247873","BlackHeart Crossbow String Centerpoint Wrath 430","KIN-1601340","Blackheart"
"248069","BlackHeart Crossbow Split Cables Centerpoint Wrath 430","KIN-1601341","Blackheart"
"247874","BlackHeart Crossbow String Centerpoint Pulse 425","KIN-1601342","Blackheart"
"248070","BlackHeart Crossbow Split Cables Centerpoint Pulse 425","KIN-1601343","Blackheart"
"247875","BlackHeart Crossbow String Ravin R18","KIN-1601344","Blackheart"
"248071","BlackHeart Crossbow Split Cables Ravin R18","KIN-1601345","Blackheart"
"247876","BlackHeart Crossbow String Ravin R500","KIN-1601346","Blackheart"
"248072","BlackHeart Crossbow Split Cables Ravin R500","KIN-1601347","Blackheart"
"247877","October Mountain Crossbow String Barnett HyperTac Pro 430","KIN-1601348","OCTOBER MOUNTAIN"
"248073","October Mountain Crossbow Split Cables Barnett HyperTac Pro 430","KIN-1601349","OCTOBER MOUNTAIN"
"247880","October Mountain Crossbow String Centerpoint Wrath 430","KIN-1601354","OCTOBER MOUNTAIN"
"248076","October Mountain Crossbow Split Cables Centerpoint Wrath 430","KIN-1601355","OCTOBER MOUNTAIN"
"247881","October Mountain Crossbow String Centerpoint Pulse 425","KIN-1601356","OCTOBER MOUNTAIN"
"248077","October Mountain Crossbow Split Cables Centerpoint Pulse 425","KIN-1601357","OCTOBER MOUNTAIN"
"247882","October Mountain Crossbow String Excalibur Twinstrike","KIN-1601358","OCTOBER MOUNTAIN"
"247883","October Mountain Crossbow String Ravin R18","KIN-1601359","OCTOBER MOUNTAIN"
"248078","October Mountain Crossbow Split Cables Ravin R18","KIN-1601360","OCTOBER MOUNTAIN"
"247884","October Mountain Crossbow String Ravin R500","KIN-1601361","OCTOBER MOUNTAIN"
"248079","October Mountain Crossbow Split Cables Ravin R500","KIN-1601362","OCTOBER MOUNTAIN"
"247885","BlackHeart Crossbow String Excalibur Twinstrike","KIN-1601363","Blackheart"
"249151","October Mountain Bow Lube Pen","KIN-1601369","OCTOBER MOUNTAIN"
"249152","October Mountain Bow Care Kit","KIN-1601370","OCTOBER MOUNTAIN"
"243935","Easton 4mm G Nocks Green Large Groove 12 pk.","KIN-1607","Easton"
"243936","Easton 4mm G Nocks Orange Large Groove 12 pk.","KIN-1608","Easton"
"243890","Easton 4mm G Nocks White Large Groove 12 pk.","KIN-1610","Easton"
"243943","Easton 4mm G Nocks Green Small Groove 12 pk.","KIN-1613","Easton"
"243937","Easton 4mm G Nocks Orange Small Groove 12 pk.","KIN-1614","Easton"
"243938","Easton 4mm G Nocks White Small Groove 12 pk.","KIN-1616","Easton"
"249083","BCY Halo Serving Black .019 75 yds.","KIN-16250","Bcy"
"249063","BCY Halo Serving Black .024 45 yds.","KIN-16251","Bcy"
"250791","NAP QuikTune 800 Rest Black RH","KIN-16272","New Archery Products"
"248866","Bohning Seal-Tite String Wax 1 oz.","KIN-1632","BOHNING"
"245258","Bohning Feather Fletching Tape","KIN-1633","BOHNING"
"252286","Cir-Cut Thread Repair Tool Point Insert Threads","KIN-1638","Cir-Cut"
"245239","AAE Fast Set Gel 9g","KIN-1640","AAE"
"250804","AAE Master Plunger Black","KIN-16402320","AAE"
"246469","Saunders Bludgeon Small Game Head 85 gr. 4 pk.","KIN-16471","SAUNDERS"
"249354","Limbsaver Mini Dampeners Black 3 pk.","KIN-16479","LIMBSAVER"
"245259","AAE Two Part Epoxy","KIN-1648","AAE"
"249347","Limbsaver Teflon Cable Slide White","KIN-16484","LIMBSAVER"
"245038","Trueflight Shield Cut Feathers White 5 in. RW 100 pk.","KIN-16485","Trueflight"
"244797","Trueflight Shield Cut Feathers Chartreuse 5 in. RW 100 pk.","KIN-16486","Trueflight"
"244798","Trueflight Shield Cut Feathers Yellow 5 in. RW 100 pk.","KIN-16487","Trueflight"
"245240","AAE Fast Set Gel 3g","KIN-1649","AAE"
"244799","Trueflight Shield Cut Feathers Red 5 in. RW 100 pk.","KIN-16490","Trueflight"
"244980","Trueflight Shield Cut Feathers White 5 in. LW 100 pk.","KIN-16495","Trueflight"
"244800","Trueflight Shield Cut Feathers Chartreuse 5 in. LW 100 pk.","KIN-16496","Trueflight"
"244906","Trueflight Shield Cut Feathers Black 5 in. LW 100 pk.","KIN-16499","Trueflight"
"245039","Trueflight Shield Cut Feathers Red 5 in. LW 100 pk.","KIN-16500","Trueflight"
"244981","Trueflight Shield Cut Feathers Orange 5 in. LW 100 pk.","KIN-16501","Trueflight"
"244907","Trueflight Shield Cut Feathers White 4 in. RW 100 pk.","KIN-16505","Trueflight"
"244982","Trueflight Shield Cut Feathers Yellow 4 in. RW 100 pk.","KIN-16507","Trueflight"
"244908","Trueflight Shield Cut Feathers Red 4 in. RW 100 pk.","KIN-16510","Trueflight"
"244983","Trueflight Shield Cut Feathers White 4 in. LW 100 pk.","KIN-16515","Trueflight"
"244909","Trueflight Shield Cut Feathers Chartreuse 4 in. LW 100 pk.","KIN-16516","Trueflight"
"244984","Trueflight Shield Cut Feathers Yellow 4 in. LW 100 pk.","KIN-16517","Trueflight"
"245278","Steel Force Beyond Bond Glue .5 oz.","KIN-16596","Steel Force"
"245446","AAE Elite Plastifletch Vanes Bright Green 1.75 in. 100 pk.","KIN-16600","AAE"
"245624","AAE Elite Plastifletch Vanes Fire Orange 1.75 in. 100 pk.","KIN-16604","AAE"
"245625","AAE Elite Plastifletch Vanes Red 1.75 in. 100 pk.","KIN-16607","AAE"
"245447","AAE Elite Plastifletch Vanes White 1.75 in. 100 pk.","KIN-16609","AAE"
"245910","AAE Elite Plastifletch Vanes Fire Orange 2.375 in. 100 pk.","KIN-16618","AAE"
"245900","AAE Elite Plastifletch Vanes White 2.375 in. 100 pk.","KIN-16623","AAE"
"245901","AAE Elite Plastifletch Vanes Bright Green 2.875 in. 100pk.","KIN-16630","AAE"
"245626","AAE Elite Plastifletch Vanes Black 2.875 in. 100 pk.","KIN-16631","AAE"
"245902","AAE Elite Plastifletch Vanes Blue 2.875 in. 100 pk.","KIN-16632","AAE"
"245448","AAE Elite Plastifletch Vanes Fire Orange 2.875 in. 100 pk.","KIN-16634","AAE"
"245911","AAE Elite Plastifletch Vanes Hot Pink 2.875 in. 100 pk.","KIN-16635","AAE"
"245903","AAE Elite Plastifletch Vanes Red 2.875 in. 100 pk.","KIN-16637","AAE"
"245904","AAE Elite Plastifletch Vanes Sunset Gold 2.875 in. 100 pk.","KIN-16638","AAE"
"245627","AAE Elite Plastifletch Vanes White 2.875 in. 100 pk.","KIN-16639","AAE"
"245628","AAE Elite Plastifletch Vanes Yellow 2.875 in. 100 pk.","KIN-16640","AAE"
"245629","AAE Elite Plastifletch Vanes Bright Green 3.875 in. 100pk.","KIN-16644","AAE"
"245449","AAE Elite Plastifletch Vanes Black 3.875 in. 100 pk.","KIN-16645","AAE"
"245912","AAE Elite Plastifletch Vanes Blue 3.875 in. 100 pk.","KIN-16646","AAE"
"245905","AAE Elite Plastifletch Vanes Fire Orange 3.875 in. 100 pk.","KIN-16648","AAE"
"245450","AAE Elite Plastifletch Vanes Hot Pink 3.875 in. 100 pk.","KIN-16649","AAE"
"245630","AAE Elite Plastifletch Vanes Purple 3.875 in. 100 pk.","KIN-16650","AAE"
"245906","AAE Elite Plastifletch Vanes Red 3.875 in. 100 pk.","KIN-16651","AAE"
"245631","AAE Elite Plastifletch Vanes Sunset Gold 3.875 in. 100 pk.","KIN-16652","AAE"
"245632","AAE Elite Plastifletch Vanes White 3.875 in. 100 pk.","KIN-16653","AAE"
"245633","AAE Elite Plastifletch Vanes Yellow 3.875 in. 100 pk.","KIN-16654","AAE"
"246161","Steel Force Sabertooth Broadheads 4 Blade 100 gr. 3 pk.","KIN-16675","Steel Force"
"251233","Carter Insatiable Release 4 Finger","KIN-16704","Carter"
"250221","Bohning Lynx Quiver Black 4 Arrow","KIN-16793","BOHNING"
"249025","BCY 450Plus Bowstring Material Black 1/4 lb.","KIN-1694","Bcy"
"251967","Umarex AirSaber Arrows 6 pack","KIN-1703602","Umarex"
"251993","Umarex AirJavelin Arrows 6 pack","KIN-1703604","Umarex"
"252422","BPE Square One Bow Square","KIN-1708","Bpe"
"249122","BCY Yellowstone String Jig","KIN-1713","Bcy"
"247342","J and D Bowstring Black 450+ 85.5 in.","KIN-17291","J And D Custom Strings"
"248867","Bohning Tex-Tite String Wax 1 oz.","KIN-1733","BOHNING"
"251078","Saunders Conventional Bow Stringer","KIN-1738","SAUNDERS"
"249116","AAE Pro String Server","KIN-1745","AAE"
"249026","Brownell B50 String Material Black 1/4 lb.","KIN-1746","Brownell"
"249027","Brownell B50 String Material White 1/4 lb.","KIN-1747","Brownell"
"252334","Saunders Power Pull Upper Body Conditioner","KIN-17479","SAUNDERS"
"248958","Brownell FastFlight Plus String Material Black 1/4 lb.","KIN-1749","Brownell"
"244645","Easton A/C/E Stainless Steel Break-Off Points 60-80 gr. 12 pk.","KIN-17496","Easton"
"251586","AMS Safety Slide Kit 5 pk.","KIN-17572","AMS"
"249091","BCY Polygrip Center Serving Grey .025 60 yds.","KIN-1783","Bcy"
"251186","Pulse Rigor Caliper Release Black Adult","KIN-17881","ALLEN"
"251144","Pulse Rigor Compact Caliper Release Black Adult","KIN-17882","ALLEN"
"248959","BCY DynaFlight 97 Bowstring Material Black 1/4 lb.","KIN-1789","Bcy"
"249092","BCY Polygrip Center Serving Grey .020 75 yds.","KIN-1796","Bcy"
"248869","BCY ML6 Bowstring Wax","KIN-1798","Bcy"
"251364","TRU Ball Sweet Spot II Ultra Release 3 Finger Black","KIN-18024","Tru Ball"
"246205","Magnus Stinger Broadheads 2 Blade 100 gr. 3 pk.","KIN-18048","Magnus"
"248829","October Mountain Nock Sets Target Blue 100 pk","KIN-1811","OCTOBER MOUNTAIN"
"249093","BCY Serving Saver Black 100 ft.","KIN-18119","Bcy"
"248804","October Mountain Nock Sets Hunter Black 100 pk","KIN-1812","OCTOBER MOUNTAIN"
"248805","October Mountain Nock Sets XL Red 100 pk.","KIN-1813","OCTOBER MOUNTAIN"
"248679","Saunders Brass Positioning Rings 16-18 Strand 50 pk.","KIN-1821","SAUNDERS"
"248830","TRU Ball TRU Nok Black","KIN-1824","Tru Ball"
"248806","QAD Ultra-Nok 2 Grey","KIN-1826","QAD"
"245241","Vista Glue Bottle w/Tips 2 oz.","KIN-18290","Vista"
"245242","Vista Glue Bottle Tips 2 pk.","KIN-18291","Vista"
"248667","Saunders Kiss-XL Kisser Button Black 11/16 in. 1 pk.","KIN-1833","SAUNDERS"
"250559","Bohning Lever Lock Quiver Mount Black","KIN-18341","BOHNING"
"252298","RS Bow Vise 360 Riser Level","KIN-18360","RS BOWVISE"
"248668","October Mountain Slotted Kisser Button Black 9/16 in. 1 pk.","KIN-1837","OCTOBER MOUNTAIN"
"249064","BCY Crossbow Center Serving Brown .030 45 yds.","KIN-18409","Bcy"
"246124","Zwickey Eskilite Broadheads Screw In 2 Blade 135 gr. 3 pk.","KIN-18410","Zwickey"
"246162","Zwickey Eskilite Broadheads Screw In 4 Blade 135 gr. 3 pk.","KIN-18411","Zwickey"
"246206","Zwickey Eskimo Broadheads Screw In 2 Blade 160 gr. 3 pk.","KIN-18412","Zwickey"
"246207","Zwickey Delta Broadheads Screw In 2 Blade 170 gr. 3 pk.","KIN-18414","Zwickey"
"251266","Carter Insatiable 2 Release 4 Finger","KIN-18507","Carter"
"251234","Carter Just Cuz Release 3 Finger","KIN-18508","Carter"
"248488","Fletcher Tru Peep Large Black 1/16 in.","KIN-1858","FLETCHER"
"248120","J and D Recurve Bowstring Black FastFlight 56 in. AMO","KIN-18713","J And D Custom Strings"
"248121","J and D Recurve Bowstring Black FastFlight 58 in. AMO","KIN-18714","J And D Custom Strings"
"248082","J and D Recurve Bowstring Black FastFlight 60 in. AMO","KIN-18715","J And D Custom Strings"
"248083","J and D Recurve Bowstring Black FastFlight 62 in. AMO","KIN-18716","J And D Custom Strings"
"248084","J and D Recurve Bowstring Black FastFlight 64 in. AMO","KIN-18717","J And D Custom Strings"
"248100","J and D Recurve Bowstring Black FastFlight 66 in. AMO","KIN-18718","J And D Custom Strings"
"251001","Woodys Arrow Lube","KIN-18793","Woodys"
"243959","Easton 4mm G Nocks Red Small Groove 12 pk.","KIN-18910","Easton"
"243960","Easton 4mm G Nocks Red Large Groove 12 pk.","KIN-18911","Easton"
"244481","Easton CB Glue In Points 80 gr. 12 pk.","KIN-18916","Easton"
"244552","Easton CB Glue In Points 100 gr. 12 pk.","KIN-18917","Easton"
"242929","Carbon Express Thunder Express Arrows Black 26 in. 72 pk.","KIN-19000","CARBON EXPRESS"
"250835","Cir-Cut Silence-Ilator Pads 3.5x7 in. 2 pk.","KIN-1902","Cir-Cut"
"243727","Carbon Express Inserts Type 1 12 pk.","KIN-19047","CARBON EXPRESS"
"243792","Carbon Express Inserts Type 2 12 pk.","KIN-19048","CARBON EXPRESS"
"243793","Carbon Express Inserts Type 4 12 pk.","KIN-19049","CARBON EXPRESS"
"243754","Carbon Express Inserts Type 1 100 pk.","KIN-19050","CARBON EXPRESS"
"243794","Carbon Express Inserts Type 2 100 pk.","KIN-19051","CARBON EXPRESS"
"251994","Excalibur Carbon FireBolts 20 in. 6 pk.","KIN-19186","Excalibur"
"250833","Cir-Cut Micro Fleece Silencing Material Camouflage 3.75x10 in","KIN-19198","Cir-Cut"
"250834","Cir-Cut Micro Fleece Tape Camouflage 3.75x36 in.","KIN-19199","Cir-Cut"
"248743","Mountain Man Beaver Balls Brown 1 pk.","KIN-1933","Mountain Man Furs"
"246548","Magnus Stinger Replacement Blades 4 Blade 100 gr. 3 pk.","KIN-19426","Magnus"
"246125","Magnus Stinger Broadheads 2 Blade 125 gr. 3 pk.","KIN-19428","Magnus"
"250612","Wyandotte Leather Center Back Quiver Large RH/LH","KIN-19458","Wyandotte"
"250613","Wyandotte Brown Leather Back Quiver RH/LH","KIN-19459","Wyandotte"
"250420","Wyandotte Belt Quiver Black RH/LH","KIN-19462","Wyandotte"
"244244","Gold Tip EZ-Pull Points 5/16 85 gr. 12 pk.","KIN-19480","Gold Tip"
"244342","Gold Tip EZ-Pull Points 5/16 100 gr. 12 pk.","KIN-19481","Gold Tip"
"244287","Gold Tip EZ-Pull Points 5/16 125 gr. 12 pk.","KIN-19482","Gold Tip"
"248452","Specialty Archery Clarifier 1/16 in. No. 1","KIN-1949","SPECIALTY ARCHERY"
"252251","Pine Ridge Allen Wrench Set","KIN-19538","PINE RIDGE"
"248565","Specialty Archery Clarifier 1/16 in. No. 2","KIN-1954","SPECIALTY ARCHERY"
"246589","G5 Montec Diamond Sharpener","KIN-19568","G5 OUTDOORS"
"251968","Barnett Head Hunter Carbon Crossbow Bolts 22 in. 5 pk.","KIN-19626","Barnett"
"244695","Arizona E-Z Fletch Pro Fletching Jig Right Helical","KIN-1965","Arizona Rim Country"
"244706","Arizona E-Z Fletch Pro Fletching Jig Straight","KIN-1966","Arizona Rim Country"
"244696","Arizona E-Z Fletch Pro Fletching Jig Left Helical","KIN-1967","Arizona Rim Country"
"244707","Arizona E-Z Fletch Carbon Fletching Jig Right Helical","KIN-1972","Arizona Rim Country"
"250421","Bateman Cub Tube Quiver True Timber RH/LH","KIN-19749","Bateman"
"244708","Grayling Fletching Jig w/ Right Helical Clamp","KIN-1980","Grayling"
"244709","Grayling Fletching Jig w/ Straight Clamp","KIN-1981","Grayling"
"244710","Grayling Fletching Jig w/ Left Helical Clamp","KIN-1982","Grayling"
"244679","Grayling Replacement Fletching Jig Clamp Right Helical","KIN-1983","Grayling"
"244697","Grayling Replacement Fletching Jig Clamp Straight","KIN-1984","Grayling"
"244698","Grayling Replacement Fletching Jig Clamp Left Helical","KIN-1985","Grayling"
"244711","Bitzenburger Fletching Jig Base Right Helical","KIN-1986","BITZENBURGER"
"244699","Bitzenburger Fletching Jig Base Straight","KIN-1987","BITZENBURGER"
"244712","Bitzenburger Fletching Jig Base Left Helical","KIN-1988","BITZENBURGER"
"248744","BowJax UltraJax I Sting Silencers Black 4 pk.","KIN-19896","Bow Jax"
"249415","BowJax LimbJax Limb Dampeners Solid Limb Black 2 pk.","KIN-19897","Bow Jax"
"244713","Bitzenburger Fletching Clamp Right Helical","KIN-1990","BITZENBURGER"
"244714","Bitzenburger Fletching Clamp Straight","KIN-1991","BITZENBURGER"
"244715","Bitzenburger Fletching Clamp Left Helical","KIN-1992","BITZENBURGER"
"244723","Bitzenburger Nock Receiver Right Helical","KIN-1993","BITZENBURGER"
"244725","Bitzenburger Nock Receiver Straight","KIN-1994","BITZENBURGER"
"252330","Easton Draw Length Indicator","KIN-20209931","Easton"
"244288","Trophy Ridge Slik Tip Points 5/16 100 gr. 6 pk.","KIN-20342","TROPHY RIDGE"
"244245","Saunders Combo Points 19/64 80 gr. 12 pk.","KIN-20428","SAUNDERS"
"244246","Saunders Combo Points 19/64 100 gr. 12 pk.","KIN-20429","SAUNDERS"
"244289","Saunders Combo Points 19/64 125 gr. 12 pk.","KIN-20430","SAUNDERS"
"244360","Saunders Combo Points 19/64 80 gr. 100 pk.","KIN-20431","SAUNDERS"
"244290","Saunders Combo Points 19/64 100 gr. 100 pk.","KIN-20432","SAUNDERS"
"244343","Saunders Combo Points 19/64 125 gr. 100 pk.","KIN-20433","SAUNDERS"
"244291","Saunders Combo-Bulge Points 9/32 100 gr. 100 pk.","KIN-20438","SAUNDERS"
"249348","Saunders Hyper Glide Slide Black 3/8 in.","KIN-20441","SAUNDERS"
"244801","Gateway Waterproofing Powder .25 oz.","KIN-20554","GATEWAY"
"243755","Easton 5mm HIT Inserts 12 pk.","KIN-20829","Easton"
"243853","Easton 5mm X Nocks Green 12 pk.","KIN-20834","Easton"
"243854","Easton 5mm X Nocks Orange 12 pk.","KIN-20835","Easton"
"245243","Gold Tip Tip-Grip Glue 10 g","KIN-20898","Gold Tip"
"243944","Gold Tip GT Series Nocks Orange 12 pk.","KIN-20901","Gold Tip"
"243891","Gold Tip GT Series Nocks White 12 pk.","KIN-20902","Gold Tip"
"243855","Gold Tip GT Series Nocks Yellow 12 pk.","KIN-20903","Gold Tip"
"243945","Gold Tip GT Series Nocks Green 100 pk.","KIN-20904","Gold Tip"
"243856","Gold Tip GT Series Nocks Orange 100 pk.","KIN-20905","Gold Tip"
"243892","Gold Tip GT Series Nocks White 100 pk.","KIN-20906","Gold Tip"
"243804","Gold Tip Accu-Lite Inserts 100 pk.","KIN-20911","Gold Tip"
"243805","Gold Tip Series 22 Inserts 12 pk.","KIN-20912","Gold Tip"
"243806","Gold Tip X-Cutter Inserts 12 pk.","KIN-20913","Gold Tip"
"248927","BCY 452X Bowstring Material Black 1/4 lb.","KIN-21049","Bcy"
"245244","Bohning Fletch-Tite Platinum .75 oz.","KIN-21146","BOHNING"
"250796","AAE Free Flyte Micro Rest Black RH","KIN-2117","AAE"
"246208","Magnus Stinger Broadheads 4 Blade 85 gr. 3 pk.","KIN-21340","Magnus"
"250809","Bear Weather Rest RH","KIN-2135","BEAR"
"250810","Bear Weather Rest LH","KIN-2136","BEAR"
"250811","October Mountain 2 Hole Rest Black RH","KIN-2144","OCTOBER MOUNTAIN"
"250812","October Mountain 2 Hole Rest Black LH","KIN-2145","OCTOBER MOUNTAIN"
"251267","Carter Chocolate Addiction Release 4 Finger","KIN-21574","Carter"
"244700","AAE Fletch III Fletching Jig Straight","KIN-21658","AAE"
"246366","Grim Reaper Razortip Broadheads 85 gr. 1 3/8 in. 3 pk.","KIN-21688","GRIM REAPER"
"250792","AAE Free Flyte Rest Black RH","KIN-2170","AAE"
"251027","High Point Belt Bow Holster Grey Wide Grip","KIN-21820","High Point"
"248453","Pine Ridge Silicone Peep Tubing Black 50 ft.","KIN-21893","PINE RIDGE"
"252299","RS Bow Vise Level Combo Nok-EZ/String Level","KIN-21925","RS BOWVISE"
"245943","Bohning Blazer Vanes Black 100 pk.","KIN-21933","BOHNING"
"245451","Bohning Blazer Vanes Red 100 pk.","KIN-21934","BOHNING"
"245634","Bohning Blazer Vanes White 100 pk.","KIN-21935","BOHNING"
"250815","AAE ST-300 Hunter Rest RH","KIN-2195","AAE"
"250813","AAE T-300 Hunter Rest RH","KIN-2197","AAE"
"250805","AAE T-300 Hunter Rest LH","KIN-2198","AAE"
"250814","AAE T-300 Target Rest RH","KIN-2199","AAE"
"246209","G5 Montec Broadheads 85 gr. 3 pk.","KIN-22007","G5 OUTDOORS"
"246590","G5 Sportsman Sharpener","KIN-22012","G5 OUTDOORS"
"250787","AAE Super Flyte Rest RH","KIN-2203","AAE"
"250793","NAP Centerest Black RH","KIN-2264","New Archery Products"
"244482","Gold Tip Glue In Points X-Cutter 50 gr. 12 pk.","KIN-22660","Gold Tip"
"252402","Excalibur Crossbow Stand","KIN-22677","Excalibur"
"244483","Easton Glue In Target Points Genesis 1820 59 gr. 12 pk.","KIN-22729","Easton"
"243893","Easton 5mm X Nocks White 12 pk.","KIN-22730","Easton"
"243857","Easton 5mm X Nocks Green 100 pk.","KIN-22731","Easton"
"243894","Easton 5mm X Nocks Orange 100 pk.","KIN-22732","Easton"
"243946","Easton 5mm X Nocks White 100 pk.","KIN-22733","Easton"
"244108","Easton Uni Bushings Standard Diameter Carbon 12 pk.","KIN-22734","Easton"
"249397","Limbsaver AlphaShox Dampeners Black 2 pk.","KIN-22953","LIMBSAVER"
"247722","Excalibur Excel String Black","KIN-23056","Excalibur"
"246470","G5 Small Game Head 100 gr. 3 pk.","KIN-23063","G5 OUTDOORS"
"246483","G5 Small Game Head 125 gr. 3 pk.","KIN-23064","G5 OUTDOORS"
"251832","TenPoint ACUdraw Replacement Crank","KIN-23083","TENPOINT"
"252212","TenPoint 22/64 Inserts 12 pk.","KIN-23086","TENPOINT"
"246524","Bohning Broadhead Wrench","KIN-23112","BOHNING"
"248852","Bohning Xccelerator String Wax","KIN-23119","BOHNING"
"245207","Bohning Arrow Wraps White Tiger 7 in. 13 pk.","KIN-23123","BOHNING"
"245635","Bohning Blazer Vanes Neon Yellow 100 pk.","KIN-23130","BOHNING"
"245452","Bohning Blazer Vanes Neon Orange 100 pk.","KIN-23131","BOHNING"
"245453","Bohning Blazer Vanes Neon Green 100 pk.","KIN-23132","BOHNING"
"243795","Gold Tip 30X Inserts 12 pk.","KIN-23408","Gold Tip"
"244149","Gold Tip Pin Nock Bushings 30X 12 pk.","KIN-23411","Gold Tip"
"244553","Gold Tip Glue In Points 30X 100 gr. 12 pk.","KIN-23412","Gold Tip"
"244484","Gold Tip Glue In Points X-Cutter 90 gr. 12 pk.","KIN-23470","Gold Tip"
"244567","Gold Tip Glue In Points 30X 150 gr. 12 pk.","KIN-23471","Gold Tip"
"250788","NAP Centerest Flipper Rest Black RH","KIN-23480","New Archery Products"
"246228","Magnus Snuffer SS Broadheads 3 Blade 100 gr. 3 pk.","KIN-23638","Magnus"
"246126","Magnus Snuffer SS Broadheads 3 Blade 125 gr. 3 pk.","KIN-23639","Magnus"
"251554","Innerloc 3 Barb Grapple Point 5/16 in.","KIN-23694","Innerloc"
"248831","Paradox Neon Five Release Rope 15 ft. ea. 2.5mm","KIN-23733","Paradox"
"243947","Gold Tip GT Series Nocks Black 12 pk.","KIN-23740","Gold Tip"
"243858","Gold Tip GT Series Nocks Black 100 pk.","KIN-23741","Gold Tip"
"244568","Gold Tip Glue In Points Series 22 50 gr. 12 pk.","KIN-23742","Gold Tip"
"244485","Gold Tip Glue In Points Series 22 80 gr. 12 pk.","KIN-23743","Gold Tip"
"252335","Saunders Firing-Line Release Trainer RH/LH","KIN-24007","SAUNDERS"
"244361","Saunders Combo-Bulge Points 17/64 100 gr. 12 pk.","KIN-24205","SAUNDERS"
"244344","Saunders Combo-Bulge Points 17/64 100 gr. 100 pk.","KIN-24206","SAUNDERS"
"244292","Saunders Combo Points 17/64 85 gr. 12 pk.","KIN-24207","SAUNDERS"
"244345","Saunders Combo Points 17/64 85 gr. 100 pk.","KIN-24208","SAUNDERS"
"244362","Saunders Combo Points 17/64 100 gr. 12 pk.","KIN-24209","SAUNDERS"
"244363","Saunders Combo Points 17/64 100 gr. 100 pk.","KIN-24210","SAUNDERS"
"244293","Saunders Field Points 9/32 75 gr. 12 pk.","KIN-24211","SAUNDERS"
"244364","Saunders Field Points 9/32 75 gr. 100 pk.","KIN-24212","SAUNDERS"
"244346","Saunders Field Points 9/32 85 gr. 100 pk.","KIN-24214","SAUNDERS"
"244347","Saunders Field Points 9/32 100 gr. 12 pk.","KIN-24217","SAUNDERS"
"244365","Saunders Field Points 9/32 100 gr. 100 pk.","KIN-24218","SAUNDERS"
"244247","Saunders Field Points 9/32 125 gr. 12 pk.","KIN-24219","SAUNDERS"
"244294","Saunders Field Points 9/32 125 gr. 100 pk.","KIN-24220","SAUNDERS"
"244248","Saunders Field Points 5/16 75 gr. 100 pk.","KIN-24222","SAUNDERS"
"244348","Saunders Field Points 5/16 85 gr. 100 pk.","KIN-24224","SAUNDERS"
"244349","Saunders Field Points 5/16 100 gr. 12 pk.","KIN-24227","SAUNDERS"
"244295","Saunders Field Points 5/16 100 gr. 100 pk.","KIN-24228","SAUNDERS"
"244366","Saunders Field Points 5/16 125 gr. 12 pk.","KIN-24229","SAUNDERS"
"244367","Saunders Field Points 5/16 125 gr. 100 pk.","KIN-24230","SAUNDERS"
"244368","Saunders Field Points 21/64 100 gr. 100 pk.","KIN-24238","SAUNDERS"
"244350","Saunders Field Points 11/32 100 gr. 12 pk.","KIN-24247","SAUNDERS"
"244369","Saunders Field Points 11/32 100 gr. 100 pk.","KIN-24248","SAUNDERS"
"244351","Saunders Field Points 11/32 125 gr. 12 pk.","KIN-24249","SAUNDERS"
"244249","Saunders Field Points 11/32 125 gr. 100 pk.","KIN-24250","SAUNDERS"
"244250","Saunders Bullet Points 9/32 75 gr. 12 pk.","KIN-24251","SAUNDERS"
"244251","Saunders Bullet Points 9/32 75 gr. 100 pk.","KIN-24252","SAUNDERS"
"244252","Saunders Bullet Points 9/32 85 gr. 12 pk.","KIN-24253","SAUNDERS"
"244370","Saunders Bullet Points 9/32 85 gr. 100 pk.","KIN-24254","SAUNDERS"
"244352","Saunders Bullet Points 9/32 90 gr. 100 pk.","KIN-24256","SAUNDERS"
"244296","Saunders Bullet Points 9/32 100 gr. 12 pk.","KIN-24257","SAUNDERS"
"244253","Saunders Bullet Points 9/32 100 gr. 100 pk.","KIN-24258","SAUNDERS"
"244371","Saunders Bullet Points 9/32 125 gr. 12 pk.","KIN-24259","SAUNDERS"
"244372","Saunders Bullet Points 9/32 125 gr. 100 pk.","KIN-24260","SAUNDERS"
"244297","Saunders Bullet Points 5/16 75 gr. 100 pk.","KIN-24262","SAUNDERS"
"244254","Saunders Bullet Points 5/16 85 gr. 100 pk.","KIN-24264","SAUNDERS"
"244373","Saunders Bullet Points 5/16 100 gr. 12 pk.","KIN-24267","SAUNDERS"
"244374","Saunders Bullet Points 5/16 100 gr. 100 pk.","KIN-24268","SAUNDERS"
"244353","Saunders Bullet Points 5/16 125 gr. 12 pk.","KIN-24269","SAUNDERS"
"244298","Saunders Bullet Points 5/16 125 gr. 100 pk.","KIN-24270","SAUNDERS"
"244255","Saunders Bullet Points 21/64 100 gr. 100 pk.","KIN-24278","SAUNDERS"
"244256","Saunders Bullet Points 21/64 125 gr. 100 pk.","KIN-24280","SAUNDERS"
"244257","Saunders Bullet Points 11/32 100 gr. 12 pk.","KIN-24287","SAUNDERS"
"244299","Saunders Bullet Points 11/32 100 gr. 100 pk.","KIN-24288","SAUNDERS"
"244300","Saunders Bullet Points 11/32 125 gr. 12 pk.","KIN-24289","SAUNDERS"
"244258","Saunders Bullet Points 11/32 125 gr. 100 pk.","KIN-24290","SAUNDERS"
"250635","GWS Strike Force V-Drop Rest Black RH","KIN-24339","Gws"
"245279","Pine Ridge Instant Arrow Glue 1 oz.","KIN-24342","PINE RIDGE"
"245245","Pine Ridge Instant Arrow Glue 2 oz.","KIN-24343","PINE RIDGE"
"249084","Brownell 1D Twisted Serving Black .019 100 yds.","KIN-24363","Brownell"
"248960","BCY 452X Bowstring Material White/Black 1/4 lb.","KIN-24368","Bcy"
"248961","BCY 452X Bowstring Material Tan/Black 1/4 lb.","KIN-24369","Bcy"
"248928","BCY 452X Bowstring Material Green/Black 1/4 lb.","KIN-24370","Bcy"
"249085","BCY 3D End Serving Black 120 yds.","KIN-24371","Bcy"
"249065","BCY 3D End Serving Red 120 yds.","KIN-24372","Bcy"
"249049","BCY 3D End Serving Blue 120 yds.","KIN-24373","Bcy"
"249066","BCY 3D End Serving Green 120 yds.","KIN-24374","Bcy"
"251235","Carter Insatiable 3 Release 3 Finger","KIN-24390","Carter"
"244728","Bitzenburger Nock Receiver Crossbow Bolt","KIN-24444","BITZENBURGER"
"246884","Genesis Mini Bow Red RH","KIN-24556","Genesis"
"246875","Genesis Mini Bow Blue LH","KIN-24559","Genesis"
"251236","Carter Chocolate Lite Release 4 Finger","KIN-24852","Carter"
"252288","RAM Arrow Spine Tester","KIN-25153","Ram"
"252241","RAM Ratchet-Loc Bow Press","KIN-25372","Ram"
"246127","Wasp Sharpshooter Broadheads 100 gr. 3 pk.","KIN-25376","Wasp"
"246290","Grim Reaper Razortip Broadheads 75gr. 1 1/8 in. 3 pk.","KIN-25405","GRIM REAPER"
"246311","Grim Reaper Razortip Xtra Cut 100 gr. 1.75 in. 3 pk.","KIN-25406","GRIM REAPER"
"246358","Grim Reaper Razorcut Broadheads 85 gr. 1 3/8 in. 3 pk.","KIN-25408","GRIM REAPER"
"246568","Grim Reaper Razortip Replacement Blades 85/100 gr. 9 pk.","KIN-25426","GRIM REAPER"
"248768","BowJax UltraJax II String Silencers Black 4 pk.","KIN-25596","Bow Jax"
"247372","J and D Teardrop Bowstring Black B50 30 in. 16 Strand","KIN-25725","J And D Custom Strings"
"249094","BCY 62 Braided Center Serving Black/White .025 60 yds.","KIN-25806","Bcy"
"243807","Easton HP Inserts HP4 12 pk.","KIN-25824","Easton"
"243961","Easton 6mm H Nocks Green 12 pk.","KIN-25825","Easton"
"243948","Easton 6mm H Nocks Orange 12 pk.","KIN-25826","Easton"
"243962","Easton 6mm H Nocks White 12 pk.","KIN-25827","Easton"
"252167","Easton Flat Nocks Orange Carbon Bolt 12 pk.","KIN-25828","Easton"
"252222","Easton HP Bolt Inserts 12 pk.","KIN-25830","Easton"
"244010","Lumenok Lighted Nocks HD Orange X 1 pk.","KIN-25850","Lumenok"
"247206","Zebra Hybrid String Tan/Black 54 in.","KIN-25897","ZEBRA"
"247343","Zebra Hybrid String Tan/Black 54 1/2 in.","KIN-25898","ZEBRA"
"247344","Zebra Hybrid String Tan/Black 55 in.","KIN-25899","ZEBRA"
"247345","Zebra Hybrid String Tan/Black 55 1/2 in.","KIN-25900","ZEBRA"
"247373","Zebra Hybrid String Tan/Black 56 in.","KIN-25901","ZEBRA"
"247374","Zebra Hybrid String Tan/Black 56 1/2 in.","KIN-25902","ZEBRA"
"247375","Zebra Hybrid String Tan/Black 57 in.","KIN-25903","ZEBRA"
"247207","Zebra Hybrid String Tan/Black 57 1/2 in.","KIN-25904","ZEBRA"
"247376","Zebra Hybrid String Tan/Black 58 in.","KIN-25905","ZEBRA"
"247346","Zebra Hybrid String Tan/Black 58 1/2 in.","KIN-25906","ZEBRA"
"247283","Zebra Hybrid String Tan/Black 59 in.","KIN-25907","ZEBRA"
"247347","Zebra Hybrid String Tan/Black 59 1/2 in.","KIN-25908","ZEBRA"
"247348","Zebra Hybrid String Tan/Black 60 in.","KIN-25909","ZEBRA"
"247284","Zebra Hybrid String Tan/Black 60 1/2 in.","KIN-25910","ZEBRA"
"247349","Zebra Hybrid String Tan/Black 91 in.","KIN-25912","ZEBRA"
"247350","Zebra Hybrid String Tan/Black 92 in.","KIN-25914","ZEBRA"
"247351","Zebra Hybrid String Tan/Black 92 1/2 in.","KIN-25915","ZEBRA"
"247208","Zebra Hybrid String Tan/Black 93 1/2 in.","KIN-25917","ZEBRA"
"247209","Zebra Hybrid String Tan/Black 94 in.","KIN-25918","ZEBRA"
"247377","Zebra Hybrid String Tan/Black 94 1/2 in.","KIN-25919","ZEBRA"
"247210","Zebra Hybrid String Tan/Black 95 in.","KIN-25920","ZEBRA"
"247352","Zebra Hybrid String Tan/Black 95 1/2 in.","KIN-25921","ZEBRA"
"247211","Zebra Hybrid String Tan/Black 96 in.","KIN-25922","ZEBRA"
"247353","Zebra Hybrid String Tan/Black 96 1/2 in.","KIN-25923","ZEBRA"
"247378","Zebra Hybrid String Tan/Black 97 in.","KIN-25924","ZEBRA"
"247354","Zebra Hybrid String Tan/Black 97 1/2 in.","KIN-25925","ZEBRA"
"247212","Zebra Hybrid String Tan/Black 98 in.","KIN-25926","ZEBRA"
"247213","Zebra Hybrid String Tan/Black 98 1/2 in.","KIN-25927","ZEBRA"
"247379","Zebra Hybrid String Tan/Black 99 1/2 in.","KIN-25929","ZEBRA"
"247478","ZebHyb 34.5 Split Cbl Camo","KIN-25930","ZEBRA"
"247527","Zebra Hybrid Split Cable Tan/Black 35 in.","KIN-25931","ZEBRA"
"247528","Zebra Hybrid Split Cable Tan/Black 35 1/2 in.","KIN-25932","ZEBRA"
"247529","Zebra Hybrid Split Cable Tan/Black 36 in.","KIN-25933","ZEBRA"
"247453","Zebra Hybrid Split Cable Q2 Tan/Black 36 1/2 in.","KIN-25934","ZEBRA"
"247530","Zebra Hybrid Split Cable Tan/Black 37 in.","KIN-25935","ZEBRA"
"247479","Zebra Hybrid Split Cable Tan/Black 37 1/2 in.","KIN-25936","ZEBRA"
"247531","Zebra Hybrid Split Cable Z Max Tan/Black 38 in.","KIN-25937","ZEBRA"
"247480","Zebra Hybrid Split Cable MQ1 Tan/Black 38 5/8 in.","KIN-25938","ZEBRA"
"247520","Zebra Hybrid Split Cable Tan/Black 40 in.","KIN-25941","ZEBRA"
"247481","Zebra Hybrid Split Cable Tan/Black 41 in.","KIN-25943","ZEBRA"
"247532","Zebra Hybrid Split Cable Tan/Black 41 1/2 in.","KIN-25944","ZEBRA"
"247482","Zebra Hybrid Split Cable Tan/Black 42 in.","KIN-25945","ZEBRA"
"247214","Zebra Hybrid String Tan/Black 61 in.","KIN-25946","ZEBRA"
"247215","Zebra Hybrid String Tan/Black 62 in.","KIN-25947","ZEBRA"
"247216","Zebra Hybrid String Tan/Black 86 in.","KIN-25948","ZEBRA"
"247355","Zebra Hybrid String Tan/Black 88 1/2 in.","KIN-25950","ZEBRA"
"247380","Zebra Hybrid String Tan/Black 89 1/2 in.","KIN-25951","ZEBRA"
"247381","Zebra Hybrid String Tan/Black 90 in.","KIN-25952","ZEBRA"
"247356","Zebra Hybrid String Tan/Black 100 in.","KIN-25953","ZEBRA"
"247217","Zebra Hybrid String Tan/Black 101 3/4 in.","KIN-25954","ZEBRA"
"247357","Zebra Hybrid String Tan/Black 102 in.","KIN-25955","ZEBRA"
"247382","Zebra Hybrid String Tan/Black 103 in.","KIN-25956","ZEBRA"
"247285","Zebra Hybrid String LX Tan/Black 98 5/8 in.","KIN-25960","ZEBRA"
"247533","Zebra Hybrid Split Cable LX Tan/Black 37 5/8 in.","KIN-25961","ZEBRA"
"247534","Zebra Hybrid Split Cable Legacy Tan/Black 36 1/4 in.","KIN-25962","ZEBRA"
"247535","Zebra Hybrid Split Cable SQ2 Tan/Black 33 11/16 in.","KIN-25963","ZEBRA"
"247454","Zebra Hybrid Split Cable Outback Tan/Black 33 3/4 in.","KIN-25964","ZEBRA"
"247483","Zebra Hybrid Split Cable FX Tan/Black 37 1/4 in.","KIN-25965","ZEBRA"
"247484","Zebra Hybrid Split Cable UltraLight2 Tan/Black 38 7/8in","KIN-25966","ZEBRA"
"247358","Zebra Hybrid String Q2XL Tan/Black 97 3/4 in.","KIN-25971","ZEBRA"
"250736","PSE Top Gun Phantom Rest RH","KIN-25989","PSE"
"252168","Lumenok Crossbow Nocks HD Orange Flat 2219 1 pk.","KIN-26028","Lumenok"
"251042","Primos Bow Holster","KIN-26632","Primos"
"252253","Pine Ridge Allen Wrench Set w/Holster","KIN-26668","PINE RIDGE"
"251237","Carter Just B-Cuz Release 3 Finger","KIN-26692","Carter"
"249114","BCY Model 26 Serving Tool","KIN-26703","Bcy"
"250775","NAP QuikTune 360 Capture Rest Black RH","KIN-26886","New Archery Products"
"252336","Third Hand Can't Fire Release","KIN-27162","Third Hand"
"244701","Bohning Pro Class Fletching Jig Straight","KIN-27226","BOHNING"
"244685","Bohning Pro Class Fletching Jig Right Helical","KIN-27227","BOHNING"
"244680","Bohning Pro Class Jig Clamp Straight","KIN-27229","BOHNING"
"244686","Bohning Pro Class Jig Clamp Right Helical","KIN-27230","BOHNING"
"244742","Bohning The Stripper Vane Tool","KIN-27232","BOHNING"
"248489","Bohning Slim Peep Sight 3/16 in.","KIN-27233","BOHNING"
"246521","Zwickey Hollow Point Broadhead Adapters 11/32 in. 36 gr. 12 pk.","KIN-27294","Zwickey"
"246517","Zwickey Hollow Point Broadhead Adapters 5/16 in. 28 gr. 12 pk.","KIN-27295","Zwickey"
"252368","RS Bow Vise Parallel Limb","KIN-27396","RS BOWVISE"
"244802","Gateway Barred Feathers Red 4 in. RW 50 pk.","KIN-27496","GATEWAY"
"244803","Gateway Barred Feathers White 4 in. RW 50 pk.","KIN-27497","GATEWAY"
"244804","Gateway Barred Feathers Yellow 4 in. RW 50 pk.","KIN-27499","GATEWAY"
"244805","Gateway Barred Feathers Barred Chartreuse 4 in. RW 50 pk.","KIN-27500","GATEWAY"
"248454","RAD Super Deuce 38 Peep Sight Black 3/16 in.","KIN-27510","Radical Archery Designs"
"248490","RAD Tru-Aligner w/ Standard Tube Black","KIN-27512","Radical Archery Designs"
"248566","RAD Maxim 38 Peep Sight Black 3/16 in.","KIN-27514","Radical Archery Designs"
"248491","RAD Maxim 38 Peep Sight w/ Micro Tube Black 3/16 in.","KIN-27517","Radical Archery Designs"
"248455","RAD Standard Peep Tubing Black 3 ft.","KIN-27520","Radical Archery Designs"
"251085","Neet Leather String Keeper","KIN-27721","Neet"
"251080","Neet Recurve Bow Stringer 1 Tip Cup","KIN-27722","Neet"
"251081","Neet Longbow Stringer 2 Tip Cup","KIN-27723","Neet"
"249338","BowJax BigJax Cable Rod Dampener Black","KIN-27981","Bow Jax"
"252342","TruFire Draw Check Tool","KIN-27987","TRUFIRE"
"249128","Shrewd Mathews Standard Grip Aluminum Black RH","KIN-28000","Shrewd Archery"
"250127","Shrewd Quick Disconnect Gloss Black Straight","KIN-28003","Shrewd Archery"
"250128","Shrewd Quick Disconnect Black 8 Degree","KIN-28004","Shrewd Archery"
"250636","QAD UltraRest LD Black LH","KIN-28011","QAD"
"248785","BCY 24 D-Loop Material Black 100 ft.","KIN-28047","Bcy"
"244652","Gold Tip FACT Weight Modules 10 gr. 12 pk.","KIN-28048","Gold Tip"
"251238","Spot Hogg Saturday Night Special Release 3 Finger","KIN-28085","Spot-Hogg"
"250058","Limbsaver Stabilizer Enhancer Black","KIN-28181","LIMBSAVER"
"249658","Limbsaver Mini S-Coil Stabilizer Camouflage 3.5 in.","KIN-28182","LIMBSAVER"
"244011","Lumenok Lighted Nocks HD Orange Gold Tip 1 pk.","KIN-28287","Lumenok"
"243963","Easton 5mm X Nocks Yellow 12 pk.","KIN-28325","Easton"
"244554","Saunders Tapered Glue On Field Points 5/16 in. 125 gr. 12 pk.","KIN-28340","SAUNDERS"
"244437","Saunders Tapered Glue On Field Points 11/32 in. 125 gr. 12 pk","KIN-28341","SAUNDERS"
"244438","Saunders Tapered Glue On Field Points 11/32 in. 125 gr. 100 pk.","KIN-28342","SAUNDERS"
"244486","Saunders Tapered Glue On Field Points 23/64 in. 125 gr. 12 pk","KIN-28343","SAUNDERS"
"244012","Lumenok Lighted Nocks HD Orange H 1 pk.","KIN-28423","Lumenok"
"246563","Muzzy Replacement Blades MX-3 100 gr. 9 pk.","KIN-28425","MUZZY"
"243895","Bohning Blazer DoubleLock Nocks Lime 12 pk.","KIN-28478","BOHNING"
"243949","Bohning Blazer DoubleLock Nocks White 12 pk.","KIN-28479","BOHNING"
"243964","Bohning Blazer DoubleLock Nocks Neon Orange 12 pk.","KIN-28480","BOHNING"
"244074","Bohning Blazer Pin Nocks White 12 pk.","KIN-28481","BOHNING"
"244077","Bohning Blazer Pin Nocks Lime 12 pk.","KIN-28482","BOHNING"
"244078","Bohning Blazer Pin Nocks Neon Orange 12 pk.","KIN-28483","BOHNING"
"245636","Bohning Blazer Vanes Black 36 pk.","KIN-28485","BOHNING"
"245944","Bohning Blazer Vanes Red 36 pk.","KIN-28488","BOHNING"
"245945","Bohning Blazer Vanes White 36 pk.","KIN-28489","BOHNING"
"245454","Bohning Blazer Vanes Neon Red 36 pk.","KIN-28491","BOHNING"
"245913","Bohning Blazer Vanes Hot Pink 36 pk.","KIN-28492","BOHNING"
"245637","Bohning Blazer Vanes Neon Green 36 pk.","KIN-28493","BOHNING"
"245638","Bohning Blazer Vanes Neon Orange 36 pk.","KIN-28494","BOHNING"
"245914","Bohning Blazer Vanes Neon Yellow 36 pk.","KIN-28495","BOHNING"
"245455","Bohning Blazer Vanes Orange Tiger 36 pk.","KIN-28496","BOHNING"
"245456","Bohning Blazer Vanes Red Tiger 36 pk.","KIN-28497","BOHNING"
"245457","Bohning Blazer Vanes White Tiger 36 pk.","KIN-28498","BOHNING"
"245458","Bohning Blazer Vanes Yellow Tiger 36 pk.","KIN-28499","BOHNING"
"245208","Bohning Blazer Arrow Wraps Neon Green 4 in. 13 pk.","KIN-28514","BOHNING"
"245209","Bohning Blazer Arrow Wraps Neon Orange 4 in. 13 pk.","KIN-28515","BOHNING"
"245202","Bohning Blazer Arrow Wraps Neon Yellow 4 in. 13 pk.","KIN-28516","BOHNING"
"245210","Bohning Blazer Arrow Wraps White 4 in. 13 pk.","KIN-28517","BOHNING"
"245211","Bohning Blazer Arrow Wraps White Tiger 4 in. 13 pk.","KIN-28518","BOHNING"
"245124","Bohning Blazer Arrow Wraps Orange Tiger 4 in. 13 pk.","KIN-28519","BOHNING"
"245149","Bohning Blazer Arrow Wraps Yellow Tiger 4 in. 13 pk.","KIN-28520","BOHNING"
"245946","Bohning Blazer Vanes Neon Red 100 pk.","KIN-28521","BOHNING"
"251870","Excalibur Quiver Bracket Dovetail","KIN-28528","Excalibur"
"250560","Kwikee Kwiver Bracket Kaddy w/Bracket","KIN-28538","KWIKEE KWIVER"
"246230","Magnus Stinger Buzzcut Broadheads 2 Blade 100 gr. 3 pk.","KIN-28581","Magnus"
"246231","Magnus Stinger Buzzcut Broadheads 2 Blade 125 gr. 3 pk.","KIN-28582","Magnus"
"249165","Paradox Bow Sling Cool Spring Camo","KIN-28597","Paradox"
"250541","Selway Slide-On Quiver Recurve 6 Arrow","KIN-28681","Selway"
"250542","Selway Slide-On Soft-Kote Quiver Recurve Black 6 Arrow RH/LH","KIN-28683","Selway"
"251075","Selway Limbsaver Recurve Bow Stringer","KIN-28684","Selway"
"251079","Selway Limbsaver Longbow Bow Stringer","KIN-28685","Selway"
"252170","Easton Moon Nocks Orange 2219 Bolts 12 pk.","KIN-28727","Easton"
"246163","Steel Force Phat Head Broadheads 4 Blade 100 gr. 3 pk.","KIN-28764","Steel Force"
"248578","RAD Ultra Tru-Aligner w/ Standard Tube Black","KIN-29067","Radical Archery Designs"
"248579","RAD UVR Peep Tubing Black 50 ft.","KIN-29069","Radical Archery Designs"
"252268","K'Netix Compact Bow Tuning Kit","KIN-29077","ALLEN"
"250604","Neet Medium Economy Back Quiver Brown RH","KIN-29206","Neet"
"250892","October Mountain Football Clip Black","KIN-29337","OCTOBER MOUNTAIN"
"248745","BowJax SlipJax String Silencers Black 4 pk.","KIN-29388","Bow Jax"
"249398","BowJax MonsterJax Limb Dampeners Solid Limb Black 2 pk.","KIN-29389","Bow Jax"
"249375","BowJax MonsterJax Limb Dampeners Split Limb Black 2 pk.","KIN-29390","Bow Jax"
"249672","BowJax X-It Stabilizer Black 4 3/8 in.","KIN-29391","Bow Jax"
"250945","Spot Hogg Infinity Rest Black RH","KIN-29402","Spot-Hogg"
"251268","Spot Hogg Friday Night Delight Release 3 Finger","KIN-29403","Spot-Hogg"
"250817","OMP Super Rest LH","KIN-29435","OCTOBER MOUNTAIN"
"249086","BCY 62XS Braided Center Serving Black .018 100 yds.","KIN-29468","Bcy"
"249095","BCY 62XS Braided Center Serving Black .021 75 yds.","KIN-29469","Bcy"
"249096","BCY 62XS Braided Center Serving Black .025 60 yds.","KIN-29470","Bcy"
"249087","BCY Halo Serving Black .014 120 yds.","KIN-29471","Bcy"
"249088","BCY 2X End Serving Black 150 yds.","KIN-29472","Bcy"
"249134","Limbsaver Tentacle Wrap Black","KIN-29495","LIMBSAVER"
"244806","Gateway Rayzr Feathers White 2 in. RW 50 pk.","KIN-29506","GATEWAY"
"245042","Gateway Rayzr Feathers Red 2 in. RW 50 pk.","KIN-29507","GATEWAY"
"244910","Gateway Rayzr Feathers Orange 2 in. RW 50 pk.","KIN-29508","GATEWAY"
"244911","Gateway Rayzr Feathers Neon Yellow 2 in. RW 50 pk.","KIN-29509","GATEWAY"
"252171","Lumenok Crossbow Nocks HD Orange 2219 1 pk.","KIN-29717","Lumenok"
"245953","AAE Max Hunter Vanes Bright Green 2.1 in. 100 pk.","KIN-30515","AAE"
"245639","AAE Max Hunter Vanes Black 2.1 in. 100 pk.","KIN-30516","AAE"
"245915","AAE Max Hunter Vanes Yellow 2.1 in. 100 pk.","KIN-30517","AAE"
"245916","AAE Max Hunter Vanes White 2.1 in. 100 pk.","KIN-30520","AAE"
"245289","AAE Max Bond Glue .7 oz.","KIN-30521","AAE"
"250543","Selway Slide-On Quiver Longbow 6 Arrow RH/LH","KIN-30707","Selway"
"250840","Limbsaver Fall Away Arrow Holder and Drop Pad Combo","KIN-30861","LIMBSAVER"
"252144","Lumenok Crossbow Nocks HD Orange Moon Easton/Beman 1 pk.","KIN-30868","Lumenok"
"252184","Lumenok Crossbow Nocks HD Orange Moon Gold Tip 1 pk.","KIN-30870","Lumenok"
"250837","Limbsaver Fall-Away Drop Pad","KIN-30873","LIMBSAVER"
"250838","Limbsaver Fall Away Arrow Holder","KIN-30874","LIMBSAVER"
"245040","Gateway Magnum Feathers White 5.5 in. LW 50 pk.","KIN-30875","GATEWAY"
"251179","Carter Quickie 1 Release Buckle Strap","KIN-30968","Carter"
"244259","Saunders Field Points 5/16 145 gr. 12 pk.","KIN-31007","SAUNDERS"
"246435","Excalibur Bolt Cutter Broadheads 150 gr. 3 pk.","KIN-31014","Excalibur"
"246416","Excalibur Xact Broadheads 100 gr. 3 pk.","KIN-31015","Excalibur"
"244687","Arizona E-Z Fletch Carbon Fletching Jig Straight","KIN-31037","Arizona Rim Country"
"251412","Carter Evolution Release 4 Finger","KIN-31107","Carter"
"245150","Bohning Blazer Arrow Wraps Red Tiger 4 in. 13 pk.","KIN-31110","BOHNING"
"245203","Bohning Blazer Arrow Wraps Green Tiger 4 in. 13 pk.","KIN-31111","BOHNING"
"245151","Bohning Blazer Arrow Wraps Pink Tiger 4 in. 13 pk.","KIN-31112","BOHNING"
"245954","Bohning Blazer Vanes Pink Tiger 36 pk.","KIN-31114","BOHNING"
"245955","Bohning Blazer Vanes Pink Tiger 100 pk.","KIN-31115","BOHNING"
"246601","Magnus Bullhead Turkey Point 3 Blade 125 gr. 3 pk.","KIN-31131","Magnus"
"249226","Paradox Elite Bow Sling Black","KIN-31136","Paradox"
"249194","Paradox Elite Bow Sling Brown Camo","KIN-31137","Paradox"
"249166","Paradox Elite Bow Sling Green Camo","KIN-31138","Paradox"
"252185","Easton Flat Nocks Amber 2219 Bolts 12 pk.","KIN-31154","Easton"
"246128","Zwickey No Mercy Broadheads Screw In 2 Blade 165 gr. 3 pk.","KIN-31170","Zwickey"
"246129","Zwickey No Mercy Broadheads Glue On 2 Blade 130 gr. 3 pk","KIN-31172","Zwickey"
"250551","Kwikee Kwiver Recurve Quiver w/Cover 4 Arrrow","KIN-3131","KWIKEE KWIVER"
"248746","October Mountain String Silencers Black 2 pk.","KIN-31330","OCTOBER MOUNTAIN"
"248691","October Mountain String Silencers Brown 2 pk.","KIN-31331","OCTOBER MOUNTAIN"
"248692","October Mountain String Silencers Hunter Green 2 pk.","KIN-31332","OCTOBER MOUNTAIN"
"248693","October Mountain String Silencers Black 85 ft.","KIN-31333","OCTOBER MOUNTAIN"
"248718","October Mountain String Silencers Brown 85 ft.","KIN-31334","OCTOBER MOUNTAIN"
"248719","October Mountain String Silencers Hunter Green 85 ft.","KIN-31335","OCTOBER MOUNTAIN"
"248567","October Mountain TruTurn Peep 3/16 in.","KIN-31340","OCTOBER MOUNTAIN"
"248581","October Mountain TruTube Peep Tubing 2 ft. 2 pk.","KIN-31342","OCTOBER MOUNTAIN"
"248582","October Mountain TruTube Peep Tubing 50 ft.","KIN-31343","OCTOBER MOUNTAIN"
"248786","October Mountain Nock Sets Target Blue 5 pk.","KIN-31352","OCTOBER MOUNTAIN"
"248787","October Mountain Nock Sets Hunter Black 5 pk.","KIN-31353","OCTOBER MOUNTAIN"
"248837","October Mountain Nock Sets XL Red 5 pk","KIN-31354","OCTOBER MOUNTAIN"
"248747","October Mountain String Silencers Camo 3 pk.","KIN-31358","OCTOBER MOUNTAIN"
"248568","October Mountain TruTube Peep Tubing 1 ft. 50 pk.","KIN-31359","OCTOBER MOUNTAIN"
"249376","Bow Jax Slim Jax Cable Rod Dampener Black","KIN-31366","Bow Jax"
"249399","Bow Jax Slim Jax Limb Dampeners Black 2 pk.","KIN-31367","Bow Jax"
"249377","BowJax Magnum RizrJax Dampeners Black 2 pk.","KIN-31368","Bow Jax"
"246130","Steel Force Phat Head Broadheads 4 Blade 125 gr. 3 pk.","KIN-31381","Steel Force"
"244555","Easton Glue In Bullet Points 2712 300 gr. 12 pk.","KIN-31563","Easton"
"244260","Gold Tip EZ-Pull Points 5/16 100 gr. 100 pk.","KIN-31573","Gold Tip"
"247383","Zebra Hybrid String Tan/Black 53 in.","KIN-31614","ZEBRA"
"247286","Zebra Hybrid String Tan/Black 53 1/2 in.","KIN-31615","ZEBRA"
"247218","Zebra Hybrid String Tan/Black 103 1/4 in.","KIN-31616","ZEBRA"
"247618","Zebra Hybrid Control Cable Tan/Black 40 in.","KIN-31619","ZEBRA"
"247619","Zebra Hybrid Control Cable Tan/Black 40 1/2 in.","KIN-31620","ZEBRA"
"250781","Trophy Ridge Whisker Biscuit Quick Shot Black Small RH/LH","KIN-31980","TROPHY RIDGE"
"250776","Trophy Ridge Whisker Biscuit Quick Shot Black Large RH/LH","KIN-31982","TROPHY RIDGE"
"251634","Trophy Ridge Bowfishing Whisker Biscuit Arrow Rest","KIN-31986","TROPHY RIDGE"
"252272","October Mountain EZ Peeper String Separator","KIN-32043","OCTOBER MOUNTAIN"
"243950","Easton 6.5mm MicroLite Super Nocks Emerald 12 pk.","KIN-32061","Easton"
"243896","Easton 6.5mm MicroLite Super Nocks Blaze 12pk","KIN-32062","Easton"
"250991","October Mountain Flex-Pull Arrow Puller Black","KIN-32080","OCTOBER MOUNTAIN"
"250992","October Mountain Flex-Pull Arrow Puller Red","KIN-32082","OCTOBER MOUNTAIN"
"250993","October Mountain Flex-Pull Arrow Puller Orange","KIN-32083","OCTOBER MOUNTAIN"
"250987","October Mountain Flex-Pull Arrow Puller Counter Display Black 10 pk","KIN-32085","OCTOBER MOUNTAIN"
"250994","October Mountain Flex-Pull Arrow Puller Counter Display Assorted 10 pk.","KIN-32086","OCTOBER MOUNTAIN"
"245290","October Mountain Stick-It Hot Melt 1 pk.","KIN-32087","OCTOBER MOUNTAIN"
"244731","3Rivers Traditional Only Taper Tool 5/16 in.","KIN-32136","Three Rivers"
"244732","3Rivers Traditional Only Taper Tool 11/32 in.","KIN-32137","Three Rivers"
"244737","3Rivers Traditional Only Taper Tool 23/64 in.","KIN-32138","Three Rivers"
"245312","NAP Quikfletch w/Twister Vanes White/Yellow 6 pk.","KIN-32270","New Archery Products"
"250717","Vapor Trail Limb Driver Pro Black LH","KIN-32285","Vapor Trail"
"246210","Innerloc Falcon Broadheads 3 Blade 100 gr. 3 pk.","KIN-32319","Innerloc"
"246131","Innerloc Carbon Tuner Broadheads 100 gr. 3 pk.","KIN-32320","Innerloc"
"243728","Victory Standard Insert Aluminum 12 pk.","KIN-32333","Victory"
"251614","AMS Big Game Retriever Pro Bowfishing Reel RH","KIN-32354","AMS"
"251571","Cajun Piranha Point","KIN-32598","Cajun"
"250561","Kwikee Kwiver Mounting Bracket Black","KIN-32603107","KWIKEE KWIVER"
"248748","Limbsaver Super String Leech Black 2 pk.","KIN-32860","LIMBSAVER"
"248769","Limbsaver Super Cable Leech Black 4 pk.","KIN-32862","LIMBSAVER"
"249416","Limbsaver Super Quad Limb Dampeners Camouflage 2 pk.","KIN-32863","LIMBSAVER"
"249355","Limbsaver Super Quad Limb Dampeners Black 2 pk.","KIN-32864","LIMBSAVER"
"249113","BCY Bearpaw Serving Tool","KIN-33032","Bcy"
"252374","RAM Micro Adjusting Bow Vise","KIN-33034","Ram"
"251006","Scorpion Venom Target Arrow Release Fluid","KIN-33081","Scorpion Venom"
"248868","Scorpion Venom Polymeric Bowstring Fluid","KIN-33082","Scorpion Venom"
"248858","Scorpion Venom Polymeric Bowstring Wax","KIN-33083","Scorpion Venom"
"248872","Scorpion Venom Cam and Serving Lube","KIN-33084","Scorpion Venom"
"248873","Scorpion Venom Anti-Venom Bowstring Cleaner","KIN-33085","Scorpion Venom"
"246885","Genesis Bow Pink RH","KIN-33190","Genesis"
"246876","Genesis Bow Pink LH","KIN-33191","Genesis"
"246886","Genesis Bow Set Pink RH","KIN-33192","Genesis"
"248632","October Mountain Slotted Kisser Button Black 9/16 in. 100 pk.","KIN-33213","OCTOBER MOUNTAIN"
"245917","Bohning Blazer Vanes Blue 36 pk.","KIN-33908","BOHNING"
"245956","Bohning Blazer Vanes Purple 36 pk.","KIN-33909","BOHNING"
"245459","Bohning Blazer Vanes Satin Blue 36 pk.","KIN-33913","BOHNING"
"245460","Bohning Blazer Vanes Orange Tiger 100 pk.","KIN-33917","BOHNING"
"245461","Bohning Blazer Vanes Red Tiger 100 pk.","KIN-33918","BOHNING"
"245957","Bohning Blazer Vanes White Tiger 100 pk.","KIN-33919","BOHNING"
"245640","Bohning Blazer Vanes Yellow Tiger 100 pk.","KIN-33920","BOHNING"
"245918","Bohning Blazer Vanes Green Tiger 100 pk.","KIN-33921","BOHNING"
"245641","Bohning Blazer Vanes Purple 100 pk.","KIN-33923","BOHNING"
"245642","Bohning Blazer Vanes White 1000 pk.","KIN-33924","BOHNING"
"245462","Bohning Blazer Vanes Neon Yellow 1000 pk.","KIN-33925","BOHNING"
"245919","Bohning Blazer Vanes Neon Orange 1000 pk.","KIN-33926","BOHNING"
"245463","Bohning Blazer Vanes Neon Green 1000 pk.","KIN-33927","BOHNING"
"245246","Bohning Fletch-Tite Platinum 1 pt.","KIN-34077","BOHNING"
"245261","Bohning Fletch-Tite Platinum 1 qt.","KIN-34078","BOHNING"
"245247","GoatTuff High Performance Glue 7g","KIN-34404","Goat Tuff"
"245280","GoatTuff High Performance Glue 0.5 oz.","KIN-34405","Goat Tuff"
"245291","GoatTuff High Performance Glue 1 oz.","KIN-34406","Goat Tuff"
"245281","GoatTuff High Performance Glue 2 oz.","KIN-34407","Goat Tuff"
"245292","GoatTuff Premium Grade Glue 7g","KIN-34408","Goat Tuff"
"245248","GoatTuff Premium Grade Glue 0.5 oz.","KIN-34409","Goat Tuff"
"245249","GoatTuff Premium Grade Glue 1 oz.","KIN-34410","Goat Tuff"
"245293","GoatTuff Premium Grade Glue 2 oz.","KIN-34411","Goat Tuff"
"245262","GoatTuff GT Impact Glue 0.5 oz.","KIN-34412","Goat Tuff"
"245263","GoatTuff DeBonder 1 oz.","KIN-34414","Goat Tuff"
"245282","GoatTuff Accelerator 2 oz.","KIN-34415","Goat Tuff"
"244487","Gold Tip Glue In Points Triple X 150 gr. 12 pk.","KIN-34469","Gold Tip"
"244573","Gold Tip Glue In Points Triple X 100 gr. 12 pk.","KIN-34470","Gold Tip"
"244161","Carbon Express Pin Nock Adapters X-Jammer 12 pk.","KIN-34493","CARBON EXPRESS"
"252420","Carbon Express Pro Bow Square","KIN-34515","CARBON EXPRESS"
"250222","Kwikee Kwiver Kwik-3 Quiver Black 3 Arrow","KIN-34637","KWIKEE KWIVER"
"250286","Kwikee Kwiver Kompound Quiver Black 6 Arrow","KIN-34646","KWIKEE KWIVER"
"250291","Kwikee Kwiver Combo Quiver Black 4 Arrow","KIN-34665","KWIKEE KWIVER"
"251899","Scorpion Venom Crossbow Rail Lube","KIN-34691","Scorpion Venom"
"248874","Scorpion Venom 3 Star String Maintenance Kit","KIN-34693","Scorpion Venom"
"250365","Neet N-613 Tube Quiver Black/Red RH/LH","KIN-34801","Neet"
"250822","Neet Shelf and Plate Silencer","KIN-34804","Neet"
"250844","Trophy Ridge Whisker Biscuit Replacement Biscuit Small","KIN-34824","TROPHY RIDGE"
"250862","Trophy Ridge Whisker Biscuit Replacement Biscuit Medium","KIN-34825","TROPHY RIDGE"
"250845","Trophy Ridge Whisker Biscuit Replacement Biscuit Large","KIN-34826","TROPHY RIDGE"
"250765","Trophy Ridge Whisker Biscuit Sure Shot Pro RT APG Medium RH","KIN-35051","TROPHY RIDGE"
"250777","Trophy Ridge Whisker Biscuit Sure Shot Pro Black Medium RH","KIN-35055","TROPHY RIDGE"
"246132","Woodsman Broadheads Screw-in 125 gr. 3 pk.","KIN-35411","Three Rivers"
"246133","Woodsman Broadheads Glue-on 125 gr. 6 pk.","KIN-35412","Three Rivers"
"251506","Innerloc Glow Max Bowfishing Arrow w/2 Barb Grapple Point 5/16 in.","KIN-35425","Innerloc"
"246359","Innerloc EXP Broadheads 3 Blade 100 gr. 3 pk.","KIN-35427","Innerloc"
"252317","Weston Arrow Saw With Dust Collector 8000 RPM","KIN-35458","Weston"
"251615","Cajun Screw On Drum Bowfishing Reel w/50 ft. 80 lb. Braided Line","KIN-35622","Cajun"
"251559","Cajun Sting-A-Ree Tournament Bowfishing Point","KIN-35624","Cajun"
"245464","Bohning Blazer Vanes Green Tiger 36 pk.","KIN-35659","BOHNING"
"245643","Bohning Blazer Vanes Blue 100 pk.","KIN-35661","BOHNING"
"245920","Bohning Blazer Vanes Hot Pink 100 pk.","KIN-35662","BOHNING"
"244716","Bohning Blazer Helix Fletching Jig","KIN-35665","BOHNING"
"245204","Bohning Blazer Arrow Wraps Camouflage Fade 4 in. 13 pk.","KIN-35668","BOHNING"
"245212","Bohning Blazer Arrow Wraps White/Red Tiger 4 in. 13 pk.","KIN-35671","BOHNING"
"251180","Carter Rx1 Release Scott Buckle Strap","KIN-35937","Carter"
"246360","Grim Reaper Razortip Broadheads 125 gr. 1 3/8 in. 3 pk.","KIN-35939","GRIM REAPER"
"246367","Grim Reaper Razortip Broadheads 125 gr. 1 3/4 in. 3 pk.","KIN-35940","GRIM REAPER"
"246368","Grim Reaper Razorcut Broadheads 125 gr. 1 3/8 in. 3 pk.","KIN-35941","GRIM REAPER"
"246361","Grim Reaper Razorcut Broadheads 125 gr. 1 3/4 in. 3 pk.","KIN-35942","GRIM REAPER"
"246234","Grim Reaper Hades Broadheads 100 gr. 1 3/16 in. 3 pk.","KIN-35945","GRIM REAPER"
"244150","Gold Tip Pin Nock Bushings Triple X 12 pk.","KIN-36238","Gold Tip"
"244556","Gold Tip Glue In Points .246 80 gr. 12 pk.","KIN-36239","Gold Tip"
"244557","Gold Tip Glue In Points .246 100 gr. 12 pk.","KIN-36240","Gold Tip"
"244162","Gold Tip Pin Nock Bushings .246 12 pk.","KIN-36282","Gold Tip"
"252107","Barnett Aluminum Crossbow Bolts 18 in. 5 pk.","KIN-36287","Barnett"
"250870","NAP QuickTune 360 Replacement Brush/Lower Cap Kit","KIN-36303","New Archery Products"
"249135","Shrewd Mathews Standard Grip Delrin Black RH","KIN-36722","Shrewd Archery"
"247219","Zebra Hybrid String MQ1 Tan/Black 95 1/16 in.","KIN-36801","ZEBRA"
"247220","Zebra Hybrid String Tan/Black 57 7/8 in.","KIN-36804","ZEBRA"
"248334","FirstString Premium String Kit Green/Brown PSE X-Force","KIN-36897","First String"
"248230","FirstString Premium String Kit Green/Brown Mathews SB XT","KIN-36898","First String"
"248344","FirstString Premium String Kit Green/Brown Mathews Switchback","KIN-36899","First String"
"248231","FirstString Premium String Kit Green/Brown Mathews DXT","KIN-36900","First String"
"248335","FirstString Premium String Kit Green/Brown Mathews Drenalin","KIN-36901","First String"
"248336","FirstString Premium String Kit Green/Brown Bowtech Tomcat","KIN-36904","First String"
"248345","FirstString Premium String Kit Green/Brown Bowtech Tribute 2006","KIN-36910","First String"
"248337","FirstString Premium String Kit Green/Brown Bowtech Allegiance 2006","KIN-36912","First String"
"244807","Gateway Rayzr Feathers Black 2 in. RW 50 pk.","KIN-36948","GATEWAY"
"245043","Gateway Rayzr Feathers Chartreuse 2 in. RW 50 pk.","KIN-36949","GATEWAY"
"244808","Gateway Rayzr Feathers White 2 in. LW 50 pk.","KIN-36950","GATEWAY"
"251076","October Mountain Flex Pro Stringer Recurve Black","KIN-37285","OCTOBER MOUNTAIN"
"251082","October Mountain Flex Pro Stringer Recurve Orange","KIN-37286","OCTOBER MOUNTAIN"
"250995","October Mountain Flex-Pull Arrow Puller w/Retractor Black","KIN-37291","OCTOBER MOUNTAIN"
"250996","October Mountain Flex-Pull Arrow Puller w/Retractor Red","KIN-37293","OCTOBER MOUNTAIN"
"250972","October Mountain Flex-Pull Arrow Puller w/Retractor Orange","KIN-37294","OCTOBER MOUNTAIN"
"250997","October Mountain Flex-Pull Arrow Puller w/ Retractor Counter Display Black 10 pk","KIN-37297","OCTOBER MOUNTAIN"
"250998","October Mountain Flex-Pull Arrow Puller w/ Retractor Counter Display Assorted 10 pk.","KIN-37298","OCTOBER MOUNTAIN"
"252348","October Mountain Accu-Arrow Digital Archery Scale","KIN-37301","OCTOBER MOUNTAIN"
"247824","October Mountain Crossbow String 28 1/2 in. Recurve Universal","KIN-37323","OCTOBER MOUNTAIN"
"247835","October Mountain Crossbow String 17 in. Horton Tacoma Trac-150","KIN-37324","OCTOBER MOUNTAIN"
"247663","October Mountain Crossbow String 33 in. Horton","KIN-37325","OCTOBER MOUNTAIN"
"247825","October Mountain Crossbow String 33 3/4 in. Horton","KIN-37326","OCTOBER MOUNTAIN"
"247723","October Mountain Crossbow String 34 3/4 in. Horton","KIN-37327","OCTOBER MOUNTAIN"
"247836","October Mountain Crossbow String 37 1/2 in TenPoint Steel Cable","KIN-37328","OCTOBER MOUNTAIN"
"247826","October Mountain Recurve Crossbow String 35 3/4 in. Horton","KIN-37329","OCTOBER MOUNTAIN"
"247724","October Mountain Crossbow String 26 in. Bear Buckmaster","KIN-37330","OCTOBER MOUNTAIN"
"247827","October Mountain Crossbow String 44 in. Bear Devastator","KIN-37331","OCTOBER MOUNTAIN"
"247664","October Mountain Crossbow String 36 in. Excalibur","KIN-37332","OCTOBER MOUNTAIN"
"247665","October Mountain Crossbow String 41 3/4 in. Horton","KIN-37333","OCTOBER MOUNTAIN"
"247828","October Mountain Crossbow String 34 1/4 in. Horton Legend II","KIN-37334","OCTOBER MOUNTAIN"
"247829","October Mountain Crossbow String 38.875 in. Barnett","KIN-37335","OCTOBER MOUNTAIN"
"247837","October Mountain Crossbow String 40.375 in. Barnett","KIN-37336","OCTOBER MOUNTAIN"
"247725","October Mountain Crossbow String 35 in. Barnett Penetrator","KIN-37337","OCTOBER MOUNTAIN"
"248036","October Mountain Crossbow Split Cables 28 1/2 in. Barnett","KIN-37338","OCTOBER MOUNTAIN"
"248037","October Mountain Crossbow Split Cables 28 in. Barnett Wildcat C5","KIN-37339","OCTOBER MOUNTAIN"
"247921","October Mountain Crossbow Split Cables 30 in. Barnett","KIN-37340","OCTOBER MOUNTAIN"
"247666","October Mountain Crossbow String 16 in. Barnett","KIN-37342","OCTOBER MOUNTAIN"
"247726","October Mountain Crossbow String 32.625 in. Universal","KIN-37343","OCTOBER MOUNTAIN"
"247838","October Mountain Crossbow String 37 1/2 in. TenPoint","KIN-37344","OCTOBER MOUNTAIN"
"247667","October Mountain Crossbow String 36 5/8in TenPoint 458MAG TL-4","KIN-37345","OCTOBER MOUNTAIN"
"247727","October Mountain Crossbow String 39.625 in. Barnett","KIN-37346","OCTOBER MOUNTAIN"
"247839","October Mountain Crossbow String 43 1/2 in. Universal","KIN-37348","OCTOBER MOUNTAIN"
"247840","October Mountain Crossbow String 23 3/4 in. Universal","KIN-37351","OCTOBER MOUNTAIN"
"247841","October Mountain Crossbow String 34 1/2 in. Wicked Ridge Raider","KIN-37352","OCTOBER MOUNTAIN"
"248038","October Mountain Crossbow Split Cables 22.625 in. Wicked Ridge Raider","KIN-37354","OCTOBER MOUNTAIN"
"248039","October Mountain Crossbow Split Cables 27.8125 in. Wicked Ridge","KIN-37355","OCTOBER MOUNTAIN"
"247668","October Mountain Crossbow String Velocity+ 36 in. Excalibur","KIN-37356","OCTOBER MOUNTAIN"
"247669","October Mountain Crossbow String 38 1/2 in. Barnett","KIN-37357","OCTOBER MOUNTAIN"
"247922","October Mountain Crossbow Split Cables 27 1/2 in. TenPoint","KIN-37358","OCTOBER MOUNTAIN"
"247842","October Mountain Crossbow String 37 in. Barnett Wildcat C5","KIN-37359","OCTOBER MOUNTAIN"
"247670","October Mountain Crossbow String 25.625 in. Barnett RC 300","KIN-37362","OCTOBER MOUNTAIN"
"251072","October Mountain Flex Pro Stringer Longbow Orange","KIN-37372","OCTOBER MOUNTAIN"
"248584","October Mountain In-Line Peep 3/16 in.","KIN-37645","OCTOBER MOUNTAIN"
"248569","October Mountain Quadro Peep 3/16 in.","KIN-37648","OCTOBER MOUNTAIN"
"248570","October Mountain UltraView Peep 3/16 in.","KIN-37651","OCTOBER MOUNTAIN"
"248571","October Mountain Peep Aligner 1 pk.","KIN-37653","OCTOBER MOUNTAIN"
"248572","October Mountain Peep Aligner 25 pk.","KIN-37654","OCTOBER MOUNTAIN"
"248680","October Mountain Pin Point Kisser Button Black 9/16 in. 1 pk.","KIN-37655","OCTOBER MOUNTAIN"
"248642","October Mountain Pin Point Kisser Button Black 9/16 in. 100 pk.","KIN-37656","OCTOBER MOUNTAIN"
"250854","QAD Replacement Felt Kit Camo","KIN-37672","QAD"
"250898","QAD Cable Clamp Kit Black","KIN-37673","QAD"
"251239","Carter Attraction Release 4 Finger Large","KIN-37707","Carter"
"245296","Bohning Insert Iron 1 oz.","KIN-37806","BOHNING"
"246549","Muzzy Replacement Blades 3 Blade 125 gr. 18 pk.","KIN-37900330","MUZZY"
"251855","Barnett Rope Cocking Device","KIN-3793","Barnett"
"251995","Lumenok Carbon Crossbow Bolts 20 in HD Orange Flat Nocks 3 pk.","KIN-37995","Lumenok"
"251969","Lumenok Carbon Crossbow Bolts 22 in. HD Orange Moon Nocks 3 pk.","KIN-37998","Lumenok"
"246403","Grim Reaper Crossbow Razorcut Broadheads 125 gr. 1.5 in. 3 pk.","KIN-38065","GRIM REAPER"
"249195","Outdoor Prostaff Wrist Sling Bowtech/Realtree","KIN-38074","Outdoor Prostaff"
"249227","Outdoor Prostaff Wrist Sling Diamond","KIN-38075","Outdoor Prostaff"
"244717","Arizona E-Z Fletch Mini Fletching Jig","KIN-38460","Arizona Rim Country"
"249308","BowJax MacDaddy Stopper Black","KIN-38465","Bow Jax"
"248962","BCY Trophy Bowstring Material Black 1/4 lb.","KIN-38538","Bcy"
"250474","Neet N-613 Tube Quiver Black RH/LH","KIN-38600612","Neet"
"250422","Neet N-615 Youth Tube Quiver Black RH/LH","KIN-38600615","Neet"
"251014","Neet Bow Rest Black","KIN-38604846","Neet"
"250423","Neet N-491 Field Quiver Black RH","KIN-38605400","Neet"
"250366","Neet N-495 Field Quiver Black RH","KIN-38605410","Neet"
"246569","NAP Replacement Blades Thunderhead 100 gr. 18 pk.","KIN-38800101","New Archery Products"
"246134","NAP Thunderhead Broadheads 125 gr. 5 pk.","KIN-38800125","New Archery Products"
"246564","NAP Replacement Blades Thunderhead 125 gr. 18 pk.","KIN-38800126","New Archery Products"
"246511","NAP Thunderhead O Rings 12 pk.","KIN-38806513","New Archery Products"
"246211","Woodsman Elite Broadheads Screw-in 125 gr. 3 pk.","KIN-38947","Three Rivers"
"243967","Gold Tip Accu-Lite Nocks Orange 12 pk.","KIN-39264","Gold Tip"
"243968","Gold Tip Accu-Lite Nocks White 12 pk.","KIN-39265","Gold Tip"
"243859","Gold Tip Accu-Lite Nocks Black 12 pk.","KIN-39266","Gold Tip"
"244653","Gold Tip FACT Weight Modules 20 gr. 12 pk.","KIN-39282","Gold Tip"
"244084","Gold Tip HD Pin Nocks White 12 pk.","KIN-39284","Gold Tip"
"246369","NAP Spitfire Edge Broadheads 100 gr. 3 pk.","KIN-39424","New Archery Products"
"251089","Kwikee Kwiver Bow Tip Protector 2 pk.","KIN-39529","KWIKEE KWIVER"
"251145","TRU Ball The Beast 2 Release Bone Collector Buckle Large","KIN-39535","Tru Ball"
"248585","Hot Shot Accu-Peep Red 3/16 in.","KIN-39638","Hot Shot Manufacturing"
"245283","AAE Max Impact Insert Glue .7 oz.","KIN-39652","AAE"
"244912","Gateway Rayzr Feathers Pink 2 in. RW 50 pk.","KIN-39658","GATEWAY"
"244809","Gateway Rayzr Feathers Purple 2 in. RW 50 pk.","KIN-39660","GATEWAY"
"249378","Limbsaver Cable Guard Dampener Black","KIN-39799","LIMBSAVER"
"248720","Limbsaver Everlast String Leech Black 4 pk.","KIN-39807","LIMBSAVER"
"247671","October Mountain Crossbow String 34 in. Barnett","KIN-39810","OCTOBER MOUNTAIN"
"247672","October Mountain Crossbow String 35 1/2 in. Parker","KIN-39811","OCTOBER MOUNTAIN"
"248040","October Mountain Crossbow Split Cables 27 1/4 in. Parker","KIN-39812","OCTOBER MOUNTAIN"
"247973","October Mountain Crossbow Split Cables 25.375 in. Parker","KIN-39813","OCTOBER MOUNTAIN"
"247974","October Mountain Crossbow Control Cables 21 1/4 in Parker","KIN-39814","OCTOBER MOUNTAIN"
"243633","Easton Platinum Plus Shafts 1416 1 doz.","KIN-4201416","Easton"
"243634","Easton Platinum Plus Shafts 1516 1 doz.","KIN-4201516","Easton"
"243635","Easton Platinum Plus Shafts 1616 1 doz.","KIN-4201616","Easton"
"243643","Easton Platinum Plus Shafts 1716 1 doz.","KIN-4201716","Easton"
"243636","Easton Platinum Plus Shafts 1816 1 doz.","KIN-4201816","Easton"
"243608","Easton Platinum Plus Shafts 1913 1 doz.","KIN-4201913","Easton"
"243609","Easton Platinum Plus Shafts 1916 1 doz.","KIN-4201916","Easton"
"243610","Easton Platinum Plus Shafts 2013 1 doz.","KIN-4202013","Easton"
"243637","Easton Platinum Plus Shafts 2016 1 doz.","KIN-4202016","Easton"
"243638","Easton Platinum Plus Shafts 2213 1 doz.","KIN-4202213","Easton"
"243626","Easton Platinum Plus Shafts 2315 1 doz.","KIN-4202315","Easton"
"251584","AMS Safety Slide Kit 2 pk.","KIN-45045","AMS"
"250129","Bee Stinger Quick Disconnect Straight","KIN-45065","Bee Stinger"
"244109","Gold Tip Pin Nock Bushings Series 22 12 pk.","KIN-45079","Gold Tip"
"244110","Gold Tip Pin Nock Bushings X-Cutter 12 pk.","KIN-45080","Gold Tip"
"247728","October Mountain Crossbow String 31 1/2 in. Horton","KIN-45153","OCTOBER MOUNTAIN"
"247923","October Mountain Crossbow Split Cables 14 1/2 in. Horton","KIN-45154","OCTOBER MOUNTAIN"
"247673","October Mountain Crossbow String 30 3/4 in. TenPoint","KIN-45155","OCTOBER MOUNTAIN"
"248041","October Mountain Crossbow Split Cables 19 3/4 in. TenPoint","KIN-45156","OCTOBER MOUNTAIN"
"248456","Specialty Archery Aperture Kit 1/16-1/8 in. 3 pk.","KIN-45179","SPECIALTY ARCHERY"
"248586","Specialty Archery Aperture Kit 1/32-1/8 in. 5 pk.","KIN-45182","SPECIALTY ARCHERY"
"248573","Specialty Archery Peep Aperture 1/16 in.","KIN-45184","SPECIALTY ARCHERY"
"248587","Specialty Archery Peep Wrench 1/8 in. and 1/4 in. Apertures","KIN-45188","SPECIALTY ARCHERY"
"248788","October Mountain Premium Release Loop Camo 25 ft.","KIN-45366","OCTOBER MOUNTAIN"
"251002","October Mountain FriXion Fighter 2.0 Arrow Lube 1 oz.","KIN-45367","OCTOBER MOUNTAIN"
"251003","October Mountain FriXion Fighter 2.0 Arrow Lube Counter Display 10 pk.","KIN-45368","OCTOBER MOUNTAIN"
"251678","Fin Finder Hydro-Tek Watertight String Wax 1 oz.","KIN-45369","Fin-Finder"
"248853","October Mountain Bowstring Wax Hunter Size 1 oz.","KIN-45371","OCTOBER MOUNTAIN"
"248859","October Mountain Bowstring Wax Shop Size 2 oz.","KIN-45372","OCTOBER MOUNTAIN"
"251896","October Mountain Crossbow Rail Lube .5 oz.","KIN-45373","OCTOBER MOUNTAIN"
"251845","October Mountain Universal Cocking Aid w/Rail Lube Combo","KIN-45375","OCTOBER MOUNTAIN"
"251856","October Mountain Universal Cocking Aid","KIN-45376","OCTOBER MOUNTAIN"
"251616","Fin Finder Bowfishing Drum Reel","KIN-45377","Fin-Finder"
"248492","October Mountain TriView Peep Black 3/16 in.","KIN-45392","OCTOBER MOUNTAIN"
"248588","October Mountain TriView Peep Red 3/16 in.","KIN-45395","OCTOBER MOUNTAIN"
"248493","October Mountain TriView Peep Blue 3/16 in.","KIN-45398","OCTOBER MOUNTAIN"
"250836","October Mountain Fall Away Arrow Pad w/Arrow Holder","KIN-45400","OCTOBER MOUNTAIN"
"251617","Fin Finder Hydro Glide Bowfishing Rest Black RH/LH","KIN-45407","Fin-Finder"
"244733","October Mountain Arrow Prep Tool","KIN-45409","OCTOBER MOUNTAIN"
"251654","Fin Finder Hydro-Shot Finger Savers Orange 2 pk.","KIN-45411","Fin-Finder"
"251675","Fin Finder Hydro-Shot Finger Savers Red 2 pk.","KIN-45412","Fin-Finder"
"251676","Fin Finder Hydro-Shot Finger Savers Blue 2 pk.","KIN-45413","Fin-Finder"
"248884","October Mountain Turbo Button 2.0 Orange 5 pk.","KIN-45415","OCTOBER MOUNTAIN"
"248897","October Mountain Turbo Button 2.0 Red 5 pk.","KIN-45416","OCTOBER MOUNTAIN"
"248893","October Mountain Turbo Button 2.0 Black 5 pk.","KIN-45417","OCTOBER MOUNTAIN"
"251677","Fin Finder Hydro-Shot Finger Savers Black 2 pk.","KIN-45418","Fin-Finder"
"248898","October Mountain Turbo Button 2.0 Orange 100 pk.","KIN-45419","OCTOBER MOUNTAIN"
"248899","October Mountain Turbo Button 2.0 Red 100 pk.","KIN-45420","OCTOBER MOUNTAIN"
"248901","October Mountain Turbo Button 2.0 Black 100 pk.","KIN-45421","OCTOBER MOUNTAIN"
"245264","October Mountain Stick-It Hot Melt 25 pk.","KIN-45434","OCTOBER MOUNTAIN"
"251618","Fin Finder Rock Solid Reel Seat Black","KIN-45437","Fin-Finder"
"252372","October Mountain Versa Cradle Bow Vise","KIN-45438","OCTOBER MOUNTAIN"
"248494","October Mountain In-Line Peep 3/16 in. 25 pk.","KIN-45446","OCTOBER MOUNTAIN"
"245297","October Mountain Stick-It Hot Melt 10 pk.","KIN-45450","OCTOBER MOUNTAIN"
"247830","October Mountain Crossbow String 43 in. Barnett Revolution XS","KIN-45477","OCTOBER MOUNTAIN"
"252412","Specialty Archery Tuning Paper Small Roll","KIN-45478","SPECIALTY ARCHERY"
"252214","Easton Full Metal Jacket Bolt Insert Aluminum 12 pk.","KIN-45498","Easton"
"244488","Easton Glue In NIBB Points 1813 56 gr. 12 pk.","KIN-45505","Easton"
"243811","Easton 5mm Brass HIT Inserts 50-75 gr. 12 pk.","KIN-45517","Easton"
"250766","Trophy Ridge Whisker Biscuit Kill Shot Black Small RH/LH","KIN-45523","TROPHY RIDGE"
"250782","Trophy Ridge Whisker Biscuit Kill Shot Black Medium RH/LH","KIN-45524","TROPHY RIDGE"
"250783","Trophy Ridge Whisker Biscuit Kill Shot Black Large RH/LH","KIN-45525","TROPHY RIDGE"
"246538","Excalibur BoltCutter Broadheads Replacement Blades 18 pk.","KIN-45538","Excalibur"
"252203","Easton FMJ Bolt Flat Nocks 12pk","KIN-45557","Easton"
"246436","NAP F.O.C. Broadheads 170 gr. 3 pk.","KIN-45585","New Archery Products"
"249659","NAP Apache Stabilizer Black 5 in.","KIN-45592","New Archery Products"
"246550","NAP Replacement Blades Spitfire Maxx 100 gr. 9 pk.","KIN-45596","New Archery Products"
"252043","Carbon Express Maxima Hunter Crossbow Bolts 20in Moon/Flat 6 pk.","KIN-45612","CARBON EXPRESS"
"243729","Carbon Express Inserts Type 0 12 pk.","KIN-45625","CARBON EXPRESS"
"244558","Carbon Express Parabolic Points CXL Pro 250-350 70 gr. 12 pk.","KIN-45626","CARBON EXPRESS"
"243812","Gold Tip Accu-Tough Inserts Kinetic 340-400 12 pk.","KIN-45641","Gold Tip"
"243897","Gold Tip Accu-Tough Nocks White 12 pk.","KIN-45646","Gold Tip"
"251607","Muzzy Fish Hook Bowfishing Rest","KIN-45795","MUZZY"
"250223","Treelimb Standard Quiver Carbon 5 Arrow","KIN-45801","Treelimb"
"250287","Treelimb Premium Quiver Carbon 5 Arrow","KIN-45803","Treelimb"
"244718","Bohning Tower Fletching Jig Helix","KIN-45805","BOHNING"
"252225","Excalibur Field Points 11/32 150 gr. 12 pk.","KIN-45811","Excalibur"
"248669","Draves Komfort Kiss Kisser Button Black 1 pk.","KIN-46548","Draves"
"248643","Draves Komfort Kiss Kisser Button Red 1 pk.","KIN-46550","Draves"
"248875","Gibbs String Wax/Rail Lube Earth Scent","KIN-46604","Gibbs"
"249356","BowJax Magnum Limb Dampener Black Split Limb 11/16 in. 2 pk.","KIN-46614","Bow Jax"
"249357","BowJax Magnum Limb Dampener Black Split Limb 15/16 in. 2 pk.","KIN-46615","Bow Jax"
"250657","Vapor Trail Limb Driver Pro-V Rest Black/Red RH","KIN-46929","Vapor Trail"
"244719","Arizona E-Z Fletch Bolt Fletching Jig","KIN-46950","Arizona Rim Country"
"248929","BCY 8125 Bowstring Material Black 1/4 lb.","KIN-46978","Bcy"
"249028","BCY Force 10 Crossbow String Material Black 1/4 lb.","KIN-46979","Bcy"
"250553","Selway Strap-on Rawhide Stick Quiver Recurve/Longbow 6 Arrow RH/LH","KIN-47092","Selway"
"245041","Trueflight Shield Cut Feathers White 2 in. RW 100 pk.","KIN-47101","Trueflight"
"244028","Lumenok Lighted Nocks Pink X 3 pk.","KIN-47109","Lumenok"
"244029","Lumenok Lighted Nocks HD Orange H 3 pk.","KIN-47110","Lumenok"
"244030","Lumenok Lighted Nocks Green H 3 pk.","KIN-47111","Lumenok"
"244035","Lumenok Lighted Nocks Pink S 3 pk.","KIN-47115","Lumenok"
"252186","Lumenok Crossbow Nocks HD Orange Flat 2219 3 pk.","KIN-47118","Lumenok"
"252123","Lumenok Crossbow Nocks HD Orange Moon 2219 3 pk.","KIN-47119","Lumenok"
"252145","Lumenok Crossbow Nocks HD Orange Moon Gold Tip 3 pk.","KIN-47120","Lumenok"
"252124","Lumenok Crossbow Nocks HD Orange Flat Gold Tip 3 pk.","KIN-47121","Lumenok"
"252125","Lumenok Crossbow Nocks HD Orange Flat Easton/Beman 3 pk.","KIN-47123","Lumenok"
"251240","Carter Chocolate Addiction Release 3 Finger","KIN-47132","Carter"
"251241","Carter Chocolate Lite Release 3 Finger","KIN-47133","Carter"
"251181","Carter Two Shot Release Buckle Strap","KIN-47136","Carter"
"251146","Carter Quickie 1 Plus Release Buckle Strap","KIN-47137","Carter"
"246236","Magnus Stinger Broadheads 4 Blade 150 gr. 3 pk.","KIN-47139","Magnus"
"248457","Hot Shot Accu-Peep Red 5/16 in.","KIN-47148","Hot Shot Manufacturing"
"248458","Hot Shot Accu-Peep Black 3/16 in.","KIN-47150","Hot Shot Manufacturing"
"248589","Hot Shot Accu-Peep Black 5/16 in.","KIN-47152","Hot Shot Manufacturing"
"245644","Bohning Blazer X2 Vanes Black 100 pk.","KIN-47160","BOHNING"
"245972","Bohning Blazer X2 Vanes Neon Orange 100 pk.","KIN-47161","BOHNING"
"245973","Bohning Blazer X2 Vanes Neon Yellow 100 pk.","KIN-47162","BOHNING"
"245974","Bohning Blazer X2 Vanes White 100 pk.","KIN-47163","BOHNING"
"245315","Bohning Blazer QuikFletch Neon Orange/White 6 pk.","KIN-47165","BOHNING"
"245317","Bohning Blazer QuikFletch Neon Green/White 6 pk.","KIN-47166","BOHNING"
"245265","Bohning Ferr-L-Tite Cool Flex Hot Melt","KIN-47174","BOHNING"
"244702","Bohning Tower Fletching Jig Triple Tower","KIN-47175","BOHNING"
"244720","Bohning Big Jig Fletching Jig","KIN-47176","BOHNING"
"251900","Bohning Lightning Rail Lube 1.18 oz.","KIN-47177","BOHNING"
"246212","Stryke Ion Broadheads 100 gr. 3 pk.","KIN-47220","ALLEN"
"246437","Wasp Crossbow Boss Broadheads 3 Blade 100 gr. 3 pk.","KIN-47256","Wasp"
"246417","Wasp Sledgehammer Broadheads 3 Blade 150 gr. 3 pk.","KIN-47257","Wasp"
"250718","QAD UltraRest HDX Black RH","KIN-47331","QAD"
"250719","QAD UltraRest HDX Black LH","KIN-47332","QAD"
"246237","QAD Exodus Broadheads Full Blade 100 gr. 3 pk.","KIN-47333","QAD"
"248721","X-Factor String Factor String Silencers Black 4 pk.","KIN-47337","X FACTOR"
"249660","X-Factor F-6 Stabilizer Black 6 in.","KIN-47338","X FACTOR"
"249675","TruGlo Deadenator XS Stabilizer Black 4.6 in.","KIN-47348","Truglo"
"246512","Saunders O-Rings 100 pk.","KIN-47400000","SAUNDERS"
"251090","Saunders Bow Tip Protector Black 1 pk.","KIN-47400408","SAUNDERS"
"250988","Saunders Arrow Point Puller","KIN-47400610","SAUNDERS"
"245266","Saunders NPV Cement 1 oz.","KIN-47401118","SAUNDERS"
"250839","Saunders Kwik Lok Aro Holder","KIN-47402508","SAUNDERS"
"246484","Saunders Bludgeon Small Game Head 125 gr. 4 pk.","KIN-47405708","SAUNDERS"
"246213","Ramcat Broadheads 100 gr. 3 pk.","KIN-47408","RAMCAT"
"246214","Ramcat Broadheads 125 gr. 3 pk.","KIN-47409","RAMCAT"
"251339","Stan Black Pearl DS Release 4 Finger Large","KIN-47423","Stanislawski"
"248166","FirstString Premium String Kit Green/Brown Mathews Z7","KIN-47439","First String"
"250720","QAD UltraRest HDX Red RH","KIN-47570","QAD"
"250658","QAD UltraRest HDX Pink RH","KIN-47571","QAD"
"247221","Zebra Hybrid String Tan/Black 87 1/4 in.","KIN-47584","ZEBRA"
"247359","Zebra Hybrid String Voyager Tan/Black 94 3/4 in.","KIN-47586","ZEBRA"
"247222","Zebra Hybrid String Z7 Xtreme Tan/Red 82 7/8 in.","KIN-47590","ZEBRA"
"247521","ZebHyb 30 1/2 SpltCbl Tan Extr Z7 Extreme","KIN-47591","ZEBRA"
"251300","Carter Plain 1 Release 4 Finger","KIN-47599","Carter"
"246215","Wasp Boss Broadheads 4 Blade 100 gr. 3 pk.","KIN-47629","Wasp"
"246135","Wasp Boss Broadheads 3 Blade 100 gr. 3 pk.","KIN-47631","Wasp"
"246136","Wasp Boss Broadheads 3 Blade 125 gr. 3 pk.","KIN-47632","Wasp"
"246539","Wasp Boss Replacement Blades 100/125 gr. 9 pk.","KIN-47633","Wasp"
"246238","Wasp Bullet Broadheads 3 Blade 100 gr. 3 pk.","KIN-47634","Wasp"
"246239","Wasp Bullet Broadheads 3 Blade 75 gr. 3 pk.","KIN-47635","Wasp"
"246164","Wasp Hammer Broadheads 3 Blade 85 gr. 3 pk.","KIN-47637","Wasp"
"246240","Wasp Hammer Broadheads 3 Blade 100 gr. 3 pk.","KIN-47639","Wasp"
"246291","Wasp Jak-Hammer Broadheads 3 Blade 100 gr. 3 pk.","KIN-47641","Wasp"
"246312","Wasp Jak-Hammer SST Broadheads 3 Blade 75 gr. 3 pk.","KIN-47643","Wasp"
"246370","Wasp Jak-Hammer SST Broadheads 3 Blade 100 gr. 3 pk.","KIN-47644","Wasp"
"246371","Wasp Jak-Hammer SST Broadheads 3 Blade 125 gr. 3 pk.","KIN-47645","Wasp"
"246551","Wasp Jak-Hammer SST Replacement Blades 100/125 gr. 9 pk.","KIN-47646","Wasp"
"245465","Bohning Blazer Vanes Black 1000 pk.","KIN-47660","BOHNING"
"245466","Bohning Blazer Vanes Hot Pink 1000 pk.","KIN-47661","BOHNING"
"248496","Specialty Archery Clarifier 1/16 in. No. 3","KIN-4786","SPECIALTY ARCHERY"
"251015","Third Hand Hip Clip","KIN-4808","Third Hand"
"250759","Trophy Ridge Whisker Biscuit Power Shot Black Small RH/LH","KIN-48284","TROPHY RIDGE"
"250760","Trophy Ridge Whisker Biscuit Power Shot Black Medium RH/LH","KIN-48285","TROPHY RIDGE"
"250784","Trophy Ridge Whisker Biscuit Power Shot Realtree APG Medium RH/LH","KIN-48288","TROPHY RIDGE"
"246565","Ramcat Broadheads Replacement Blades 100 gr. 9 pk.","KIN-48303","RAMCAT"
"251871","Bohning Top Mount Crossbow Quiver Mount","KIN-48330","BOHNING"
"248590","Hot Shot Accu-Peep Green 3/16 in.","KIN-48340","Hot Shot Manufacturing"
"251007","AAE Lube Tube","KIN-4838","AAE"
"251352","Carter 2 Moons Release 3 Finger Large","KIN-48381","Carter"
"246216","Velox Optimus Broadheads 125 gr. 3 pk.","KIN-48417","ALLEN"
"246241","Velox Optimus Broadheads 100 gr. 3 pk.","KIN-48422","ALLEN"
"250659","QAD UltraRest HDX Mossy Oak Infinity RH","KIN-48440","QAD"
"250708","QAD UltraRest HDX Blue RH","KIN-48442","QAD"
"250709","QAD UltraRest HDX Green RH","KIN-48443","QAD"
"250924","AAE ProBlade Target Rest Black RH","KIN-48449","AAE"
"249990","Bee Stinger Freestyle Weights Stainless 1 oz. 3 pk.","KIN-48557","Bee Stinger"
"250049","Bee Stinger Freestyle Weights Black 1 oz. 3 pk.","KIN-48558","Bee Stinger"
"250660","Trophy Taker Smackdown Pro Rest Black LH","KIN-48561","Trophy Taker"
"250637","Trophy Taker XTremeFC Pro Rest Black RH","KIN-48588","Trophy Taker"
"244261","Trophy Taker EZ Out Field Points 9/32 100 gr. 12 pk.","KIN-48608","Trophy Taker"
"244375","Trophy Taker EZ Out Field Points 5/16 100 gr. 12 pk.","KIN-48609","Trophy Taker"
"244376","Trophy Taker EZ Out Field Points 17/64 100 gr. 12 pk.","KIN-48610","Trophy Taker"
"244377","Trophy Taker EZ Out Field Points 19/64 100 gr. 12 pk.","KIN-48611","Trophy Taker"
"249676","X-Factor F-4 Stabilizer Black 4 in.","KIN-48640","X FACTOR"
"246395","Ramcat Deep Six Broadheads 100 gr. 3 pk.","KIN-48731","RAMCAT"
"246396","Ramcat Deep Six Broadheads 125 gr. 3 pk.","KIN-48732","RAMCAT"
"250224","TruGlo Loc-Down Quiver Black 4 Arrow","KIN-48808","Truglo"
"251996","Lumenok Crossbow Bolts 20 in. HD Orange Barnett w/Moon Nocks 3 pk.","KIN-48821","Lumenok"
"252037","Lumenok Crossbow Bolts 22 in. HD Orange Barnett w/Moon Nocks 3 pk.","KIN-48822","Lumenok"
"252126","Lumenok Crossbow Nocks HD Orange Flat Excalibur 3 pk.","KIN-48825","Lumenok"
"252173","Lumenok Crossbow Nocks Green Flat Excalibur 3 pk.","KIN-48826","Lumenok"
"252285","Lumenok FAST Arrow Squaring Tool","KIN-48831","Lumenok"
"246242","Wasp Queen Broadheads 3 Blade 75 gr. 3 pk.","KIN-48900","Wasp"
"252340","Neet True Shot Coach Black Small","KIN-48948","Neet"
"252341","Neet True Shot Coach Black Medium","KIN-48949","Neet"
"252331","Neet True Shot Coach Black Large","KIN-48950","Neet"
"248459","Specialty Archery Peep Aligner Kit for 1/8 in. Peeps","KIN-49064","SPECIALTY ARCHERY"
"248460","Specialty Archery Peep Aligner Kit for 1/4 in. Peeps","KIN-49065","SPECIALTY ARCHERY"
"248338","FirstString Premium String Kit Green/Brown Mathews Outback","KIN-49085","First String"
"248346","FirstString Premium String Kit Green/Brown PSE Stinger NI","KIN-49090","First String"
"248339","FirstString Premium String Kit Green/Brown Bear Lights Out","KIN-49091","First String"
"248347","FirstString Premium String Kit Green/Brown Hoyt CRX 32","KIN-49092","First String"
"246137","Magnus Stinger Broadheads 2 Blade 85 gr. 3 pk.","KIN-49223","Magnus"
"246243","Magnus Stinger Broadheads 2 Blade 150 gr. 3 pk.","KIN-49224","Magnus"
"246597","Magnus Bullhead Quiver Adapter 100 gr. 3 pk.","KIN-49225","Magnus"
"246443","Magnus Killer Bee Broadheads 2 Blade 125 gr. 3 pk.","KIN-49251","Magnus"
"246593","Magnus Bullhead Bow Kit 100 gr.","KIN-49258","Magnus"
"246602","Magnus Bullhead Bow Kit 125 gr.","KIN-49259","Magnus"
"249325","Mathews Dead End String Stop Long Draw","KIN-49318","MATHEWS"
"249125","Mathews Focus Grip Green RH","KIN-49330","MATHEWS"
"249126","Mathews Focus Grip Orange RH","KIN-49332","MATHEWS"
"249136","Mathews Focus Grip Red RH","KIN-49338","MATHEWS"
"249326","Mathews Finger Suppressors Black 1 pr.","KIN-49348","MATHEWS"
"249314","Mathews Finger Suppressors Green 1 pr.","KIN-49350","MATHEWS"
"249309","Mathews Finger Suppressors Orange 1 pr.","KIN-49351","MATHEWS"
"249315","Mathews Finger Suppressors Pink 1 pr.","KIN-49352","MATHEWS"
"249316","Mathews Finger Suppressors Red 1 pr.","KIN-49354","MATHEWS"
"249379","MAT 3/4in Dmpr Bdy Pkg Rd Mathews Dealer Only","KIN-49362","MATHEWS"
"249400","Mathews Damper Body Blue 3/8 in. 2 pk.","KIN-49365","MATHEWS"
"249358","Mathews Damper Body Green 3/8 in. 2 pk.","KIN-49366","MATHEWS"
"249359","Mathews Damper Body Orange 3/8 in. 2 pk.","KIN-49367","MATHEWS"
"249360","Mathews Damper Body Red 3/8 in. 2 pk.","KIN-49370","MATHEWS"
"249361","Mathews Damper Body Lite Blue 3/8 in. 2 pk.","KIN-49373","MATHEWS"
"249417","Mathews Damper Body Lite Green 3/8 in. 2 pk.","KIN-49374","MATHEWS"
"249401","Mathews Damper Body Lite Orange 3/8 in. 2 pk.","KIN-49375","MATHEWS"
"249402","Mathews Damper Body Lite Red 3/8 in. 2 pk.","KIN-49378","MATHEWS"
"249418","Mathews Roller Guard Dampers Green 5 pk.","KIN-49383","MATHEWS"
"249362","Mathews Roller Guard Dampers Orange 5 pk.","KIN-49384","MATHEWS"
"249380","Mathews Roller Guard Dampers Red 5 pk.","KIN-49387","MATHEWS"
"249403","Mathews Roller Guard Dampers Yellow 5 pk.","KIN-49388","MATHEWS"
"249317","Mathews Dead End Stopper Replacement Green","KIN-49391","MATHEWS"
"248694","Mathews Monkey Tail String Silencers Blue 4 pk.","KIN-49400","MATHEWS"
"248722","Mathews Monkey Tail String Silencers Green 4 pk.","KIN-49401","MATHEWS"
"248749","Mathews Monkey Tail String Silencers Orange 4 pk.","KIN-49402","MATHEWS"
"248750","Mathews Monkey Tail String Silencers Pink 4 pk.","KIN-49403","MATHEWS"
"248695","Mathews Monkey Tail String Silencers Purple 4 pk.","KIN-49404","MATHEWS"
"248696","Mathews Monkey Tail String Silencers Red 4 pk.","KIN-49405","MATHEWS"
"248723","Mathews Monkey Tail String Silencers Yellow 4 pk.","KIN-49406","MATHEWS"
"248751","Mathews Monkey Tail String Silencers Black 4 pk.","KIN-49407","MATHEWS"
"248752","Mathews Monkey Tail String Silencers Black 250 pk.","KIN-49409","MATHEWS"
"247384","Zebra Trophy String DXT Speckled 86 1/4 in.","KIN-49426","ZEBRA"
"247385","Zebra Trophy String Z7 Tan/Red 86 7/8 in.","KIN-49428","ZEBRA"
"247386","Zebra Trophy String Switchback XT Speckled 87 3/4 in.","KIN-49430","ZEBRA"
"247287","Zebra Trophy String Heli M Tan/Cedar 88 in.","KIN-49431","ZEBRA"
"247360","Zebra Trophy String Outback Speckled 90 3/8 in.","KIN-49432","ZEBRA"
"247361","Zebra Trophy String Reezen Speckled 90 3/4 in.","KIN-49433","ZEBRA"
"247362","Zebra Trophy String EZ7 Tan/Red 90 7/8 in.","KIN-49434","ZEBRA"
"247387","Zebra Trophy String Drenalin Speckled 91 5/8 in.","KIN-49436","ZEBRA"
"247388","Zebra Trophy String Switchback Speckled 91 3/4 in.","KIN-49437","ZEBRA"
"247389","Zebra Trophy String LX Speckled 98 5/8 in.","KIN-49438","ZEBRA"
"247223","Zebra Trophy String Monster/Monster 7 Tan 59 1/8in","KIN-49442","ZEBRA"
"247390","Zebra Trophy String MR Series Tan 62 3/4 in.","KIN-49443","ZEBRA"
"247586","Zebra Trophy Yoke Monster Series Tan 12 in.","KIN-49444","ZEBRA"
"247587","Zebra Trophy Control Cable MR Series Tan 30 3/8 in.","KIN-49445","ZEBRA"
"247522","Zebra Trophy Split Cable Z7 Extreme Tan 30 1/2 in.","KIN-49446","ZEBRA"
"247485","Zebra Trophy Split Cable DXT Speckled 32 1/4 in.","KIN-49448","ZEBRA"
"247523","Zebra Trophy Split Cable Z7 Tan 32 1/2 in.","KIN-49450","ZEBRA"
"247455","Zebra Trophy Split Cable SB XT Speckled 33 1/2 in.","KIN-49453","ZEBRA"
"247524","Zebra Trophy Split Cable Outback Speckled 33 3/4 in.","KIN-49454","ZEBRA"
"247456","Zebra Trophy Split Cable Reezen Speckled 34 1/2 in.","KIN-49456","ZEBRA"
"247457","Zebra Trophy Split Cable Switchback Speckled 35 1/2 in.","KIN-49458","ZEBRA"
"247536","Zebra Trophy Split Cable Drenalin Speckled 35 5/8 in.","KIN-49459","ZEBRA"
"247537","Zebra Trophy Split Cable LX Speckled 37 5/8 in.","KIN-49460","ZEBRA"
"247486","Zebra Trophy Split Cable Ovation Speckled 41 7/8 in.","KIN-49462","ZEBRA"
"247364","Zebra Hybrid String DXT Tan/White 86 1/4 in.","KIN-49492","ZEBRA"
"247288","Zebra Hybrid String Z7 Tan/Red 86 7/8 in.","KIN-49494","ZEBRA"
"247365","Zebra Hybrid String HeliM Tan/Yellow 88 in.","KIN-49495","ZEBRA"
"247392","Zebra Hybrid String Monster/Monster 7 Tan 59 1/8in","KIN-49496","ZEBRA"
"247488","Zebra Hybrid Split Cable DXT Speckled 32 1/4 in.","KIN-49499","ZEBRA"
"247525","Zebra Hybrid Split Cable Z7/Passion Tan 32 1/2 in.","KIN-49501","ZEBRA"
"247393","Zebra Hybrid String Craze Orange/Black 55 7/8 in.","KIN-49503","ZEBRA"
"247394","Zebra Hybrid String Riot Orange/Black 58 7/8 in.","KIN-49507","ZEBRA"
"247458","Zebra Hybrid Split Cable Black 33 7/8 in.","KIN-49508","ZEBRA"
"247459","Zebra Hybrid Split Cable Craze Black 31 in.","KIN-49510","ZEBRA"
"247489","Zebra Hybrid Split Cable Venture Black 32 7/8 in.","KIN-49511","ZEBRA"
"244262","Saunders Combo Points 9/32 85 gr. 12 pk.","KIN-4976","SAUNDERS"
"249330","Mathews Dead End Stopper Replacement Black","KIN-49762","MATHEWS"
"244354","Saunders Combo Points 5/16 85 gr. 12 pk.","KIN-4977","SAUNDERS"
"244378","Saunders Combo Points 9/32 100 gr. 12 pk.","KIN-4980","SAUNDERS"
"244355","Saunders Combo Points 5/16 100 gr. 12 pk.","KIN-4981","SAUNDERS"
"244379","Saunders Combo Points 21/64 100 gr. 12 pk.","KIN-4982","SAUNDERS"
"244356","Saunders Combo Points 11/32 100 gr. 12 pk.","KIN-4983","SAUNDERS"
"244263","Saunders Combo Points 9/32 125 gr. 12 pk.","KIN-4984","SAUNDERS"
"244357","Saunders Combo Points 5/16 125 gr. 12 pk.","KIN-4985","SAUNDERS"
"244301","Saunders Combo Points 11/32 125 gr. 12 pk.","KIN-4987","SAUNDERS"
"246165","Magnus Stinger Buzzcut Broadheads 4 Blade 150 gr. 3 pk.","KIN-49922","Magnus"
"244031","Nockturnal Lighted Nocks Blue G 3 pk.","KIN-49965","NOCKTURNAL"
"251997","Lumenok Crossbow Bolts 20 in. HD Orange Capture 3 pk.","KIN-49995","Lumenok"
"252127","Lumenok Crossbow Nocks Green Moon Gold Tip 3 pk.","KIN-49996","Lumenok"
"252187","Lumenok Crossbow Nocks Green Flat Gold Tip 3 pk.","KIN-49997","Lumenok"
"252128","Lumenok Crossbow Nocks Green Flat Easton/Beman 3 pk.","KIN-49999","Lumenok"
"246166","Wasp Hammer Broadheads 3 Blade 75 gr. 3 pk.","KIN-50212","Wasp"
"246217","Wasp Hammer Broadheads 3 Blade 125 gr. 3 pk.","KIN-50213","Wasp"
"250778","TruGlo Down Draft Arrow Rest Black RH/LH","KIN-50451","Truglo"
"251402","TruGlo BOA Universal Release Strap Camo","KIN-50454","Truglo"
"250050","Bee Stinger Freestyle Weights Black 4 oz. 1 pk.","KIN-50480","Bee Stinger"
"248860","Bohning String Shield Wax .25 oz.","KIN-50497","BOHNING"
"251011","Third Hand Score Card Holder Delta McKenzie","KIN-50503756","Third Hand"
"245284","Bohning Blazer Bond 1 oz.","KIN-50504","BOHNING"
"243898","Bohning Blazer F Nocks Neon Orange 12 pk.","KIN-50510","BOHNING"
"243860","Bohning Blazer F Nocks White 12 pk.","KIN-50511","BOHNING"
"245125","Bohning HD Arrow Wraps Stars and Stripes 4 in. 13 pk.","KIN-50516","BOHNING"
"245126","Bohning HD Arrow Wraps Whitetail Hunter 4 in. 13 pk.","KIN-50517","BOHNING"
"245152","Bohning Blazer Arrow Wraps Reflective 4 in. 13 pk.","KIN-50518","BOHNING"
"251242","Carter Too Simple Release 3 Finger","KIN-50542","Carter"
"251269","Carter Too Simple Release 4 Finger","KIN-50543","Carter"
"251182","Scott Caliper Grip Release Black","KIN-50546","Scott"
"251363","Scott Longhorn Hex Release Realtree Strap","KIN-50592","Scott"
"251394","Scott Replacement Buckle Strap Nylon Connector Black","KIN-50596","Scott"
"250101","Shrewd Double Adjustable V-Bar Gloss Black","KIN-50791","Shrewd Archery"
"250829","Cir-Cut Traditional Rug Rest","KIN-50855","Cir-Cut"
"250603","Gibbs Super Vane/Fletch Protector Cover","KIN-50875","Gibbs"
"249249","Outdoor Prostaff Wrist Sling Deer Skull","KIN-50900","Outdoor Prostaff"
"249250","Outdoor Prostaff Wrist Sling Lost Camo","KIN-50902","Outdoor Prostaff"
"250186","Kwikee Kwiver Combo Quiver Lost AT 4 Arrow","KIN-50961","KWIKEE KWIVER"
"250661","Vapor Trail Limb Driver Pro-V Rest Black/Red LH","KIN-50970","Vapor Trail"
"252261","Outer Limit Stretch D Loop Pliers","KIN-54249","Outer Limit"
"249117","OuterLimit Moto Serving Tool","KIN-54250","Outer Limit"
"249115","OuterLimit Serving Jig","KIN-54251","Outer Limit"
"244489","Easton Glue On Target Points Scout 100 pk.","KIN-54274","Easton"
"245467","VaneTec V-Max Vanes White 4 in. 100 pk.","KIN-54339","Vanetec"
"245975","VaneTec V-Max Vanes Flo. Yellow 4 in. 100 pk.","KIN-54340","Vanetec"
"245921","VaneTec V-Max Vanes Flo. Green 4 in. 100 pk.","KIN-54341","Vanetec"
"245645","VaneTec V-Max Vanes Flo. Orange 4 in. 100 pk.","KIN-54342","Vanetec"
"245922","VaneTec V-Max Vanes Raspberry Red 4 in. 100 pk.","KIN-54343","Vanetec"
"251188","Spot Hogg Wise Guy Release Rigid Buckle Black","KIN-54507","Spot-Hogg"
"249677","Limbsaver S-Coil Stabilizer Camouflage 4.5 in.","KIN-54524","LIMBSAVER"
"249678","Limbsaver S-Coil Stabilizer Black 4.5 in.","KIN-54525","LIMBSAVER"
"248770","Limbsaver Everlast String Leech Red 4 pk.","KIN-54533","LIMBSAVER"
"251301","Hot Shot Tempest Release 4 Finger Red","KIN-54568","Hot Shot Manufacturing"
"246866","Genesis Bow Set Lost RH","KIN-54657","Genesis"
"247852","Excalibur Standard String Pre-2001 Crossbows","KIN-5474","Excalibur"
"251846","Excalibur Rope Cocking Aid Universal","KIN-5476","Excalibur"
"244168","Carbon Express Pin Nock Adapters CXL Pro 250-350 12 pk.","KIN-55103","CARBON EXPRESS"
"250785","Trophy Ridge Whisker Biscuit Original Quick Shot Black Medium RH","KIN-55317","TROPHY RIDGE"
"248697","Limbsaver Everlast String Leech Blue 4 pk.","KIN-55330","LIMBSAVER"
"248753","Limbsaver Everlast String Leech Green 4 pk.","KIN-55331","LIMBSAVER"
"248698","Limbsaver Everlast String Leech Pink 4 pk.","KIN-55333","LIMBSAVER"
"244439","Easton Glue In NIBB Points 1914 64 gr. 12 pk.","KIN-55369","Easton"
"244594","Easton Glue In NIBB Points 2114 78 gr. 12 pk.","KIN-55370","Easton"
"244490","Easton Glue In Bullet Points 2314 100 gr. 12 pk.","KIN-55371","Easton"
"244559","Easton Glue In NIBB Points 2212 102 gr. 12 pk.","KIN-55372","Easton"
"244169","Easton Uni Bushings Genesis 12 pk.","KIN-55380","Easton"
"246585","G5 Vault Broadhead Case","KIN-55463","G5 OUTDOORS"
"251882","Excalibur Ex-Lube Rail Lube","KIN-55481","Excalibur"
"250989","Excalibur T-Handle Arrow Puller","KIN-55484","Excalibur"
"244648","Carbon Express Point Weights Adjustment Wrench","KIN-55539","CARBON EXPRESS"
"243756","Carbon Express Inserts Type 0 100 pk.","KIN-55554","CARBON EXPRESS"
"244595","Carbon Express Pin Points CXL Pro 250-350 80 gr. 12 pk.","KIN-55556","CARBON EXPRESS"
"244596","Carbon Express Pin Points CXL Pro 250-350 120 gr. 12 pk.","KIN-55557","CARBON EXPRESS"
"243814","Carbon Express Inserts LineJammer Pro 12 pk.","KIN-55558","CARBON EXPRESS"
"244440","Carbon Express Pin Points LineJammer Pro 100 gr. 12 pk.","KIN-55559","CARBON EXPRESS"
"244560","Carbon Express Pin Points LineJammer Pro 150 gr. 12 pk.","KIN-55560","CARBON EXPRESS"
"244597","Carbon Express Pin Points X-Jammer 210 gr. 12 pk.","KIN-55561","CARBON EXPRESS"
"251925","Carbon Express Release Bolt w/Moon Nock 22 in. 1 pk.","KIN-55572","CARBON EXPRESS"
"243796","Easton 4mm Deep Six HIT Inserts 12 pk.","KIN-55621","Easton"
"243951","Easton 5mm X Nocks Red 12 pk.","KIN-55623","Easton"
"243952","Easton 6mm H Nocks Red 12 pk.","KIN-55624","Easton"
"243899","Easton N Nocks White 12 pk.","KIN-55625","Easton"
"243861","Easton N Nocks Green 12 pk.","KIN-55626","Easton"
"249327","KTech KSB1 String Stop Bracket w/Rod Lost 5 in.","KIN-55741","Ktech"
"249099","Brownell Cable Fix White .005 100 yds.","KIN-55891","Brownell"
"245250","VaneTec VT2000 Fletching Glue .7 oz.","KIN-56135","Vanetec"
"245646","VaneTec Swift Vanes White 2.88 in. 100 pk.","KIN-56136","Vanetec"
"245988","VaneTec Swift Vanes Neon Green 2.88 in. 100 pk.","KIN-56138","Vanetec"
"245468","VaneTec Swift Vanes Neon Orange 2.88 in. 100 pk.","KIN-56139","Vanetec"
"245647","VaneTec Swift Vanes Ras Red 2.88 in. 100 pk.","KIN-56140","Vanetec"
"244264","Gold Tip EZ-Pull Points 9/32 85 gr. 12 pk.","KIN-56142","Gold Tip"
"244265","Gold Tip EZ-Pull Points 9/32 100 gr. 12 pk.","KIN-56143","Gold Tip"
"244302","Gold Tip EZ-Pull Points 9/32 125 gr. 12 pk.","KIN-56144","Gold Tip"
"243900","Gold Tip GT Series Nocks Ruby 12 pk.","KIN-56145","Gold Tip"
"243797","Gold Tip .246 Inserts Brass 100 gr. 12 pk.","KIN-56149","Gold Tip"
"252375","Last Chance EZ Vise","KIN-56452","Last Chance Archery"
"252376","Last Chance EZ Green Vise","KIN-56453","Last Chance Archery"
"251897","Barnett Lubewax 3 pk.","KIN-56533","Barnett"
"246362","NAP Spitfire Maxx Broadheads 125 gr. 3 pk.","KIN-56582","New Archery Products"
"245319","NAP Quikfletch w/Quikspin Vanes Black Tube White/Orange 6 pk.","KIN-56590","New Archery Products"
"246372","NAP Killzone C.O.C. Broadheads 100 gr. 3 pk.","KIN-56676","New Archery Products"
"251190","Hot Shot Nano Index Finger Release Buckle Black","KIN-56717","Hot Shot Manufacturing"
"252230","Last Chance Limb Adapters","KIN-56721","Last Chance Archery"
"251243","Spot Hogg Whipper Snapper Release Open Jaw 4 Finger","KIN-56732","Spot-Hogg"
"251244","Spot Hogg Whipper Snapper Release Closed Jaw 3 Finger","KIN-56733","Spot-Hogg"
"251308","Spot Hogg Whipper Snapper Release Closed Jaw 4 Finger","KIN-56734","Spot-Hogg"
"250960","Spot Hogg The Edge Rest Black RH","KIN-56735","Spot-Hogg"
"250907","Spot Hogg The Edge Rest Black LH","KIN-56736","Spot-Hogg"
"251302","Hot Shot Eclipse Release 4 Finger Black","KIN-56943","Hot Shot Manufacturing"
"251147","TRU Ball Assassin Release Bone Collector Buckle Large","KIN-56961","Tru Ball"
"251890","Scorpion Venom Crossbow Care Kit","KIN-57180","Scorpion Venom"
"246473","Zwickey Judo Points Screw In 125 gr. 2 pk.","KIN-57207700","Zwickey"
"246474","Zwickey Judo Points Glue On 135 gr. 2 pk.","KIN-57207711","Zwickey"
"248754","October Mountain String Silencers Red 2 pk.","KIN-57317","OCTOBER MOUNTAIN"
"248724","October Mountain String Silencers Red 85 ft.","KIN-57318","OCTOBER MOUNTAIN"
"248902","October Mountain Turbo Button 2.0 Pink 5 pk.","KIN-57321","OCTOBER MOUNTAIN"
"248903","October Mountain Turbo Button 2.0 Blue 5 pk.","KIN-57322","OCTOBER MOUNTAIN"
"248904","October Mountain Turbo Button 2.0 Pink 100 pk.","KIN-57323","OCTOBER MOUNTAIN"
"248885","October Mountain Turbo Button 2.0 Blue 100 pk.","KIN-57324","OCTOBER MOUNTAIN"
"251883","October Mountain Rail Lube/Wax Combo","KIN-57335","OCTOBER MOUNTAIN"
"252377","October Mountain Versa Cradle Bow Vise and Versa Clamp Combo","KIN-57337","OCTOBER MOUNTAIN"
"251583","Fin Finder Hydro-Tek Nock Orange 6 pk.","KIN-57338","Fin-Finder"
"248699","Fin-Finder String Silencers Blue 1 pr.","KIN-57339","Fin-Finder"
"251679","Fin Finder Hydro-Shot Finger Savers Pink 2 pk.","KIN-57348","Fin-Finder"
"252361","October Mountain Versa Cradle Versa Clamp","KIN-57349","OCTOBER MOUNTAIN"
"250605","October Mountain Traditional Suede Hip/Back Quiver RH/LH","KIN-57372","OCTOBER MOUNTAIN"
"247975","October Mountain Crossbow Split Cables 23 1/4 in. Barnett","KIN-57417","OCTOBER MOUNTAIN"
"247674","October Mountain Crossbow String 37.875 in. Barnett Jackal","KIN-57419","OCTOBER MOUNTAIN"
"248052","October Mountain Crossbow Split Cables 27.875 in. Barnett","KIN-57420","OCTOBER MOUNTAIN"
"247831","October Mountain Crossbow String 40.875 in. Barnett Ghost 400","KIN-57421","OCTOBER MOUNTAIN"
"247976","October Mountain Crossbow Split Cables 23 1/2 in. Barnett","KIN-57422","OCTOBER MOUNTAIN"
"248053","October Mountain Crossbow Split Cables 29.125 in. Revolution XS","KIN-57423","OCTOBER MOUNTAIN"
"247675","October Mountain Crossbow String 37 3/4 in. Carbon Express","KIN-57424","OCTOBER MOUNTAIN"
"247924","October Mountain Crossbow Split Cables 28.3125 in. Carbon Express","KIN-57425","OCTOBER MOUNTAIN"
"247729","October Mountain Crossbow String 38 in. Arrow Precision","KIN-57426","OCTOBER MOUNTAIN"
"248042","October Mountain Crossbow Cables 24 in. Carbon Express","KIN-57429","OCTOBER MOUNTAIN"
"247853","October Mountain Crossbow String 17 1/2 in. PSE Copperhead TS","KIN-57430","OCTOBER MOUNTAIN"
"248054","October Mountain Crossbow Control Cables 21.6875 in. Stryker","KIN-57431","OCTOBER MOUNTAIN"
"247854","October Mountain Crossbow String 40 in. Stryker Strykeforce","KIN-57432","OCTOBER MOUNTAIN"
"248055","October Mountain Crossbow Control Cables 22.375 in. Stryker Strykeforce","KIN-57433","OCTOBER MOUNTAIN"
"247730","October Mountain Crossbow String 45.6563 in. Stryker Stryker","KIN-57434","OCTOBER MOUNTAIN"
"248043","October Mountain Crossbow Control Cables 32.625 in. Stryker Stryker","KIN-57435","OCTOBER MOUNTAIN"
"247855","October Mountain Crossbow String Recurve 26 1/2 in.","KIN-57436","OCTOBER MOUNTAIN"
"247856","October Mountain Crossbow String 35 1/2 in.","KIN-57437","OCTOBER MOUNTAIN"
"247731","October Mountain Crossbow String 37 in. Universal","KIN-57438","OCTOBER MOUNTAIN"
"248861","October Mountain Bowstring Wax Counter Display 1 oz. 10 pk.","KIN-57443","OCTOBER MOUNTAIN"
"251555","Fin Finder Typhoon Bowfishing Point","KIN-57454","Fin-Finder"
"246552","Ramcat Broadheads Replacement Blades 125 gr. 9 pk.","KIN-57491","RAMCAT"
"246475","Zwickey Judo Points Screw In 100 gr. 2 pk.","KIN-5750","Zwickey"
"251120","Carter Whatever Release Scott Buckle Strap","KIN-57500","Carter"
"245285","30-06 Insert Weld Insert Glue .5 oz.","KIN-57571","30-06"
"248862","30-06 String Snot Bowstring Wax","KIN-57572","30-06"
"249150","30-06 Bow Snot Oiler Pen CP","KIN-57573","30-06"
"251008","30-06 Arrow Snot Arrow Release Fluid","KIN-57574","30-06"
"251884","30-06 Rail Snot Crossbow Rail Lube 1 oz.","KIN-57575","30-06"
"244491","Easton Glue In Bullet Points 1416 52 gr. 12 pk.","KIN-5759","Easton"
"244441","Easton Glue In Bullet Points 1516 54 gr. 12 pk.","KIN-5760","Easton"
"244598","Easton Glue In Bullet Points 1616 63 gr. 12 pk.","KIN-5761","Easton"
"244442","Easton Glue In Bullet Points 1716 68 gr. 12 pk.","KIN-5762","Easton"
"244599","Easton Glue In Bullet Points 1816 74 gr. 12 pk.","KIN-5763","Easton"
"244443","Easton Glue In Bullet Points 1916 82 gr. 12 pk.","KIN-5764","Easton"
"244444","Easton Glue In NIBB Points 1416 46 gr. 12 pk.","KIN-5767","Easton"
"244561","Easton Glue In NIBB Points 1516 48 gr. 12 pk.","KIN-5769","Easton"
"248755","BowJax UltraJax I Sting Silencers Green 4 pk.","KIN-57750","Bow Jax"
"248700","BowJax UltraJax II String Silencers Green 4 pk.","KIN-57752","Bow Jax"
"249661","Axion GLZ Gridlock Lite Stabilizer Black 5 in.","KIN-57991","Axion"
"252065","Victory Voodoo Crossbow Bolts 20 in. Half Moon 3 pk.","KIN-58030","Victory"
"252066","Victory Voodoo Crossbow Bolts 22 in. Half Moon 3 pk.","KIN-58032","Victory"
"249228","Paradox Standard Bow Sling Midnight Camo","KIN-58065","Paradox"
"249260","Paradox Standard Bow Sling Neon Pink","KIN-58066","Paradox"
"249261","Paradox Standard Bow Sling Neon Green","KIN-58067","Paradox"
"249262","Outdoor Prostaff Wrist Sling Bowtech Logos","KIN-58080","Outdoor Prostaff"
"249263","Outdoor Prostaff Wrist Sling Black","KIN-58083","Outdoor Prostaff"
"248461","RAD Super Deuce 38 Peep Sight Red 3/16 in.","KIN-58143","Radical Archery Designs"
"248597","RAD Tru-Aligner w/Super Deuce 38 Black 3/16 in","KIN-58146","Radical Archery Designs"
"249229","Paradox Standard Bow Sling Solid Red","KIN-58151","Paradox"
"249196","Paradox Standard Bow Sling Black/Blue","KIN-58152","Paradox"
"249230","Paradox Standard Bow Sling Black/Red","KIN-58153","Paradox"
"249231","Paradox Standard Bow Sling Black/Neon Orange","KIN-58154","Paradox"
"249264","Paradox Standard Bow Sling Black/Neon Green","KIN-58155","Paradox"
"249265","Paradox Standard Bow Sling Black/Neon Pink","KIN-58156","Paradox"
"244445","Easton Glue In NIBB Points 2213 88 gr. 12 pk.","KIN-5819","Easton"
"248841","BCY 24 D-Loop Material Red 1m","KIN-58340","Bcy"
"248807","BCY 24 D-Loop Material Pink 1m","KIN-58341","Bcy"
"248832","BCY 24 D-Loop Material Neon Green 1m","KIN-58342","Bcy"
"247732","Excalibur Matrix String Black","KIN-58657","Excalibur"
"246418","Excalibur BoltCutter B.A.T Broadheads 150 gr. 3 pk.","KIN-58661","Excalibur"
"251970","Excalibur Diablo Crossbow Bolts 18 in. 6 pk.","KIN-58662","Excalibur"
"252046","Excalibur Diablo Crossbow Bolts 18 in. Illuminated Nocks 3 pk.","KIN-58664","Excalibur"
"248900","Pine Ridge Nitro Button XL Black 2 pk.","KIN-58695","PINE RIDGE"
"248905","Pine Ridge Nitro Button XL Red 2 pk.","KIN-58696","PINE RIDGE"
"244446","Easton A/C/C Glue In Points 3-39 100 gr. 12 pk.","KIN-5898","Easton"
"244447","Easton A/C/C Glue In Points 3-60 90 gr. 12 pk.","KIN-5922","Easton"
"243730","Easton A/C/C Half-Out Inserts 3-18 12 pk.","KIN-5925","Easton"
"251867","TenPoint Side Mount Quiver Bracket RH/LH","KIN-60683","TENPOINT"
"244654","Carbon Express Point Weights 20 gr. 12 pk.","KIN-60700","CARBON EXPRESS"
"244665","Carbon Express Point Weights 45 gr. 12 pk.","KIN-60701","CARBON EXPRESS"
"244562","Gold Tip Glue In Points Kinetic 400-500 100 gr. 12 pk.","KIN-60706","Gold Tip"
"244126","Gold Tip Pin Nock Bushings Kinetic 400-500 12 pk.","KIN-60707","Gold Tip"
"247676","October Mountain Crossbow String 32.125 in. Parker Concorde","KIN-60761","OCTOBER MOUNTAIN"
"247925","October Mountain Crossbow Split Cables 20.875 in. Parker Concorde","KIN-60762","OCTOBER MOUNTAIN"
"247677","October Mountain Crossbow String 34 1/4 in. Parker","KIN-60763","OCTOBER MOUNTAIN"
"248056","October Mountain Crossbow Split Cables 23 in. Parker","KIN-60764","OCTOBER MOUNTAIN"
"248044","October Mountain Crossbow Split Cables 25 1/2 in. Horton","KIN-60765","OCTOBER MOUNTAIN"
"247678","October Mountain Crossbow String 36 in. Stryker","KIN-60766","OCTOBER MOUNTAIN"
"247832","October Mountain Crossbow String 33 in. Horton ST114 Ultra-Lite","KIN-60768","OCTOBER MOUNTAIN"
"248682","October Mountain String Love 2.0 Kisser Button Orange 1 pk.","KIN-60769","OCTOBER MOUNTAIN"
"248633","October Mountain String Love 2.0 Kisser Button Red 1 pk","KIN-60770","OCTOBER MOUNTAIN"
"248634","October Mountain String Love 2.0 Kisser Button Pink 1 pk.","KIN-60771","OCTOBER MOUNTAIN"
"248644","October Mountain String Love 2.0 Kisser Button Yellow 1 pk.","KIN-60772","OCTOBER MOUNTAIN"
"248670","October Mountain String Love 2.0 Kisser Button Blue 1 pk.","KIN-60773","OCTOBER MOUNTAIN"
"248671","October Mountain String Love 2.0 Kisser Button Black 1 pk.","KIN-60774","OCTOBER MOUNTAIN"
"248645","October Mountain String Love 2.0 Kisser Button White 1 pk.","KIN-60775","OCTOBER MOUNTAIN"
"248646","October Mountain String Love 2.0 Kisser Button Green 1 pk.","KIN-60776","OCTOBER MOUNTAIN"
"248672","October Mountain String Love 2.0 Kisser Button Orange 25 pk.","KIN-60777","OCTOBER MOUNTAIN"
"248635","October Mountain String Love 2.0 Kisser Button Red 25 pk.","KIN-60778","OCTOBER MOUNTAIN"
"248683","October Mountain String Love 2.0 Kisser Button Pink 25 pk.","KIN-60779","OCTOBER MOUNTAIN"
"248673","October Mountain String Love 2.0 Kisser Button Yellow 25 pk.","KIN-60780","OCTOBER MOUNTAIN"
"248684","October Mountain String Love 2.0 Kisser Button Blue 25 pk.","KIN-60781","OCTOBER MOUNTAIN"
"248685","October Mountain String Love 2.0 Kisser Button Black 25 pk.","KIN-60782","OCTOBER MOUNTAIN"
"248674","October Mountain String Love 2.0 Kisser Button White 25 pk.","KIN-60783","OCTOBER MOUNTAIN"
"248675","October Mountain String Love 2.0 Kisser Button Green 25 pk.","KIN-60784","OCTOBER MOUNTAIN"
"251643","Fin Finder Splashlight Bowfishing Light","KIN-60790","Fin-Finder"
"251442","October Mountain Arrow Guard Arrow Tube","KIN-60791","OCTOBER MOUNTAIN"
"251507","Fin Finder Hydro-Guard Arrow Tube","KIN-60792","Fin-Finder"
"248701","October Mountain String Silencers Tan 2 pk.","KIN-60798","OCTOBER MOUNTAIN"
"245300","October Mountain STUCK Archery Adhesive 1 oz.","KIN-60800","OCTOBER MOUNTAIN"
"248725","October Mountain String Silencers White 85 ft.","KIN-60804","OCTOBER MOUNTAIN"
"248756","October Mountain String Silencers White 2 pk.","KIN-60805","OCTOBER MOUNTAIN"
"248771","October Mountain String Silencers Orange 85 ft.","KIN-60806","OCTOBER MOUNTAIN"
"248772","October Mountain String Silencers Orange 2 pk","KIN-60807","OCTOBER MOUNTAIN"
"248757","October Mountain String Silencers Flo Green 85 ft.","KIN-60808","OCTOBER MOUNTAIN"
"248758","October Mountain String Silencers Flo Green 2 pk.","KIN-60809","OCTOBER MOUNTAIN"
"248759","October Mountain String Silencers Flo Yellow 85 ft.","KIN-60810","OCTOBER MOUNTAIN"
"248726","October Mountain String Silencers Flo Yellow 2 pk.","KIN-60811","OCTOBER MOUNTAIN"
"248760","October Mountain String Silencers Purple 85 ft.","KIN-60812","OCTOBER MOUNTAIN"
"248727","October Mountain String Silencers Purple 2 pk.","KIN-60813","OCTOBER MOUNTAIN"
"248702","October Mountain String Silencers Pink 85 ft.","KIN-60814","OCTOBER MOUNTAIN"
"248703","October Mountain String Silencers Pink 2 pk.","KIN-60815","OCTOBER MOUNTAIN"
"252249","October Mountain Pro Shop Hex Wrench Set .050 - 3/16 in.","KIN-60832","OCTOBER MOUNTAIN"
"252252","October Mountain Pro Shop Hex Wrench Set 5/64 - 1/4 in.","KIN-60833","OCTOBER MOUNTAIN"
"251560","Fin Finder Big Head Replacement Tips 2 pk.","KIN-60842","Fin-Finder"
"250367","October Mountain Quiver Clip","KIN-60845","OCTOBER MOUNTAIN"
"251515","Fin Finder Raider Pro Bowfishing Arrow Orange w/Riptide Point","KIN-60850","Fin-Finder"
"251532","Fin Finder Raider Pro Bowfishing Arrow Orange w/Riptide Pro Point","KIN-60852","Fin-Finder"
"251572","Fin Finder Riptide Bowfishing Point","KIN-60862","Fin-Finder"
"251573","Fin Finder Riptide Pro Bowfishing Point","KIN-60863","Fin-Finder"
"251570","Fin Finder Big Head Bowfishing Point","KIN-60864","Fin-Finder"
"251561","Fin Finder Big Head Pro Bowfishing Point","KIN-60865","Fin-Finder"
"251574","Fin Finder Big Head Xtreme Bowfishing Point","KIN-60866","Fin-Finder"
"250424","October Mountain Quiver Belt","KIN-60869","OCTOBER MOUNTAIN"
"250368","October Mountain Hip Quiver 2-Tube Black RH/LH","KIN-60870","OCTOBER MOUNTAIN"
"250370","October Mountain Hip Quiver 2-Tube Pink RH/LH","KIN-60873","OCTOBER MOUNTAIN"
"250425","October Mountain Hip Quiver 3-Tube Black RH/LH","KIN-60874","OCTOBER MOUNTAIN"
"250476","October Mountain Hip Quiver 3-Tube Red RH/LH","KIN-60875","OCTOBER MOUNTAIN"
"250371","October Mountain Hip Quiver 3-Tube Blue RH/LH","KIN-60876","OCTOBER MOUNTAIN"
"250372","October Mountain Hip Quiver 3-Tube Pink RH/LH","KIN-60877","OCTOBER MOUNTAIN"
"250477","October Mountain Hip Quiver 3-Tube Camo RH/LH","KIN-60878","OCTOBER MOUNTAIN"
"250373","OctoberMountain Hip QuiverPro Pink 5 Tube RH","KIN-60882","OCTOBER MOUNTAIN"
"251581","Fin Finder Raider Nock Orange 6 pk.","KIN-60902","Fin-Finder"
"251582","Fin Finder Raider Nock Pink 6 pk.","KIN-60903","Fin-Finder"
"248676","October Mountain Kisser Button Clamps 100 pk.","KIN-60906","OCTOBER MOUNTAIN"
"248704","October Mountain String Silencers Blue 85 ft.","KIN-60909","OCTOBER MOUNTAIN"
"248705","October Mountain String Silencers Tan 85 ft.","KIN-60910","OCTOBER MOUNTAIN"
"248706","October Mountain VIBE String Silencers Purple/Green 85 ft.","KIN-60967","OCTOBER MOUNTAIN"
"248707","October Mountain VIBE String Silencers Purple/Green 2 pk.","KIN-60968","OCTOBER MOUNTAIN"
"248773","October Mountain VIBE String Silencers Blue/Black 85 ft.","KIN-60969","OCTOBER MOUNTAIN"
"248761","October Mountain VIBE String Silencers Blue/Black 2 pk.","KIN-60970","OCTOBER MOUNTAIN"
"248728","October Mountain VIBE String Silencers White/Black 85 ft.","KIN-60971","OCTOBER MOUNTAIN"
"248708","October Mountain VIBE String Silencers White/Black 2 pk.","KIN-60972","OCTOBER MOUNTAIN"
"248762","October Mountain VIBE String Silencers Yellow/Black 85 ft.","KIN-60973","OCTOBER MOUNTAIN"
"248774","October Mountain VIBE String Silencers Yellow/Black 2 pk.","KIN-60974","OCTOBER MOUNTAIN"
"248775","October Mountain VIBE String Silencers Black/Red 85 ft.","KIN-60975","OCTOBER MOUNTAIN"
"248729","October Mountain VIBE String Silencers Black/Red 2 pk.","KIN-60976","OCTOBER MOUNTAIN"
"248776","October Mountain VIBE String Silencers Green/Black 85 ft.","KIN-60977","OCTOBER MOUNTAIN"
"248730","October Mountain VIBE String Silencers Green/Black 2 pk.","KIN-60978","OCTOBER MOUNTAIN"
"248731","October Mountain VIBE String Silencers White/Neon Yellow 85 ft.","KIN-60979","OCTOBER MOUNTAIN"
"248709","October Mountain VIBE String Silencers White/Neon Yellow 2 pk.","KIN-60980","OCTOBER MOUNTAIN"
"248710","October Mountain VIBE String Silencers Brown/Red 85 ft.","KIN-60981","OCTOBER MOUNTAIN"
"248711","October Mountain VIBE String Silencers Brown/Red 2 pk.","KIN-60982","OCTOBER MOUNTAIN"
"248732","October Mountain VIBE String Silencers Green Pumpkin/Neon Yellow 85ft.","KIN-60983","OCTOBER MOUNTAIN"
"248733","October Mountain VIBE String Silencers Green Pumpkin/Neon Yellow 2 pk.","KIN-60984","OCTOBER MOUNTAIN"
"248647","October Mountain String Love 2.0 Kisser Button Purple 1 pk.","KIN-61013","OCTOBER MOUNTAIN"
"247833","October Mountain Crossbow String 40 in. Horton Fury","KIN-61016","OCTOBER MOUNTAIN"
"247926","October Mountain Crossbow Control Cables 16 1/2 in. Horton Fury","KIN-61017","OCTOBER MOUNTAIN"
"247927","October Mountain Crossbow Split Cables 23 1/4 in. Horton ST114","KIN-61018","OCTOBER MOUNTAIN"
"248842","October Mountain Release Loop Pink 100 ft.","KIN-61064","OCTOBER MOUNTAIN"
"248843","October Mountain Release Loop Blue 100 ft.","KIN-61065","OCTOBER MOUNTAIN"
"248844","October Mountain Release Loop White 100 ft.","KIN-61067","OCTOBER MOUNTAIN"
"248845","October Mountain Release Loop Fluorescent Yellow 100 ft.","KIN-61068","OCTOBER MOUNTAIN"
"248809","October Mountain Release Loop Pink 250 ft.","KIN-61072","OCTOBER MOUNTAIN"
"248833","October Mountain Release Loop Blue 250 ft.","KIN-61073","OCTOBER MOUNTAIN"
"248846","October Mountain Release Loop Red 250 ft","KIN-61074","OCTOBER MOUNTAIN"
"248810","October Mountain Release Loop White 250 ft.","KIN-61075","OCTOBER MOUNTAIN"
"248789","October Mountain Release Loop Fluorescent Yellow 250 ft.","KIN-61076","OCTOBER MOUNTAIN"
"248847","October Mountain Release Loop Orange 250 ft.","KIN-61077","OCTOBER MOUNTAIN"
"248848","October Mountain Release Loop Fluorescent Green 250 ft.","KIN-61078","OCTOBER MOUNTAIN"
"248686","October Mountain String Love 2.0 Kisser Button Purple 25 pk.","KIN-61085","OCTOBER MOUNTAIN"
"251083","October Mountain Flex Pro Stringer Recurve Pink","KIN-61088","OCTOBER MOUNTAIN"
"250710","QAD UltraRest HDX Red LH","KIN-61101","QAD"
"250728","QAD UltraRest HDX Pink LH","KIN-61102","QAD"
"247857","October Mountain Crossbow String 46.625 in. Barnett Vengeance","KIN-61113","OCTOBER MOUNTAIN"
"247928","October Mountain Crossbow Control Cables 17.625 in. Barnett Vengeance","KIN-61114","OCTOBER MOUNTAIN"
"251680","Fin Finder Hydro-Shot Finger Savers Glow In The Dark 2 pk.","KIN-61117","Fin-Finder"
"242957","October Mountain Youth Fiberglass Arrows 26 in. 3 pk.","KIN-61143","OCTOBER MOUNTAIN"
"250478","October Mountain Mission Craze Hip Quiver Lost AT RH/LH","KIN-61145","OCTOBER MOUNTAIN"
"243757","Carbon Express Half-Out Inserts .203 #1 12 pk.","KIN-61215","CARBON EXPRESS"
"243862","Carbon Express TCX Nocks Green 12 pk.","KIN-61216","CARBON EXPRESS"
"243901","Carbon Express LaunchPad Nocks Clear .244 12 pk.","KIN-61228","CARBON EXPRESS"
"243902","Carbon Express LaunchPad Nocks Green .244 12 pk.","KIN-61229","CARBON EXPRESS"
"243903","Carbon Express LaunchPad Nocks Orange .244 12 pk.","KIN-61230","CARBON EXPRESS"
"251971","Carbon Express Mayhem Crossbow Bolts 20 in. Moon/Flat 6 pk.","KIN-61245","CARBON EXPRESS"
"251998","Carbon Express Mayhem Crossbow Bolts 22 in. Moon/Flat 6 pk.","KIN-61246","CARBON EXPRESS"
"251999","Carbon Express Piledriver Crossbow Bolts 22 in. Moon 6pk","KIN-61251","CARBON EXPRESS"
"243904","Carbon Express LaunchPad Nocks Green .234 12 pk.","KIN-61265","CARBON EXPRESS"
"243815","Easton CB Inserts Silver 100 pk.","KIN-61306","Easton"
"243953","Easton 6.5mm MicroLite Super Nocks Yellow 12 pk.","KIN-61308","Easton"
"243954","Easton 5mm X Nocks Bone 12 pk.","KIN-61309","Easton"
"244601","Easton Glue In NIBB Points 1716 60 gr. 12 pk.","KIN-61315","Easton"
"244448","Easton Glue In NIBB Points 1816 63 gr. 12 pk.","KIN-61316","Easton"
"252215","Easton .297 Carbon Bolt Inserts 12 pk.","KIN-61329","Beman"
"245469","Easton Diamond Vanes Green 380 100 pk.","KIN-61330","Easton"
"245470","Easton Diamond Vanes Black 380 100 pk.","KIN-61331","Easton"
"245471","Easton Diamond Vanes Orange 380 100 pk.","KIN-61332","Easton"
"245648","Easton Diamond Vanes White 380 100 pk.","KIN-61335","Easton"
"245989","Easton Diamond Vanes Yellow 380 100 pk.","KIN-61336","Easton"
"251872","TenPoint 3 Arrow Instant Detach Quiver Black","KIN-61433","TENPOINT"
"246292","NAP Killzone C.O.C. Broadheads 125 gr. 3 pk.","KIN-61451","New Archery Products"
"246293","NAP Killzone Trophy Tip Broadheads 125 gr. 3 pk.","KIN-61452","New Archery Products"
"246294","NAP Killzone Maxx C.O.C. Broadheads 100 gr. 3 pk","KIN-61453","New Archery Products"
"246566","NAP Replacement Blades KillZone Trophy Tip 100 gr. 6 pk.","KIN-61456","New Archery Products"
"246218","NAP HellRazor Broadheads 100 gr. 3 pk.","KIN-61461","New Archery Products"
"246167","NAP HellRazor Broadheads 125 gr. 3 pk.","KIN-61462","New Archery Products"
"246438","NAP Killzone C.O.C. Broadheads Crossbow 100 gr. 3 pk.","KIN-61463","New Archery Products"
"245313","NAP Quikfletch w/Blazer Vanes White/Yellow 6 pk.","KIN-61470","New Archery Products"
"246373","Rage Hypodermic Broadheads 100 gr. 3 pk.","KIN-61527","RAGE"
"250567","TRU Ball Release Pouch Black","KIN-61660","Tru Ball"
"251245","TRU Ball Champ Release 3 Finger Black Small","KIN-61671","Tru Ball"
"248963","Brownell Rhino String Material Black 1/4 lb.","KIN-61708","Brownell"
"249420","Limbsaver Broadband Dampeners Solid Limb Camouflage 2 pk.","KIN-61714","LIMBSAVER"
"249404","Limbsaver Broadband Dampeners Solid Limb Green 2 pk.","KIN-61715","LIMBSAVER"
"249363","Limbsaver Broadband Dampeners Solid Limb Purple 2 pk.","KIN-61716","LIMBSAVER"
"249405","Limbsaver Broadband Dampeners Solid Limb Pink 2 pk.","KIN-61718","LIMBSAVER"
"249421","Limbsaver Broadband Dampeners Solid Limb Red 2 pk.","KIN-61719","LIMBSAVER"
"249406","Limbsaver Broadband Dampeners Solid Limb Orange 2 pk.","KIN-61720","LIMBSAVER"
"249422","Limbsaver Broadband Dampeners Split Limb Black 2 pk.","KIN-61721","LIMBSAVER"
"249423","Limbsaver Broadband Dampeners Split Limb Camouflage 2 pk.","KIN-61722","LIMBSAVER"
"249424","Limbsaver Broadband Dampeners Split Limb Green 2 pk.","KIN-61723","LIMBSAVER"
"249407","Limbsaver Broadband Dampeners Split Limb Pink 2 pk.","KIN-61725","LIMBSAVER"
"249408","Limbsaver Broadband Dampeners Split Limb Red 2 pk.","KIN-61726","LIMBSAVER"
"248763","Limbsaver Everlast String Leech Orange 4 pk.","KIN-61742","LIMBSAVER"
"242952","Gold Tip Fiberglass Arrows Black 1 doz.","KIN-61806","Gold Tip"
"244151","Gold Tip Accu-Bushing GTO Nock Kinetic 200-340 12 pk.","KIN-61808","Gold Tip"
"244152","Gold Tip Accu-Bushing GTO Nock Kinetic 400-600 12 pk.","KIN-61809","Gold Tip"
"244153","Gold Tip Nock Bushings Series 22 12 pk.","KIN-61810","Gold Tip"
"244170","Gold Tip Nock Bushings X-Cutter 12 pk.","KIN-61811","Gold Tip"
"244154","Gold Tip Nock Bushings 30X 12 pk.","KIN-61812","Gold Tip"
"244127","Gold Tip Nock Bushings Triple X 12 pk.","KIN-61813","Gold Tip"
"244655","Gold Tip FACT Weight Modules 50 gr. 12 pk.","KIN-61814","Gold Tip"
"243905","Gold Tip GT Series Nocks Pink 12 pk.","KIN-61816","Gold Tip"
"252174","Gold Tip Crossbow Nocks Green Moon .300 12 pk.","KIN-61817","Gold Tip"
"248777","Apex Doubledown String Silencers Black 4 pk.","KIN-61859","APEX"
"248886","Pine Ridge Nitro Button XL Lime Green 2 pk.","KIN-61977","PINE RIDGE"
"248712","Pine Ridge Brush Buttons Black 2 pk.","KIN-61978","PINE RIDGE"
"249331","BowJax 4 Dot Stopper Red","KIN-61982","Bow Jax"
"249310","BowJax 4 Dot Stopper Black","KIN-61984","Bow Jax"
"249167","Paradox Elite Custom Cobra Bow Sling Black","KIN-61995","Paradox"
"249197","Paradox Elite Custom Cobra Bow Sling Brown Camo","KIN-61996","Paradox"
"249266","Paradox Elite Custom Cobra Bow Sling Black/Blue","KIN-61998","Paradox"
"249267","Paradox Elite Custom Cobra Bow Sling Black/Red","KIN-62000","Paradox"
"249232","Paradox Elite Custom Cobra Bow Sling Black/Neon Green","KIN-62001","Paradox"
"249198","Paradox Elite Custom Cobra Bow Sling Black/Neon Pink","KIN-62002","Paradox"
"249233","Paradox Elite Custom Cobra Bow Sling Olive-Brown Camo","KIN-62003","Paradox"
"244688","Arizona E-Z Fletch Mini Fletching Jig Arms","KIN-62010","Arizona Rim Country"
"250863","Ripcord Launcher Kit Black","KIN-62015","Ripcord"
"246553","Muzzy Replacement Blades Trocar 100/125 gr. 9 pk.","KIN-62055","MUZZY"
"243698","Easton Aluminum RPS Inserts 1816 100 pk.","KIN-6208","Easton"
"243703","Easton Aluminum RPS Inserts 1916 100 pk.","KIN-6210","Easton"
"249381","Axion Limb Damper Rubber Mount Black Small","KIN-62103","Axion"
"249382","Axion Limb Damper Rubber Mount Black Large","KIN-62104","Axion"
"243688","Easton Aluminum RPS Inserts 2113-2117 100 pk.","KIN-6216","Easton"
"243704","Easton Aluminum RPS Inserts 2219 100 pk.","KIN-6220","Easton"
"251885","30-06 X-Fuel 325 Crossbow Rail Lube","KIN-62251","30-06"
"249293","Primos Neoprene Bow Sling Mossy Oak BreakUp","KIN-62287","Primos"
"249294","Primos Neoprene Bow Sling Realtree Xtra","KIN-62288","Primos"
"243699","Easton Aluminum RPS Inserts 1816 12 pk.","KIN-6270","Easton"
"243705","Easton Aluminum RPS Inserts 1913-2020 12 pk.","KIN-6271","Easton"
"243685","Easton Aluminum RPS Inserts 1916 12 pk.","KIN-6272","Easton"
"243686","Easton Aluminum RPS Inserts 2013-2015 12 pk.","KIN-6274","Easton"
"243700","Easton Aluminum RPS Inserts 2016 12 pk.","KIN-6275","Easton"
"243706","Easton Aluminum RPS Inserts 2018 12 pk.","KIN-6276","Easton"
"243689","Easton Aluminum RPS Inserts 2113-2117 12 pk.","KIN-6278","Easton"
"243707","Easton Aluminum RPS Inserts 2213-2215 12 pk.","KIN-6280","Easton"
"243701","Easton Aluminum RPS Inserts 2216 12 pk.","KIN-6281","Easton"
"243702","Easton Aluminum RPS Inserts 2219 12 pk.","KIN-6282","Easton"
"243690","Easton Aluminum RPS Inserts 2312 12 pk.","KIN-6283","Easton"
"243708","Easton Aluminum RPS Inserts 2315-2419 12 pk.","KIN-6285","Easton"
"243709","Easton Aluminum RPS Inserts 2512 12 pk.","KIN-6287","Easton"
"243687","Easton Aluminum RPS Inserts 2611-2613 12 pk.","KIN-6289","Easton"
"246252","G5 Montec Broadheads Pink 100 gr. 3 pk.","KIN-62932","G5 OUTDOORS"
"246253","G5 Montec Broadheads Pink 85 gr. 3 pk.","KIN-62933","G5 OUTDOORS"
"250187","G5 Head Loc Quiver Black/Pink 6 Arrow","KIN-62935","G5 OUTDOORS"
"251868","G5 Head Loc Crossbow Quiver Black 6 Arrow","KIN-62936","G5 OUTDOORS"
"252264","Saunders Original Nok Pliers w/Nok Sets","KIN-63143","SAUNDERS"
"252325","National Abrasives Replacement Saw Blades .025 3 in. 3 pk.","KIN-63194","National Abrasive"
"252319","National Abrasives Replacement Saw Blades Fiberglass .035 3 in. 3 pk.","KIN-63195","National Abrasive"
"252326","National Abrasives Replacement Saw Blades .030 4 in. 3 pk.","KIN-63196","National Abrasive"
"242930","Carbon Express Thunder Express Arrows Black 26 in. 3 pk.","KIN-63224","CARBON EXPRESS"
"248778","Apex Doubledown String Silencers Red 4 pk.","KIN-63283","APEX"
"244743","Vanetec ArrowSmith Tool","KIN-63299","Vanetec"
"244703","Last Chance Vane Master Pro","KIN-63330","Last Chance Archery"
"252231","Last Chance Draw Stop Finger","KIN-63334","Last Chance Archery"
"251686","Cajun Piranha Bowfishing Package","KIN-63463","Cajun"
"251594","Cajun Premium Bowfishing Line 25 yds.","KIN-63466","Cajun"
"250086","Dead Center Quick Disconnect Straight","KIN-63658","Dead Center"
"252410","Dead Center Pro Bow Balancer","KIN-63661","Dead Center"
"247416","J and D Bowstring DF97 94.25 in. Genesis","KIN-63700","J And D Custom Strings"
"247366","J and D Bowstring DF97 79.25 in. Mini Genesis","KIN-63702","J And D Custom Strings"
"251931","Barnett Thump Decocking System 3 pk.","KIN-63705","Barnett"
"248677","Draves Komfort Kiss Kisser Button Orange 1 pk.","KIN-63728","Draves"
"248678","Draves Komfort Kiss Kisser Button Purple 1 pk.","KIN-63729","Draves"
"248636","Draves Komfort Kiss Kisser Button Yellow 1 pk.","KIN-63730","Draves"
"243906","Easton 4mm MicroLite Nocks Red 12 pk.","KIN-63743","Easton"
"243798","Easton 5mm HIT Inserts 100 pk.","KIN-63781","Easton"
"244087","Easton Recurve Pin Nocks Green Large Groove 12 pk.","KIN-63782","Easton"
"244088","Easton Recurve Pin Nocks Orange Large Groove 12 pk.","KIN-63783","Easton"
"244045","Easton Recurve Pin Nocks Red Large Groove 12 pk.","KIN-63784","Easton"
"244046","Easton Recurve Pin Nocks Green Small Groove 12 pk.","KIN-63785","Easton"
"244055","Easton Recurve Pin Nocks Orange Small Groove 12 pk.","KIN-63786","Easton"
"244089","Easton Recurve Pin Nocks Red Small Groove 12 pk.","KIN-63787","Easton"
"244056","Easton Compound G Pin Nocks Green Large Groove 12 pk.","KIN-63788","Easton"
"244057","Easton Compound G Pin Nocks Orange Large Groove 12 pk.","KIN-63789","Easton"
"243863","Easton 6.5mm MicroLite Super Nocks Red 12 pk.","KIN-63790","Easton"
"243907","Easton N Nocks Green 100 pk.","KIN-63791","Easton"
"243956","Easton N Nocks White 100 pk.","KIN-63792","Easton"
"242958","Easton Genesis Arrows Purple/Black/Teal/Green 1820 3 in. Vanes 72 pk.","KIN-63838","Easton"
"242931","Easton Genesis Arrows Green 1820 3 in. Vanes 6 pk.","KIN-63839","Easton"
"243758","Carbon Express Half-Out Inserts Predator #2 12pk.","KIN-63884","CARBON EXPRESS"
"251928","Barnett Thump Decocking System 1 pk.","KIN-63940","Barnett"
"251926","Barnett Evac Decocking Bolt 5 pk.","KIN-63941","Barnett"
"250662","NAP Nighthawk Drop Arrow Rest RH","KIN-63958","New Archery Products"
"252176","TenPoint Alpha Brite Lite Sticks Red 3 pk.","KIN-64022","TENPOINT"
"251912","TenPoint Arrow Retention Spring","KIN-64023","TENPOINT"
"251826","TenPoint Retraction Power Spring After 2006","KIN-64024","TENPOINT"
"251820","TenPoint Claw Holder","KIN-64025","TENPOINT"
"252369","HTM 3rd Axis Bow Vise","KIN-64109","Htm"
"252310","HTM Set Up Master Level Set","KIN-64110","Htm"
"251121","HTM Inline Release","KIN-64112","Htm"
"252292","Brite Site 3rd Axis Leveler","KIN-64117","Brite Site"
"252293","Brite Site Hands Free Level","KIN-64119","Brite Site"
"252294","Brite Site Magnetic String Level Set","KIN-64120","Brite Site"
"252262","Brite Site D-Loop Pliers","KIN-64121","Brite Site"
"244358","Saunders Combo Points 17/64 125 gr. 12 pk.","KIN-64124","SAUNDERS"
"246219","Rexpid Big III Broadheads 100 gr. 3 pk.","KIN-64149","Rexpid"
"246363","Rexpid II Broadheads 100 gr. 3 pk.","KIN-64150","Rexpid"
"246314","Rexpid III Broadheads 125 gr. 3 pk.","KIN-64151","Rexpid"
"242252","Gold Tip Hunter Pro Arrows 500 Raptor Vanes 6 pk.","KIN-64174","Gold Tip"
"242387","Gold Tip Hunter XT Arrows 340 Raptor Vanes 6 pk.","KIN-64179","Gold Tip"
"242253","Gold Tip Hunter XT Arrows 500 Raptor Vanes 6 pk.","KIN-64181","Gold Tip"
"242576","Gold Tip Hunter Arrows 300 Raptor Vanes 6 pk.","KIN-64182","Gold Tip"
"242388","Gold Tip Hunter Arrows 340 Raptor Vanes 6 pk.","KIN-64183","Gold Tip"
"242577","Gold Tip Hunter Arrows 500 Raptor Vanes 6 pk.","KIN-64185","Gold Tip"
"242642","Gold Tip Hunter Arrows 340 4 in. Vanes 6 pk.","KIN-64187","Gold Tip"
"242389","Gold Tip Hunter Arrows 400 4 in. Vanes 6 pk.","KIN-64188","Gold Tip"
"242643","Gold Tip Hunter Arrows 500 4 in. Vanes 6 pk.","KIN-64189","Gold Tip"
"242254","Gold Tip Kinetic Kaos Arrows 200 Raptor Vanes 6 pk.","KIN-64204","Gold Tip"
"242578","Gold Tip Kinetic Kaos Arrows 300 Raptor Vanes 6 pk.","KIN-64205","Gold Tip"
"242644","Gold Tip Kinetic Kaos Arrows 340 Raptor Vanes 6 pk.","KIN-64206","Gold Tip"
"242255","Gold Tip Kinetic Kaos Arrows 400 Raptor Vanes 6 pk.","KIN-64207","Gold Tip"
"242579","Gold Tip Kinetic Arrows 300 Raptor Vanes 6 pk.","KIN-64210","Gold Tip"
"242256","Gold Tip Kinetic Arrows 340 Raptor Vanes 6 pk.","KIN-64211","Gold Tip"
"242580","Gold Tip Kinetic Arrows 400 Raptor Vanes 6 pk.","KIN-64212","Gold Tip"
"242390","Gold Tip Kinetic Arrows 500 Raptor Vanes 6 pk.","KIN-64213","Gold Tip"
"242581","Gold Tip Velocity XT Arrows 340 Raptor Vanes 6 pk.","KIN-64215","Gold Tip"
"242645","Gold Tip Velocity XT Arrows 500 Raptor Vanes 6 pk.","KIN-64217","Gold Tip"
"242582","Gold Tip Velocity Arrows 300 Raptor Vanes 6 pk.","KIN-64219","Gold Tip"
"242646","Gold Tip Velocity Arrows 340 Raptor Vanes 6 pk.","KIN-64220","Gold Tip"
"242391","Gold Tip Velocity Arrows 400 Raptor Vanes 6 pk.","KIN-64221","Gold Tip"
"242583","Gold Tip Velocity Arrows 500 Raptor Vanes 6 pk.","KIN-64222","Gold Tip"
"242392","Gold Tip Velocity Arrows 600 Raptor Vanes 6 pk.","KIN-64223","Gold Tip"
"242257","Gold Tip Ted Nugent Arrows White 300 Raptor Vanes 6 pk.","KIN-64225","Gold Tip"
"242393","Gold Tip Ted Nugent Arrows White 400 Raptor Vanes 6 pk.","KIN-64226","Gold Tip"
"242258","Gold Tip Ted Nugent Arrows Pink 400 Raptor Vanes 6 pk.","KIN-64228","Gold Tip"
"242647","Gold Tip Ted Nugent Arrows Pink 500 Raptor Vanes 6 pk.","KIN-64229","Gold Tip"
"242648","Gold Tip Ted Nugent Arrows Purple 400 Raptor Vanes 6 pk.","KIN-64230","Gold Tip"
"242259","Gold Tip Ted Nugent Arrows Purple 500 Raptor Vanes 6 pk.","KIN-64231","Gold Tip"
"242394","Gold Tip Traditional Arrows 340 4 in. Feathers 6 pk.","KIN-64232","Gold Tip"
"242649","Gold Tip Traditional Arrows 500 4 in. Feathers 6 pk.","KIN-64234","Gold Tip"
"242395","Gold Tip Traditional Arrows 600 4 in. Feathers 6 pk.","KIN-64235","Gold Tip"
"242260","Gold Tip Traditional XT Arrows 340 5 in. Feathers 6 pk.","KIN-64236","Gold Tip"
"242650","Gold Tip Traditional XT Arrows 400 5 in. Feathers 6 pk.","KIN-64237","Gold Tip"
"242651","Gold Tip Traditional XT Arrows 500 5 in. Feathers 6 pk.","KIN-64238","Gold Tip"
"252047","Gold Tip Swift Crossbow Bolts 20 in. 4 in. Vanes 72 pk.","KIN-64241","Gold Tip"
"251942","Gold Tip Swift Crossbow Bolt Shafts 20 in. 1 doz.","KIN-64242","Gold Tip"
"252048","Gold Tip Swift Crossbow Bolts 22 in. 4 in. Vanes 6 pk.","KIN-64243","Gold Tip"
"251972","Gold Tip Swift Crossbow Bolts 22 in. 4 in. Vanes 72 pk.","KIN-64244","Gold Tip"
"251939","Gold Tip Swift Crossbow Bolt Shafts 22 in. 1 doz.","KIN-64245","Gold Tip"
"251934","Gold Tip Swift Pro Crossbow Bolt Shafts 22 in. 1 doz.","KIN-64247","Gold Tip"
"251973","Gold Tip Ballistic Crossbow Bolts 20 in. 4 in. Vanes 6 pk.","KIN-64248","Gold Tip"
"252038","Gold Tip Ballistic Crossbow Bolts 20 in. 4 in. Vanes 72 pk.","KIN-64249","Gold Tip"
"251940","Gold Tip Ballistic Crossbow Bolt Shafts 20 in. 1 doz.","KIN-64250","Gold Tip"
"252000","Gold Tip Ballistic Crossbow Bolts 22 in. 4 in. Vanes 6 pk.","KIN-64253","Gold Tip"
"251937","Gold Tip Ballistic Crossbow Bolt Shafts 22 in. 1 doz.","KIN-64255","Gold Tip"
"252049","Gold Tip Ballistic Pro Crossbow Bolts 22 in. 3.5 in. Vanes 6 pk.","KIN-64256","Gold Tip"
"251935","Gold Tip Ballistic Pro Crossbow Bolt Shafts 22 in. 1 doz.","KIN-64257","Gold Tip"
"252039","Gold Tip Nitro Crossbow Bolts 20 in. Moon Nocks 6 pk.","KIN-64258","Gold Tip"
"252040","Gold Tip Nitro Crossbow Bolts 22 in. Moon Nocks 6 pk.","KIN-64259","Gold Tip"
"251974","Gold Tip Nitro Pro Crossbow Bolts 22 in. Moon 3.5 in. Vanes 6 pk.","KIN-64260","Gold Tip"
"243816","Gold Tip .246 Inserts Brass 100 gr. 100 pk.","KIN-64267","Gold Tip"
"243817","Gold Tip Ballistic Collars Kinetic 200 12 pk.","KIN-64268","Gold Tip"
"243732","Gold Tip Ballistic Collars Kinetic 340-400 12 pk.","KIN-64269","Gold Tip"
"243864","Gold Tip GTO Nocks Black 12 pk.","KIN-64271","Gold Tip"
"243865","Gold Tip GTO Nocks Orange 12 pk.","KIN-64273","Gold Tip"
"243974","Gold Tip GTO Nocks White 12 pk.","KIN-64274","Gold Tip"
"244604","Gold Tip Accu-Points .246 100 gr. 12. pk.","KIN-64277","Gold Tip"
"244605","Gold Tip Accu-Points .246 130 gr. 12. pk.","KIN-64278","Gold Tip"
"244449","Gold Tip Accu-Points Series 22 120 gr. 12 pk.","KIN-64279","Gold Tip"
"244606","Gold Tip Accu-Points Series 22 80 gr. 12 pk.","KIN-64280","Gold Tip"
"244492","Gold Tip Accu-Points X-Cutter 100 gr. 12 pk.","KIN-64281","Gold Tip"
"244607","Gold Tip Accu-Points 30X 120 gr. 12 pk.","KIN-64282","Gold Tip"
"244608","Gold Tip Accu-Points Triple X 120 gr. 12 pk.","KIN-64283","Gold Tip"
"244111","Gold Tip Pin Nock Bushings Kinetic Large 12 pk.","KIN-64288","Gold Tip"
"244155","Gold Tip Accu-Bushing GTO Nock Series 22 12 pk.","KIN-64289","Gold Tip"
"244171","Gold Tip Accu-Bushing GTO Nock 30X 12 pk.","KIN-64290","Gold Tip"
"244156","Gold Tip Accu-Bushing GTO Nock Triple X 12 pk.","KIN-64291","Gold Tip"
"244172","Gold Tip Accu-Bushing GTO Nock X-Cutter 12 pk.","KIN-64292","Gold Tip"
"244704","GoatTuff GT Arrow Fletcher","KIN-64296","Goat Tuff"
"246554","Flying Arrow Tom Bomb Extreme Replacement Blades 100 gr. 9pk","KIN-64301","FLYING ARROW"
"251936","Black Eagle Executioner Crossbow Shafts .001 20 in. 1 doz.","KIN-64319","Black Eagle"
"251943","Black Eagle Executioner Crossbow Shafts .001 22 in. 1 doz.","KIN-64320","Black Eagle"
"252001","Black Eagle Executioner Bolts .001 18 in. 6 pk.","KIN-64321","Black Eagle"
"252041","Black Eagle Executioner Bolts .001 20 in. 6 pk.","KIN-64324","Black Eagle"
"252002","Black Eagle Executioner Bolts .001 22 in. 6 pk.","KIN-64325","Black Eagle"
"252050","Black Eagle Executioner Bolts .003 18 in. 6 pk.","KIN-64326","Black Eagle"
"252051","Black Eagle Executioner Bolts .003 20 in. 6 pk.","KIN-64327","Black Eagle"
"252003","Black Eagle Executioner Bolts .003 22 in. 6 pk.","KIN-64328","Black Eagle"
"243759","Black Eagle Outserts Deep Impact 300 12 pk.","KIN-64329","Black Eagle"
"243760","Black Eagle Outserts Deep Impact 350 12 pk.","KIN-64330","Black Eagle"
"243733","Black Eagle Outserts Deep Impact 400 12 pk.","KIN-64331","Black Eagle"
"243761","Black Eagle Half-Out Inserts Rampage Stainless 12 pk.","KIN-64336","Black Eagle"
"243799","Black Eagle Inserts Carnivor/Outlaw/Zombie Slayer 12 pk.","KIN-64339","Black Eagle"
"252129","Black Eagle Half Moon Nocks Red 12 pk.","KIN-64346","Black Eagle"
"252130","Black Eagle Flat Nocks Red 12 pk.","KIN-64347","Black Eagle"
"252223","Black Eagle Brass Inserts Executioner/Zombie Slayer X-Bow 110 gr. 12 pk.","KIN-64348","Black Eagle"
"252224","Black Eagle Inserts Executioner/Zombie Slayer X-Bow 12 pk.","KIN-64349","Black Eagle"
"251148","Hot Shot Nano Release Post Black","KIN-64405","Hot Shot Manufacturing"
"251309","Hot Shot Vapor Release 3 Finger Black","KIN-64406","Hot Shot Manufacturing"
"251310","Hot Shot Vapor Release 4 Finger Black","KIN-64407","Hot Shot Manufacturing"
"246541","Hunga Munga Replacement Blades","KIN-64440","Hunga Munga"
"246254","NAP Redneck Broadheads 100 gr. 3 pk.","KIN-64455","New Archery Products"
"245301","Easton Low Temp Hot Melt","KIN-64492","Easton"
"244493","Easton Target Points Super Drive 25 100 gr. 12 pk.","KIN-64577","Easton"
"244563","Easton Target Points Super Drive 25 125 gr. 12 pk.","KIN-64578","Easton"
"252227","Last Chance Draw Board Standard Version","KIN-64615","Last Chance Archery"
"252226","Last Chance Draw Board Ultimate Version","KIN-64619","Last Chance Archery"
"248463","Hot Shot Accu-Peep Blue 3/16 in.","KIN-64625","Hot Shot Manufacturing"
"245990","Bohning Blazer Vanes American Flag 36 pk.","KIN-64649","BOHNING"
"245991","Bohning Blazer Vanes American Flag 100 pk.","KIN-64650","BOHNING"
"245992","Bohning Blazer Vanes Kiwi 36 pk.","KIN-64653","BOHNING"
"245472","Bohning Blazer Vanes Kiwi 100 pk.","KIN-64654","BOHNING"
"245923","Bohning Blazer Vanes Pink Camouflage 100 pk.","KIN-64656","BOHNING"
"245649","Bohning Blazer Vanes Camouflage 36 pk.","KIN-64657","BOHNING"
"245993","Bohning Blazer Vanes Camouflage 100 pk.","KIN-64658","BOHNING"
"242953","Carbon Express Thunder Express Arrows Black 30 in. 72 pk.","KIN-64684","CARBON EXPRESS"
"250606","Neet Fred Bear Back Quiver RH","KIN-64695","Neet"
"250607","Neet Fred Bear Back Quiver LH","KIN-64696","Neet"
"250614","Neet Fred Bear Field Quiver RH","KIN-64697","Neet"
"250552","Neet Fred Bear Pocket Quiver RH/LH","KIN-64699","Neet"
"246588","Lansky Broadhead Sharpener Wrench Wrench","KIN-64846","Lansky"
"248687","Draves Komfort Kiss Kisser Button Pink 1 pk.","KIN-64871","Draves"
"248648","Draves Komfort Kiss Kisser Button Green 1 pk.","KIN-64873","Draves"
"248649","Draves Komfort Kiss Kisser Button Blue 1 pk.","KIN-64874","Draves"
"249234","Outdoor Prostaff Wrist Sling Bowtech Refuse to Follow","KIN-64899","Outdoor Prostaff"
"246890","Genesis Bow Black RH","KIN-65029","Genesis"
"246867","Genesis Bow Black LH","KIN-65040","Genesis"
"246887","Genesis Bow Set Black RH","KIN-65041","Genesis"
"246868","Genesis Bow Set Black LH","KIN-65042","Genesis"
"249409","BowJax Revelation Limb Dampeners Black 11/16 in. 4 pk.","KIN-65046","Bow Jax"
"249425","BowJax Revelation Limb Dampeners Black 15/16 in. 2 pk.","KIN-65047","Bow Jax"
"249364","BowJax Revelation Limb Dampeners Red 15/16 in. 2 pk.","KIN-65049","Bow Jax"
"248964","BCY X Bowstring Material Neon Green 1/4 lb.","KIN-65204","Bcy"
"249034","BCY X Bowstring Material Red 1/4 lb.","KIN-65205","Bcy"
"249697","30-06 K3 Stabilizer Black 5 in.","KIN-65228","30-06"
"249698","30-06 K3 Stabilizer Black/Red 5 in.","KIN-65231","30-06"
"252052","Excalibur Quill Crossbow Bolts 16.5 in. 6 pk.","KIN-65348","Excalibur"
"251975","Excalibur Quill Crossbow Bolts 16.5 in. Illuminated Nocks 3 pk.","KIN-65349","Excalibur"
"247858","Excalibur Micro String Black","KIN-65355","Excalibur"
"247733","Excalibur Micro String Red","KIN-65356","Excalibur"
"247679","Excalibur Matrix String Red","KIN-65358","Excalibur"
"247834","Excalibur Matrix String Blue","KIN-65361","Excalibur"
"247680","Excalibur Matrix String Green","KIN-65362","Excalibur"
"247734","Excalibur Excel String Green","KIN-65368","Excalibur"
"246404","Muzzy Crossbow Broadheads 3 Blade 100 gr. 6 pk.","KIN-65370","MUZZY"
"251012","Third Hand Score Card Holder Rinehart","KIN-65390","Third Hand"
"246581","SKB iSeries Broadheads Case Black","KIN-65400","SKB"
"249410","BowJax Revelation Limb Dampeners Green 15/16 in. 2pk.","KIN-65430","Bow Jax"
"248764","BowJax UltraJax II String Silencers Red 4 pk.","KIN-65433","Bow Jax"
"248779","BowJax Speed String Sleeve Black 4pk.","KIN-65434","Bow Jax"
"249991","BowJax MaxJax Dampener Black 5/8-1 in. 2 pk.","KIN-65439","Bow Jax"
"249318","BowJax 4 Dot Stopper Neon Green","KIN-65440","Bow Jax"
"250017","BowJax MaxJax Stabilizer Module Black 2 in.","KIN-65441","Bow Jax"
"250544","Vista Cunningham Quiver RH/LH","KIN-65496","Vista"
"244734","Vista Glue Mate Arrow Prep Tool","KIN-65497","Vista"
"246570","Muzzy Replacement Blades 3 Blade 100 gr. 18 pk.","KIN-6550","MUZZY"
"252269","Pine Ridge Shop Scissors Set","KIN-65503","PINE RIDGE"
"245302","Pine Ridge Insert Glue .5 oz.","KIN-65517","PINE RIDGE"
"248765","Pine Ridge Wishbone Dampeners Black 4 pk.","KIN-65520","PINE RIDGE"
"248713","Pine Ridge Wishbone Dampeners Red 4 pk.","KIN-65521","PINE RIDGE"
"248714","Pine Ridge Wishbone Dampeners Lime Green 4 pk.","KIN-65524","PINE RIDGE"
"250908","Ripcord X-Factor Target Rest Black RH","KIN-65528","Ripcord"
"250102","Dead Center HD Offset Bar Front Mount w/Quick Disconnect","KIN-65546","Dead Center"
"251183","30-06 Black Horse Release Black","KIN-65608","30-06"
"248854","30-06 String Snot Bowstring Wax Counter Display 48 pk.","KIN-65614","30-06"
"252413","30-06 Paper Tune-It System 20 pk. Refill","KIN-65627","30-06"
"245924","Q2i Rapt-X Vanes Black 100 pk.","KIN-65636","Q2I"
"245473","Q2i Rapt-X Vanes Blue 100 pk.","KIN-65637","Q2I"
"245474","Q2i Rapt-X Vanes Neon Green 100 pk.","KIN-65638","Q2I"
"245994","Q2i Rapt-X Vanes Neon Orange 100 pk.","KIN-65639","Q2I"
"245475","Q2i Rapt-X Vanes Pink 100 pk.","KIN-65640","Q2I"
"245476","Q2i Rapt-X Vanes Neon Yellow 100 pk.","KIN-65641","Q2I"
"245477","Q2i Rapt-X Vanes Red 100 pk.","KIN-65642","Q2I"
"245478","Q2i Rapt-X Vanes White 100 pk.","KIN-65643","Q2I"
"245995","Q2i Fusion-II Vanes Black 2.1 in. 100 pk.","KIN-65644","Q2I"
"245996","Q2i Fusion-II Vanes Blue 2.1 in. 100 pk.","KIN-65645","Q2I"
"245650","Q2i Fusion-II Vanes Neon Green 2.1 in. 100 pk.","KIN-65646","Q2I"
"245925","Q2i Fusion-II Vanes Neon Orange 2.1 in. 100 pk.","KIN-65647","Q2I"
"245651","Q2i Fusion-II Vanes Pink 2.1 in. 100 pk.","KIN-65648","Q2I"
"245652","Q2i Fusion-II Vanes Neon Yellow 2.1 in. 100 pk.","KIN-65649","Q2I"
"245926","Q2i Fusion-II Vanes Red 2.1 in. 100 pk.","KIN-65650","Q2I"
"245997","Q2i Fusion-II Vanes White 2.1 in. 100 pk.","KIN-65651","Q2I"
"245998","Q2i Fusion X-II Vanes Black 2.1 in. 100 pk.","KIN-65660","Q2I"
"245653","Q2i Fusion X-II Vanes Blue 2.1 in. 100 pk.","KIN-65661","Q2I"
"245927","Q2i Fusion X-II Vanes Neon Green 2.1 in. 100 pk.","KIN-65662","Q2I"
"245654","Q2i Fusion X-II Vanes Neon Orange 2.1 in. 100 pk.","KIN-65663","Q2I"
"245655","Q2i Fusion X-II Vanes Pink 2.1 in. 100 pk.","KIN-65664","Q2I"
"245479","Q2i Fusion X-II Vanes Neon Yellow 2.1 in. 100 pk.","KIN-65665","Q2I"
"245480","Q2i Fusion X-II Vanes Red 2.1 in. 100 pk.","KIN-65666","Q2I"
"245481","Q2i Fusion X-II Vanes White 2.1 in. 100 pk.","KIN-65667","Q2I"
"245928","Q2i Fusion X-II Vanes Black 3 in. 100 pk.","KIN-65668","Q2I"
"245999","Q2i Fusion X-II Vanes Blue 3 in. 100 pk.","KIN-65669","Q2I"
"245482","Q2i Fusion X-II Vanes Neon Green 3 in. 100 pk.","KIN-65670","Q2I"
"245483","Q2i Fusion X-II Vanes Neon Orange 3 in. 100 pk.","KIN-65671","Q2I"
"245484","Q2i Fusion X-II Vanes Pink 3 in. 100 pk.","KIN-65672","Q2I"
"245485","Q2i Fusion X-II Vanes Neon Yellow 3 in. 100 pk.","KIN-65673","Q2I"
"246000","Q2i Fusion X-II Vanes Red 3 in. 100 pk.","KIN-65674","Q2I"
"246001","Q2i Fusion X-II Vanes White 3 in. 100 pk.","KIN-65675","Q2I"
"246002","Q2i Duravane-II Vanes Red 3 in. 100 pk.","KIN-65694","Q2I"
"244738","Q2i Zip Strip","KIN-65702","Q2I"
"249332","Q2i String Stopper 2 pk.","KIN-65705","Q2I"
"252300","Sightmark Arrow/Bolt Boresight","KIN-65712","SIGHTMARK"
"242261","Victory VAP Gamer Arrows 300 Blazer Vanes 6 pk.","KIN-65714","Victory"
"242262","Victory VAP Gamer Arrows 350 Blazer Vanes 6 pk.","KIN-65715","Victory"
"242396","Victory VAP Gamer Arrows 400 Blazer Vanes 6 pk.","KIN-65716","Victory"
"242263","Victory VAP Sport Arrows 350 Raptor Vanes 6 pk.","KIN-65718","Victory"
"242584","Victory VAP Sport Arrows 400 Raptor Vanes 6 pk.","KIN-65719","Victory"
"242397","Victory VAP Sport Arrows 500 Raptor Vanes 6 pk.","KIN-65720","Victory"
"242585","Victory VForce Gamer Arrows 300 Blazer Vanes 6 pk.","KIN-65729","Victory"
"242586","Victory VForce Gamer Arrows 350 Blazer Vanes 6 pk.","KIN-65730","Victory"
"242264","Victory VForce Gamer Arrows 400 Blazer Vanes 6 pk.","KIN-65731","Victory"
"242265","Victory VForce Gamer Arrows 500 Blazer Vanes 6 pk.","KIN-65732","Victory"
"242266","Victory VForce Sport Arrows 300 Raptor Vanes 6 pk.","KIN-65733","Victory"
"242587","Victory VForce Sport Arrows 350 Raptor Vanes 6 pk.","KIN-65734","Victory"
"242398","Victory VForce Sport Arrows 400 Raptor Vanes 6 pk.","KIN-65735","Victory"
"242267","Victory VForce Sport Arrows 500 Raptor Vanes 6 pk.","KIN-65736","Victory"
"252053","Victory Voodoo Crossbow Bolts 20 in. Half Moon 6 pk.","KIN-65745","Victory"
"242268","Victory VAP Elite Arrows 300 Blazer Vanes 6 pk.","KIN-65772","Victory"
"242269","Victory VAP Elite Arrows 350 Blazer Vanes 6 pk.","KIN-65773","Victory"
"242659","Victory VAP Elite Arrows 400 Blazer Vanes 6 pk.","KIN-65774","Victory"
"242588","Victory VAP Elite Arrows 500 Blazer Vanes 6 pk.","KIN-65775","Victory"
"252177","GWS Lighted Crossbow Nocks Red 3 pk.","KIN-65796","Gws"
"252146","GWS Lighted Crossbow Nocks Green 3 pk.","KIN-65797","Gws"
"249050","BCY Power Grip Serving Black .018 100 yds.","KIN-65808","Bcy"
"249089","BCY Power Grip Serving Black .021 75 yds.","KIN-65809","Bcy"
"249067","BCY Power Grip Serving Black .025 50 yds.","KIN-65810","Bcy"
"249051","BCY Power Grip Serving Black .032 40 yds.","KIN-65811","Bcy"
"251847","BCY Crossbow Cocking Cord 20 ft.","KIN-65812","Bcy"
"249365","Outdoor Prostaff Wire Wrap Silencers Orange","KIN-65901","Outdoor Prostaff"
"249303","Gibbs Bio Flex Bow Sling Black","KIN-65950","Gibbs"
"250018","Dead Center Custom Balance Weights Black 1 oz. 3 pk.","KIN-65967","Dead Center"
"246220","Blood Therapy OCD Broadheads 100 gr. 3 pk.","KIN-65989","Blood Therapy"
"249168","Paradox Elite Bow Sling BlackOut Red","KIN-65995","Paradox"
"249235","Paradox Standard Bow Sling Deep Forest Digi-Camo","KIN-66002","Paradox"
"249411","Outdoor Prostaff Combo Pack Wire Wrap and String Bling Green","KIN-66075","Outdoor Prostaff"
"249366","Outdoor Prostaff Combo Pack Wire Wrap and String Bling Red","KIN-66077","Outdoor Prostaff"
"252414","Archery Shooter Draw Winch","KIN-66120","Archery Shooter Systems"
"252418","Archery Shooter Draw Pro Stand For Use with Draw Winch","KIN-66121","Archery Shooter Systems"
"252313","Archery Shooter Chronograph Holder Folding Wall Mount","KIN-66122","Archery Shooter Systems"
"252415","Archery Shooter Paper Tuner Folding Wall Mount","KIN-66123","Archery Shooter Systems"
"249953","Dead Center Dead Steady Stabilizer Black 10 in.","KIN-66147","Dead Center"
"249936","Dead Center Dead Steady Stabilizer Black 12 in.","KIN-66148","Dead Center"
"249954","Dead Center Dead Steady Stabilizer Black 15 in.","KIN-66149","Dead Center"
"249937","Dead Center Dead Steady Stabilizer Black 24 in.","KIN-66150","Dead Center"
"249827","Dead Center Dead Steady Stabilizer Black 28 in.","KIN-66151","Dead Center"
"249867","Dead Center Dead Steady Stabilizer Black 30 in.","KIN-66152","Dead Center"
"250130","Dead Center Quick Disconnect 10 Degree","KIN-66153","Dead Center"
"250131","Dead Center HD Offset Bar Rear Mount w/Quick Disconnect","KIN-66154","Dead Center"
"250065","Dead Center Custom Balance Weights Black 3 oz.","KIN-66155","Dead Center"
"250066","Dead Center Custom Balance Weights Black 6 oz.","KIN-66156","Dead Center"
"248930","BCY 452X Bowstring Material Black 1/8 lb.","KIN-66189","Bcy"
"248931","BCY 452X Bowstring Material Red 1/8 lb.","KIN-66190","Bcy"
"248932","BCY 452X Bowstring Material Neon Green 1/8 lb.","KIN-66191","Bcy"
"249035","BCY 452X Bowstring Material Royal Blue 1/8 lb.","KIN-66192","Bcy"
"249036","BCY 452X Bowstring Material Neon Orange 1/8 lb.","KIN-66193","Bcy"
"248965","BCY 452X Bowstring Material Silver 1/8 lb.","KIN-66195","Bcy"
"249037","BCY 452X Bowstring Material Red/Black 1/8 lb.","KIN-66197","Bcy"
"249038","BCY 452X Bowstring Material Pink 1/8 lb.","KIN-66200","Bcy"
"248933","BCY 452X Bowstring Material Mountain Berry 1/8 lb.","KIN-66205","Bcy"
"248966","BCY 452X Bowstring Material Buckskin 1/8 lb.","KIN-66207","Bcy"
"244013","NuFletch Ignitor Nocks Green Universal Fit 3 pk.","KIN-66227","Nufletch"
"244032","NuFletch Ignitor Nocks Red Universal Fit 3 pk.","KIN-66228","Nufletch"
"252195","NuFletch Ignitor Crossbow Nocks Green Universal Fit 3 pk.","KIN-66229","Nufletch"
"252131","NuFletch Ignitor Crossbow Nocks Red Universal Fit 3 pk.","KIN-66230","Nufletch"
"248811","Pine Ridge String Loop Display 500 ft. Assorted Colors","KIN-66249","PINE RIDGE"
"248812","Gibbs Super Loop D-Loop Material Camo 25 ft.","KIN-66251","Gibbs"
"248834","Gibbs Super Loop D-Loop Material Black 25 ft.","KIN-66252","Gibbs"
"246168","Dirt Nap Gear DRT Broadheads Double Bevel Red 100/125 gr. 3 pk.","KIN-66263","Dirt Nap Gear"
"246169","Dirt Nap Gear DRT Broadheads Double Bevel Black 100/125 gr. 3 pk.","KIN-66264","Dirt Nap Gear"
"246221","Dirt Nap Gear DRT Broadheads Double Bevel Green 100/125 gr. 3 pk.","KIN-66265","Dirt Nap Gear"
"246170","Dirt Nap Gear DRT Broadheads Single Bevel Black 100/125 gr. 3 pk.","KIN-66269","Dirt Nap Gear"
"249199","Paradox Finger Sling Black","KIN-66384","Paradox"
"249236","Paradox Finger Sling Charcoal Grey","KIN-66385","Paradox"
"249169","Paradox Finger Sling Imperial Red","KIN-66386","Paradox"
"249237","Paradox Finger Sling Neon Green","KIN-66389","Paradox"
"249268","Paradox Finger Sling Black/Royal Blue","KIN-66395","Paradox"
"249200","Paradox Finger Sling Electric Blue","KIN-66397","Paradox"
"242932","Carbon Express Thunder Express Arrows Black 28 in. 72 pk.","KIN-66405","CARBON EXPRESS"
"252042","PSE Thunder Boltz Crossbow Bolts Half Moon 20 in. 6 pk.","KIN-66455","PSE"
"252054","PSE Fang Crossbow Bolts Half Moon 20 in. 3 pk.","KIN-66456","PSE"
"251835","PSE Speed Loader Crossbow Crank For RDX, Fang, and Vector","KIN-66457","PSE"
"246138","Blood Therapy OCD Broadheads 125 gr. 3 pk.","KIN-66496","Blood Therapy"
"247105","Bear Flash Bow Set Red 16-24 in. 5-18 lbs. RH/LH","KIN-66509","BEAR"
"247102","Bear Flash Bow Set Yellow 16-24 in. 5-18 lbs. RH/LH","KIN-66510","BEAR"
"250767","Trophy Ridge Whisker Biscuit Kill Shot Purple Medium RH/LH","KIN-66511","TROPHY RIDGE"
"248790","BCY 24 D-Loop Material Red 50 ft.","KIN-66528","Bcy"
"248813","BCY 24 D-Loop Material Neon Green 50 ft.","KIN-66529","Bcy"
"248791","BCY 24 D-Loop Material Purple 1m","KIN-66530","Bcy"
"248835","BCY 24 D-Loop Material Neon Yellow 1m","KIN-66531","Bcy"
"248814","BCY 24 D-Loop Material Neon Orange 1m","KIN-66532","Bcy"
"248836","BCY 24 D-Loop Material Royal Blue 1m","KIN-66533","Bcy"
"249100","BCY 3D End Serving Neon Orange 120 yds.","KIN-66534","Bcy"
"249101","BCY 3D End Serving Neon Yellow 120 yds.","KIN-66535","Bcy"
"249068","BCY 3D End Serving Neon Green 120 yds.","KIN-66536","Bcy"
"249102","BCY 3D End Serving Neon Pink 120 yds.","KIN-66537","Bcy"
"249103","BCY Halo Serving Black .021 75 yds.","KIN-66538","Bcy"
"249069","BCY Halo Serving Red .014 120 yds.","KIN-66539","Bcy"
"249070","BCY Halo Serving Neon Orange .014 120 yds.","KIN-66541","Bcy"
"249104","BCY Halo Serving Royal Blue .014 120 yds.","KIN-66542","Bcy"
"249052","BCY Halo Serving Neon Green .014 120 yds.","KIN-66544","Bcy"
"249090","BCY Crossbow Center Serving Black .030 45 yds.","KIN-66545","Bcy"
"251191","TruFire Patriot Flex Release Hook and Loop Black Youth","KIN-66561","TRUFIRE"
"251192","TruFire Spark Release Buckle Foldback Black Youth","KIN-66562","TRUFIRE"
"246532","Rage Practice Head SS 85 gr. 3 pk.","KIN-66568","RAGE"
"246171","Steel Force Sabertooth HP Broadheads 4 blade 100 gr. 3 pk.","KIN-66586","Steel Force"
"246139","Steel Force Premium Broadheads 4 blade 125 gr. 3 pk.","KIN-66587","Steel Force"
"250615","Wyandotte Shoulder Quiver w/Pocket Medium RH","KIN-66601","Wyandotte"
"246172","Zwickey Eskimo Broadheads Glue On 2 Blade 125 gr. 3 pk.","KIN-66602","Zwickey"
"246222","Zwickey Eskilite Broadheads Glue On 2 Blade 110 gr. 3 pk.","KIN-66603","Zwickey"
"246223","Zwickey Delta Broadheads Glue On 2 Blade 135 gr. 3 pk.","KIN-66604","Zwickey"
"251874","BowJax Complete Crossbow Kit Split Limb Black","KIN-66626","Bow Jax"
"249828","Dead Center Diamond Series Stabilizer Black 8 in.","KIN-66672","Dead Center"
"249829","Dead Center Diamond Series Stabilizer Black 10 in.","KIN-66673","Dead Center"
"249868","Dead Center Diamond Series Stabilizer Black 12 in.","KIN-66674","Dead Center"
"249938","Dead Center Diamond Series Stabilizer Black 24 in.","KIN-66675","Dead Center"
"249869","Dead Center Diamond Series Stabilizer Black 28 in.","KIN-66676","Dead Center"
"249830","Dead Center Diamond Series Stabilizer Black 30 in.","KIN-66677","Dead Center"
"250087","Dead Center Diamond Series Single Offest Mount Black","KIN-66678","Dead Center"
"250143","Dead Center Diamond Series Dual V-Bar Mount","KIN-66679","Dead Center"
"246869","Genesis Gen X Bow Black RH","KIN-66695","Genesis"
"246870","Genesis Gen X Bow Black LH","KIN-66696","Genesis"
"249298","Titan Quick Fit Bow Sling Realtree Xtra","KIN-66766","ALLEN"
"249699","AAE Hot Rodz Western Hunter Stabilizer Kit 8 in./10 in. RH","KIN-66840","AAE"
"250711","AAE Hawk Eye Rest Black RH","KIN-66841","AAE"
"244913","Trueflight Spiral Wrap Flu-Flu Feathers White RW 100 pk.","KIN-66871","Trueflight"
"244810","Trueflight Spiral Wrap Flu-Flu Feathers Pink RW 100 pk.","KIN-66873","Trueflight"
"245071","Trueflight Spiral Wrap Flu-Flu Feathers Chartreuse RW 100 pk.","KIN-66874","Trueflight"
"246394","QAD Exodus Broadheads Deep Six Full Blade 100 gr. 3 pk.","KIN-66924","QAD"
"246255","QAD Exodus Broadheads Full Blade 125 gr. 3 pk.","KIN-66926","QAD"
"246571","QAD Exodus Replacement Blades Full Blade 125 gr. 9 pk.","KIN-66927","QAD"
"249269","LOC Outdoorz Mat-LOC Ultra Sling Black","KIN-66939","LOC OUTDOORZ"
"249201","LOC Outdoorz Mat-LOC Ultra Sling Red","KIN-66940","LOC OUTDOORZ"
"249304","Tarantula Neo-Tech Bow Carrier Camouflage","KIN-67006","Tarantula"
"248340","FirstString Premium String Kit Green/Brown Mathews Z7 Extreme","KIN-67128","Winners Choice"
"248377","FirstString Premium String Kit Green/Brown Mathews HeliM","KIN-67129","First String"
"248232","FirstString Premium String Kit Green/Brown Diamond Outlaw","KIN-67130","First String"
"248167","FirstString Premium String Kit Green/Brown Diamond Black Ice","KIN-67131","First String"
"250712","Mathews QAD UltraRest HDX Black RH","KIN-67147","MATHEWS"
"250663","Mathews QAD UltraRest HDX Black LH","KIN-67148","MATHEWS"
"247417","Zebra Trophy String Creed Speckled 92 1/4 in.","KIN-67150","ZEBRA"
"247556","Zebra Trophy Split Cable Creed Black 32 3/4 in.","KIN-67151","ZEBRA"
"247224","Zebra Trophy String Chill Speckled 60 3/4 in.","KIN-67152","ZEBRA"
"247289","Zebra Trophy String ZXT Kiwi/Black 82 7/8 in.","KIN-67154","ZEBRA"
"247557","J and D Split Cable Mini Genesis Camo 452X 31 in.","KIN-67187","J And D Custom Strings"
"245219","Bohning Blazer Arrow Wraps Neon Yellow X-Large 4 in 13 pk","KIN-67283","BOHNING"
"246888","Genesis Bow Carbon LH","KIN-67325","Genesis"
"249238","X-Factor Diamond Wrist Sling Black/Tan","KIN-67332","X FACTOR"
"249202","X-Factor Diamond Wrist Sling Black/Green","KIN-67344","X FACTOR"
"249270","X-Factor Diamond Wrist Sling Black/Red","KIN-67345","X FACTOR"
"249239","X-Factor Diamond Wrist Sling Black/Orange","KIN-67346","X FACTOR"
"244157","Victory Pin Bushings VForce 12 pk.","KIN-67397","Victory"
"244173","Victory Pin Bushings VAP 12 pk.","KIN-67402","Victory"
"244609","Victory Glue In Points VForce 80 gr. 12 pk.","KIN-67403","Victory"
"252357","ACU Archery Econo Lok Orange","KIN-67418","Acu Archery"
"249240","Paradox Elite Bow Sling Midnight","KIN-67434","Paradox"
"249271","Paradox Elite Bow Sling Black/Neon Green","KIN-67436","Paradox"
"245127","Bohning Blazer Arrow Wraps White X-Large 4 in. 13 pk.","KIN-67490","BOHNING"
"245220","Bohning Blazer Arrow Wraps Hot Pink X-Large 4 in. 13 pk.","KIN-67491","BOHNING"
"245205","Bohning Arrow Wraps Neon Yellow Large 7 in. 13 pk.","KIN-67492","BOHNING"
"245153","Bohning Arrow Wraps White Large 7 in. 13 pk.","KIN-67493","BOHNING"
"246005","Bohning Bronco Vanes Black 4 in. 100 pk.","KIN-67528","BOHNING"
"245659","Bohning Bronco Vanes White 4 in. 100 pk.","KIN-67529","BOHNING"
"245660","Bohning Bronco Vanes Neon Green 4 in. 100 pk.","KIN-67530","BOHNING"
"245488","Bohning Bronco Vanes Neon Yellow 4 in. 100 pk.","KIN-67531","BOHNING"
"245661","Bohning Bronco Vanes Neon Orange 4 in. 100 pk.","KIN-67533","BOHNING"
"252362","PSE Bow Tuning Fixture","KIN-67554","PSE"
"246364","NAP Spitfire Broadheads 100 gr. 3 pk.","KIN-6764","New Archery Products"
"246374","NAP Spitfire Broadheads 125 gr. 3 pk.","KIN-6766","New Archery Products"
"251619","Fin Finder Hydro Glide Bowfishing Rest Red RH/LH","KIN-67999","Fin-Finder"
"244705","Bohning Arrow Cresting Kit","KIN-68155","BOHNING"
"244689","Bohning Tower Fletching Jig Crossbow","KIN-68156","BOHNING"
"244727","Bohning Arrow Dip Kit","KIN-68187","BOHNING"
"245221","Bohning HD Arrow Wraps Industrial Flag 4 in. 13 pk.","KIN-68189","BOHNING"
"245206","Bohning HD Arrow Wraps White Leopard 4 in. 13 pk.","KIN-68190","BOHNING"
"250779","Trophy Ridge Whisker Biscuit Kill Shot Pink Medium RH/LH","KIN-68238","TROPHY RIDGE"
"246256","Wasp Drone Broadheads 3 Blade 100 gr. 3 pk.","KIN-68284","Wasp"
"246439","Wasp Jak-X Broadheads 3 Blade 100 gr. 3 pk.","KIN-68285","Wasp"
"251556","Wasp Talon Bowfishing Point Fits 5/16 in. shaft","KIN-68286","Wasp"
"249328","Mathews Dead End Lite Stopper Replacement Blue","KIN-68302","MATHEWS"
"249333","Mathews Dead End Lite Stopper Replacement Green","KIN-68303","MATHEWS"
"249311","Mathews Dead End Lite Stopper Replacement Orange","KIN-68304","MATHEWS"
"249312","Mathews Dead End Lite Stopper Replacement Pink","KIN-68305","MATHEWS"
"249334","Mathews Dead End Lite Stopper Replacement Red","KIN-68307","MATHEWS"
"249319","Mathews Dead End Lite Stopper Replacement Black","KIN-68309","MATHEWS"
"248341","FirstString Premium String Kit Green/Brown Mathews Creed XS","KIN-68364","First String"
"248168","FirstString Premium String Kit Green/Brown Mathews Reezen","KIN-68365","First String"
"248378","FirstString Premium String Kit Green/Brown Bear Carnage","KIN-68368","First String"
"248379","FirstString Premium String Kit Green/Brown PSE BowMadness","KIN-68370","First String"
"248233","FirstString Premium String Kit Green/Brown Bowtech Destroyer","KIN-68371","First String"
"248342","FirstString Premium String Kit Green/Brown Bowtech Invasion","KIN-68372","First String"
"248380","FirstString Premium String Kit Green/Brown Diamond RazorEdge","KIN-68373","First String"
"248169","FirstString Premium String Kit Green/Brown Bear Apprentice","KIN-68374","First String"
"248170","FirstString Premium String Kit Green/Brown Bowtech Assassin","KIN-68375","First String"
"248343","FirstString Premium String Kit Green/Brown Hoyt Spyder30 2Cam","KIN-68376","First String"
"248381","FirstString Premium String Kit Green/Brown Hoyt Spyder30 3Cam","KIN-68377","First String"
"251366","Scott Longhorn Hunter Release 3 Finger Realtree Xtra","KIN-68392","Scott"
"246397","Grim Reaper Fatal Steel Broadheads Deep Six 100 gr. 1.25 in. 3 pk.","KIN-68529","GRIM REAPER"
"246295","Grim Reaper Fatal Steel Broadheads 125gr. 1.5 in. 3pk.","KIN-68530","GRIM REAPER"
"250761","Trophy Ridge Whisker Biscuit Kill Shot Red Medium RH/LH","KIN-68566","TROPHY RIDGE"
"250780","Trophy Ridge Whisker Biscuit Kill Shot Green Medium RH/LH","KIN-68567","TROPHY RIDGE"
"250786","Trophy Ridge Whisker Biscuit Kill Shot Orange Medium RH/LH","KIN-68568","TROPHY RIDGE"
"249170","X-Factor Diamond Wrist Sling Black","KIN-68577","X FACTOR"
"249241","X-Factor Supreme Wrist Sling Black","KIN-68579","X FACTOR"
"249272","X-Factor Supreme Wrist Sling Black/Tan","KIN-68580","X FACTOR"
"249242","X-Factor Supreme Wrist Sling Black/Green","KIN-68581","X FACTOR"
"249273","X-Factor Supreme Wrist Sling Black/Red","KIN-68582","X FACTOR"
"249274","X-Factor Supreme Wrist Sling Black/Orange","KIN-68583","X FACTOR"
"249203","X-Factor Supreme Wrist Sling Black/Blue","KIN-68585","X FACTOR"
"246572","Grim Reaper Rebuild Kit Razorcut Whitetail Special","KIN-68586","GRIM REAPER"
"251620","PSE Snap Shot Bowfishing Rest","KIN-68726","PSE"
"250729","TruGlo Carbon XS Arrow Rest Black RH/LH","KIN-68736","Truglo"
"249467","X-Factor Harmonic Stabilizer Lost 6 in. 8.5 oz.","KIN-68763","X FACTOR"
"245128","Bohning HD Arrow Wraps White Deer 4 in. 13 pk.","KIN-69438","BOHNING"
"246542","Grim Reaper Rebuild Kit Hybrid 100 gr. 9 pk.","KIN-69478","GRIM REAPER"
"249171","LOC Outdoorz Mat-LOC ChubbE Sling Black/Camouflage","KIN-69568","LOC OUTDOORZ"
"249275","LOC Outdoorz Pro Hunt'R Lite Sling Camouflage","KIN-69569","LOC OUTDOORZ"
"249276","LOC Outdoorz Pro Hunt'R Lite Sling Neon Orange","KIN-69570","LOC OUTDOORZ"
"249204","LOC Outdoorz Pro Hunt'R Lite Sling Neon Green","KIN-69571","LOC OUTDOORZ"
"249277","LOC Outdoorz Pro Hunt'R Lite Sling Red","KIN-69573","LOC OUTDOORZ"
"246534","Swhacker Practice Head 100 gr. 1.75 in. 3 pk.","KIN-69586","Swhacker"
"246535","Swhacker Practice Head 100 gr. 2 in. 3 pk.","KIN-69587","Swhacker"
"246529","Swhacker 3 Blade Practice Head 100 gr. 1.5 in. 3 pk","KIN-69593","Swhacker"
"246536","Ramcat Broadheads Practice Blades Practice Blades 100/125gr. 9 pk.","KIN-69597","RAMCAT"
"246419","Ramcat Crossbow Broadheads 100 gr. 3 pk.","KIN-69599","RAMCAT"
"246440","Ramcat Crossbow Broadheads 125 gr. 3 pk.","KIN-69600","RAMCAT"
"246573","Slick Trick Grizztrick 2 Replacement Blades 100/125 gr.","KIN-69626","SLICK TRICK"
"246543","Slick Trick Viper Trick Replacement Blades Blades 100/125 gr.","KIN-69629","SLICK TRICK"
"246555","Slick Trick Crossbow Trick Replacement Blades 100/150 gr.","KIN-69632","SLICK TRICK"
"251303","Stan SX3 Release Quattro 4 Finger Medium","KIN-69634","Stanislawski"
"251270","Stan SX3 Release Trio 3 Finger Large","KIN-69635","Stanislawski"
"251246","Stan SX3 Release Quattro 4 Finger Large","KIN-69636","Stanislawski"
"246224","Magnus Black Hornet Broadheads 4 Blade 125 gr. 3 pk.","KIN-69646","Magnus"
"246140","Magnus Black Hornet Ser-Razor Broadheads 4 Blade 125 gr. 3 pk.","KIN-69648","Magnus"
"242270","Easton Carbon Injexion Arrows 330 Blazer Vanes 6 pk.","KIN-69759","Easton"
"242590","Easton 5mm Full Metal Jacket Arrows 300 Blazer Vanes 6 pk.","KIN-69766","Easton"
"242400","Easton 5mm Full Metal Jacket Arrows 340 Blazer Vanes 6 pk.","KIN-69767","Easton"
"242591","Easton 5mm Full Metal Jacket Arrows 400 Blazer Vanes 6 pk.","KIN-69768","Easton"
"242592","Easton 5mm Full Metal Jacket Arrows 500 Blazer Vanes 6 pk.","KIN-69769","Easton"
"242271","Easton 5mm Full Metal Jacket Dangerous Game Arrows 250 Blazer Vanes 6 pk.","KIN-69772","Easton"
"242593","Easton 5mm Axis Arrows 260 Blazer Vanes 6 pk.","KIN-69774","Easton"
"242401","Easton 5mm Axis Arrows 300 Blazer Vanes 6 pk.","KIN-69775","Easton"
"242272","Easton 5mm Axis Arrows 340 Blazer Vanes 6 pk.","KIN-69776","Easton"
"242594","Easton 5mm Axis Arrows 400 Blazer Vanes 6 pk.","KIN-69777","Easton"
"242273","Easton 5mm Axis Arrows 500 Blazer Vanes 6 pk.","KIN-69778","Easton"
"242660","Easton 5mm Axis Arrows 600 Blazer Vanes 6 pk.","KIN-69779","Easton"
"242595","Easton Hexx 6mm Arrows 400 Blazer Vanes 6 pk.","KIN-69795","Easton"
"242661","Easton Bloodline 6mm Arrows 480 Blazer Vanes 6 pk.","KIN-69802","Easton"
"242917","Easton Gamegetter XX75 Arrows 500 4 in. Vanes 6 pk.","KIN-69831","Easton"
"247106","Easton Youth Recurve Bow Kit Black 26 in. 10-20 lbs. RH/LH","KIN-69880","Easton"
"247104","Easton Youth Recurve Bow Kit Pink 26 in. 10-20 lbs. RH/LH","KIN-69881","Easton"
"243957","Easton 6mm H Nocks Yellow 12 pk.","KIN-69885","Easton"
"244158","Easton 4mm Pins #3 12 pk.","KIN-69887","Easton"
"244129","Easton 4mm Pins #2 12 pk.","KIN-69888","Easton"
"244564","Easton 4mm ML Stainless Steel Points #3 90-110 gr. 12 pk.","KIN-69890","Easton"
"244451","Easton 4mm ML Stainless Steel Points #2 70-90 gr. 12 pk.","KIN-69891","Easton"
"244565","Easton Glue In Target Points SuperDrive 27 250 gr. 12 pk.","KIN-69892","Easton"
"244494","Easton Glue In Target Points Genesis 1820 59 gr. 100 pk.","KIN-69893","Easton"
"245286","Easton Dr. Dougs Quick Bond Vane Adhesive .5 oz.","KIN-69896","Easton"
"251004","Easton Dr. Dougs Arrow Lube","KIN-69900","Easton"
"250374","Easton Flipside 2-Tube Hip Quiver Blue RH/LH","KIN-69913","Easton"
"250490","Easton Flipside 2-Tube Hip Quiver Red RH/LH","KIN-69915","Easton"
"250375","Easton Flipside 3-Tube Hip Quiver Blue RH/LH","KIN-69918","Easton"
"250479","Easton Flipside 4-Tube Hip Quiver Blue RH/LH","KIN-69923","Easton"
"250480","Easton Flipside 4-Tube Hip Quiver Red RH/LH","KIN-69925","Easton"
"250376","Easton Flipside 4-Tube Hip Quiver Black RH/LH","KIN-69927","Easton"
"249172","Easton Stiff Wrist Sling Camouflage","KIN-69931","Easton"
"249173","Easton Stiff Wrist Sling Black","KIN-69932","Easton"
"249174","Easton Stiff Wrist Sling Red/Black","KIN-69933","Easton"
"251644","NAP Apache Predator Bowfishing Flashlight White LED","KIN-69965","New Archery Products"
"243627","Easton Camo Hunter XX75 Shafts 1816 1 doz.","KIN-7001816","Easton"
"243611","Easton Camo Hunter XX75 Shafts 1916 1 doz.","KIN-7001916","Easton"
"243628","Easton Camo Hunter XX75 Shafts 2013 1 doz.","KIN-7002013","Easton"
"243612","Easton Camo Hunter XX75 Shafts 2016 1 doz.","KIN-7002016","Easton"
"243639","Easton Camo Hunter XX75 Shafts 2018 1 doz.","KIN-7002018","Easton"
"243640","Easton Camo Hunter XX75 Shafts 2114 1 doz.","KIN-7002114","Easton"
"243641","Easton Camo Hunter XX75 Shafts 2117 1 doz.","KIN-7002117","Easton"
"243642","Easton Camo Hunter XX75 Shafts 2213 1 doz.","KIN-7002213","Easton"
"243648","Easton Camo Hunter XX75 Shafts 2215 1 doz.","KIN-7002215","Easton"
"243649","Easton Camo Hunter XX75 Shafts 2216 1 doz.","KIN-7002216","Easton"
"243650","Easton Camo Hunter XX75 Shafts 2219 1 doz.","KIN-7002219","Easton"
"243629","Easton Camo Hunter XX75 Shafts 2314 1 doz.","KIN-7002314","Easton"
"243651","Easton Camo Hunter XX75 Shafts 2315 1 doz.","KIN-7002315","Easton"
"243652","Easton Camo Hunter XX75 Shafts 2317 1 doz.","KIN-7002317","Easton"
"243653","Easton Camo Hunter XX75 Shafts 2413 1 doz.","KIN-7002413","Easton"
"242959","Gold Tip Lightning Arrows Black 2.5 in. Vanes 6 pk.","KIN-70074","Gold Tip"
"242960","Gold Tip Fiberglass Arrows Black 2.5 in. Vanes 6 pk.","KIN-70075","Gold Tip"
"243800","Gold Tip .246 Inserts Aluminum 50 gr. 12 pk.","KIN-70076","Gold Tip"
"244359","Gold Tip EZ-Pull Points 11/32 100 gr. 12 pk.","KIN-70077","Gold Tip"
"244610","Gold Tip Glue In Points X-Cutter 140 gr. 12 pk.","KIN-70078","Gold Tip"
"243908","Gold Tip Accu-Lite Nocks Pink 12 pk.","KIN-70079","Gold Tip"
"243958","Gold Tip Accu-Lite Nocks Yellow 12 pk.","KIN-70080","Gold Tip"
"244058","Gold Tip HD Pin Nocks Black 12 pk.","KIN-70081","Gold Tip"
"244075","Gold Tip HD Pin Nocks Pink 12 pk.","KIN-70082","Gold Tip"
"244076","Gold Tip HD Pin Nocks Yellow 12 pk.","KIN-70083","Gold Tip"
"251193","TRU Ball Shooter Release Velcro Blue Junior","KIN-70094","Tru Ball"
"251149","TRU Ball Shooter Release Buckle Red Junior","KIN-70097","Tru Ball"
"251194","TRU Ball Shooter Release Velcro Green Junior","KIN-70098","Tru Ball"
"251184","TRU Ball Shooter Release Velcro Purple Junior","KIN-70100","Tru Ball"
"251185","TRU Ball Bandit Release Bone Collector Buckle Large","KIN-70104","Tru Ball"
"246574","Flying Arrow Cyclone Broadhead Replacement Blades 100 gr. 9pk","KIN-70158","FLYING ARROW"
"249367","Limbsaver Super Quad Limb Dampeners Blue 2 pk.","KIN-70363","LIMBSAVER"
"249426","Limbsaver Super Quad Limb Dampeners Green 2 pk.","KIN-70364","LIMBSAVER"
"249427","Limbsaver Super Quad Limb Dampeners Pink 2 pk.","KIN-70365","LIMBSAVER"
"249412","Limbsaver Super Quad Limb Dampeners Red 2 pk.","KIN-70366","LIMBSAVER"
"249383","Limbsaver Super Quad Limb Dampeners Orange 2 pk.","KIN-70367","LIMBSAVER"
"249428","Limbsaver Broadband Dampeners Recurve Black 2 pk.","KIN-70368","LIMBSAVER"
"249700","Limbsaver S-Coil Stabilizer Green 4.5 in.","KIN-70388","LIMBSAVER"
"249468","Limbsaver S-Coil Stabilizer Purple 4.5 in.","KIN-70389","LIMBSAVER"
"249554","Limbsaver S-Coil Stabilizer Pink 4.5 in.","KIN-70390","LIMBSAVER"
"249701","Limbsaver S-Coil Stabilizer Blue 4.5 in.","KIN-70391","LIMBSAVER"
"249702","Limbsaver S-Coil Stabilizer Orange 4.5 in.","KIN-70392","LIMBSAVER"
"251875","Limbsaver Broadband Crossbow Kit Split Limb Black","KIN-70410","LIMBSAVER"
"250188","Limbsaver Silent Quiver Carbon 5 Arrow","KIN-70418","LIMBSAVER"
"250103","Bee Stinger V-Bar Block Black Elite","KIN-70576","Bee Stinger"
"250019","Bee Stinger Pro Hunter Weight Black 4 oz.","KIN-70578","Bee Stinger"
"250664","QAD UltraRest HDX PSE Mossy Oak Infinity RH","KIN-70587","QAD"
"250713","QAD UltraRest HDX PSE Red RH","KIN-70589","QAD"
"250665","QAD UltraRest HDX PSE Black RH","KIN-70591","QAD"
"250714","QAD UltraRest HDX PSE Black LH","KIN-70592","QAD"
"250666","QAD UltraRest HDX Orange RH","KIN-70593","QAD"
"250667","QAD UltraRest HDX Purple RH","KIN-70594","QAD"
"246406","QAD Exodus Broadheads Crossbow Full Blade 125 gr. 3 pk","KIN-70597","QAD"
"246407","QAD Exodus Broadheads Crossbow Full Blade 100 gr. 3 pk.","KIN-70598","QAD"
"246587","Swhacker HDX3 Sharpener","KIN-70607","Swhacker"
"252247","Vista Torx Wrench Set","KIN-70664","Vista"
"249305","Hunters Specialties Bow Sling Quick Release","KIN-70738","Hunters Specialties"
"246296","Innerloc Shape Shifter Broadheads 3 Blade 100 gr. 3 pk","KIN-70800","Innerloc"
"251516","Innerloc Glow Max Bowfishing Arrow w/3 Barb Grapple Point 5/16 in.","KIN-70802","Innerloc"
"251367","Carter Honey 2 Release 3 Finger","KIN-70864","Carter"
"250616","Titan Compact Back Quiver Orange RH/LH","KIN-70986","ALLEN"
"246891","Genesis Bow Red LH","KIN-70997","Genesis"
"246892","Genesis Bow Green LH","KIN-71001","Genesis"
"246893","Genesis Bow Yellow RH","KIN-71002","Genesis"
"246894","Genesis Bow Yellow LH","KIN-71003","Genesis"
"246871","Genesis Bow Purple LH","KIN-71005","Genesis"
"246889","Genesis Bow Set Blue LH","KIN-71011","Genesis"
"246877","Genesis Bow Set Green RH","KIN-71020","Genesis"
"249175","LOC Outdoorz Mat-LOC ChubbE Sling Black","KIN-71027","LOC OUTDOORZ"
"249205","LOC Outdoorz Mat-LOC ChubbE Sling Blue","KIN-71028","LOC OUTDOORZ"
"249278","LOC Outdoorz Mat-LOC Ultra Sling Neon Orange","KIN-71033","LOC OUTDOORZ"
"249176","LOC Outdoorz Pro Hunt'R Lite Sling Black","KIN-71034","LOC OUTDOORZ"
"246872","Genesis Bow Set Orange RH","KIN-71035","Genesis"
"249429","BowJax SlimJax Cable Rod Dampener Neon Green","KIN-71083","Bow Jax"
"249368","BowJax Revelation Limb Dampeners Neon Green 11/16 in. 4 pk.","KIN-71084","Bow Jax"
"250051","BowJax MaxJax Dampener Neon Green 5/8-1 in. 2 pk.","KIN-71091","Bow Jax"
"250052","BowJax MaxJax Dampener Red 5/8-1 in. 2 pk.","KIN-71093","Bow Jax"
"252280","Pine Ridge Star Drive Wrench Set","KIN-71095","PINE RIDGE"
"249385","Outdoor Prostaff Wire Wrap Silencers Black 6 pk.","KIN-71210","Outdoor Prostaff"
"249430","Outdoor Prostaff Wire Wrap Silencers Silver 6 pk.","KIN-71211","Outdoor Prostaff"
"249431","Outdoor Prostaff Wire Wrap Silencers Pink 6 pk.","KIN-71212","Outdoor Prostaff"
"249432","Outdoor Prostaff Wire Wrap Silencers Green 6 pk.","KIN-71213","Outdoor Prostaff"
"249369","Outdoor Prostaff Wire Wrap Silencers Red 6 pk.","KIN-71214","Outdoor Prostaff"
"249413","Outdoor Prostaff Wire Wrap Silencers Blue 6 pk.","KIN-71215","Outdoor Prostaff"
"249177","Paradox Standard Bow Sling Mission Camo","KIN-71356","Paradox"
"247526","Vapor Trail Control Cable Mathews MR Series 30 3/8 in.","KIN-71387","Vapor Trail"
"250293","Kwikee Kwiver Kwik-3 Quiver Realtree Xtra 3 Arrow","KIN-71427","KWIKEE KWIVER"
"247418","Vapor Trail Bowstring PSE Evo 60 3/4 in.","KIN-71445","Vapor Trail"
"246141","Solid Legend Broadheads .5 in. Bleeder Blade 100 gr. 3 pk.","KIN-71450","Solid"
"246173","Solid Legend Broadheads .75 in. Bleeder Blade 100 gr. 3 pk.","KIN-71451","Solid"
"246225","Solid Legend Broadheads .5 in. Bleeder Blade 125 gr. 3 pk.","KIN-71452","Solid"
"246174","Solid Legend Broadheads .75 in. Bleeder Blade 125 gr. 3 pk.","KIN-71453","Solid"
"246598","Solid Turkey D-Cap Broadheads 3 Blade 200 gr. 2 pk.","KIN-71454","Solid"
"252004","Excalibur Carbon FireBolts 20 in Illuminated Nocks 3 pk.","KIN-71471","Excalibur"
"249414","Limbsaver Broadband Dampeners Solid Limb Blue 2 pk.","KIN-71732","LIMBSAVER"
"249386","Limbsaver Broadband Dampeners Split Limb Blue 2 pk.","KIN-71733","LIMBSAVER"
"249387","Limbsaver Super Quad Limb Dampeners Purple 2 pk.","KIN-71734","LIMBSAVER"
"249469","Limbsaver LS Hunter Lite Stabilizer Black 7 in.","KIN-71748","LIMBSAVER"
"249704","Limbsaver LS Hunter Lite Stabilizer Mossy Oak Infinity 7 in.","KIN-71751","LIMBSAVER"
"249663","Limbsaver LS Hunter Lite Stabilizer Realtree Xtra Green 7 in.","KIN-71753","LIMBSAVER"
"249992","Limbsaver Stabilizer Dampener Black Standard","KIN-71759","LIMBSAVER"
"250067","Limbsaver Stabilizer Dampener Black Large","KIN-71760","LIMBSAVER"
"249329","Limbsaver String Decelerator Universal Mount Black","KIN-71761","LIMBSAVER"
"250189","Apex Reactor LTE Quiver Black 5 Arrow","KIN-72232","APEX"
"250762","Apex Accu Strike Rest Black RH/LH","KIN-72233","APEX"
"250668","Apex Attitude Rest Black RH/LH","KIN-72234","APEX"
"246567","Ramcat Diamondback Broadheads Replacement Blades 100gr. 9pk.","KIN-72237","RAMCAT"
"250190","30-06 Slammer Quiver Black 5 Arrow","KIN-72252","30-06"
"245287","30-06 Tip Jam Thread Bond Non-Permanent","KIN-72258","30-06"
"249555","Bee Stinger Sport Hunter Xtreme Stabilizer Black 6in.","KIN-72267","Bee Stinger"
"249705","Bee Stinger Sport Hunter Xtreme Stabilizer Mossy Oak Country 6 in.","KIN-72268","Bee Stinger"
"249706","Bee Stinger Sport Hunter Xtreme Stabilizer Black 8 in.","KIN-72279","Bee Stinger"
"249707","Bee Stinger Sport Hunter Xtreme Stabilizer Mossy Oak Country 8 in.","KIN-72280","Bee Stinger"
"249556","Bee Stinger Sport Hunter Xtreme Stabilizer Black 10 in.","KIN-72291","Bee Stinger"
"249664","Bee Stinger Sport Hunter Xtreme Stabilizer Kit Black 8/6in.","KIN-72294","Bee Stinger"
"249470","Bee Stinger Sport Hunter Xtreme Stabilizer Kit Black 10/8in","KIN-72297","Bee Stinger"
"249665","Bee Stinger Pro Hunter Maxx Stabilizer Black 8 in.","KIN-72302","Bee Stinger"
"249472","Bee Stinger Pro Hunter Maxx Stabilizer Black 10in.","KIN-72305","Bee Stinger"
"249471","Bee Stinger Pro Hunter Maxx Stabilizer Black 12in.","KIN-72308","Bee Stinger"
"249870","Bee Stinger Competitor Stabilizer Freestyle Kit Matte Black","KIN-72310","Bee Stinger"
"250104","Bee Stinger V-Bar Block Black Standard","KIN-72326","Bee Stinger"
"250068","Bee Stinger Freestyle Weights Green 1 oz. 3 pk.","KIN-72329","Bee Stinger"
"250053","Bee Stinger Freestyle Weights Red 1 oz. 3 pk.","KIN-72332","Bee Stinger"
"250105","Bee Stinger Adjustable Side Bar","KIN-72380","Bee Stinger"
"250069","Bee Stinger Freestyle Weights Stainless 4 oz. 1 pk.","KIN-72381","Bee Stinger"
"246142","Magnus Black Hornet Broadheads 2 Blade 100 gr. 3 pk.","KIN-72390","Magnus"
"246175","Magnus Black Hornet Broadheads 2 Blade 125 gr. 3 pk.","KIN-72391","Magnus"
"246226","Magnus Black Hornet Ser-Razor Broadheads 2 Blade 100 gr. 3pk.","KIN-72392","Magnus"
"246176","Magnus Black Hornet Ser-Razor Broadheads 2 Blade 125 gr. 3pk.","KIN-72393","Magnus"
"251746","SA Sports Fever Pro Crossbow Package Muddy Girl","KIN-72398","Sa Sports"
"251304","Carter First Choice Release 3 Finger","KIN-72403","Carter"
"248574","Specialty Archery Peep Housing Black 5/16 in.","KIN-72422","SPECIALTY ARCHERY"
"248497","Specialty Archery Peep Wrench 5/16 in.","KIN-72423","SPECIALTY ARCHERY"
"248498","Specialty Archery Verifier 5/16 in. No. 4","KIN-72425","SPECIALTY ARCHERY"
"248598","Specialty Archery Verifier 5/16 in. No. 5","KIN-72426","SPECIALTY ARCHERY"
"248499","Specialty Archery Verifier 5/16 in. No. 6","KIN-72427","SPECIALTY ARCHERY"
"248599","Specialty Archery Verifier 5/16 in. No. 7","KIN-72428","SPECIALTY ARCHERY"
"248464","Specialty Archery Verifier 5/16 in. No. 8","KIN-72429","SPECIALTY ARCHERY"
"248575","Specialty Archery Verifier 5/16 in. No. 9","KIN-72430","SPECIALTY ARCHERY"
"250855","Specialty Archery Best Blades .010 2 Hole Standard V","KIN-72433","SPECIALTY ARCHERY"
"250054","Limbsaver Broadband Stabilizer Enhancer Black Large","KIN-72543","LIMBSAVER"
"250055","Limbsaver Broadband Stabilizer Enhancer Black Small","KIN-72544","LIMBSAVER"
"249473","Limbsaver LS Hunter Lite Stabilizer Mossy Oak Country 7 in.","KIN-72549","LIMBSAVER"
"248780","Limbsaver Everlast String Leech Green 2 pk.","KIN-72552","LIMBSAVER"
"248781","Limbsaver Super String Leech Black 4 pk.","KIN-72553","LIMBSAVER"
"249306","Limbsaver Kodiak AIR Sling Camo","KIN-72558","LIMBSAVER"
"250191","Limbsaver Silent Quiver Mossy Oak Country 5 Arrow","KIN-72561","LIMBSAVER"
"246582","MTM Broadhead Box Clear","KIN-72565","MTM"
"247225","J and D Teardrop Bowstring Black B50 27 in. 16 Strand","KIN-7260","J And D Custom Strings"
"247419","J and D Teardrop Bowstring Black B50 28 in. 16 Strand","KIN-7264","J And D Custom Strings"
"250730","QAD UltraRest MXT Mossy Oak Infinity RH","KIN-72640","QAD"
"250669","QAD UltraRest MXT Red RH","KIN-72641","QAD"
"249474","KTech DX Hunter Stabilizer Lost XD 6 in.","KIN-72677","Ktech"
"251150","Hot Shot Cinch Release Buckle Black","KIN-72695","Hot Shot Manufacturing"
"251122","Hot Shot Cinch Post Release Buckle Black","KIN-72696","Hot Shot Manufacturing"
"251123","Hot Shot Impetus Release Post Black","KIN-72697","Hot Shot Manufacturing"
"251247","Hot Shot X-Spot Release 3 Finger","KIN-72698","Hot Shot Manufacturing"
"242663","Victory VAP TKO Gamer Low Torque Arrows 350 Blazer Vanes 6 pk.","KIN-72700","Victory"
"242403","Victory RIP XV Gamer Arrows 300 Blazer Vanes 6 pk.","KIN-72705","Victory"
"242275","Victory RIP XV Gamer Arrows 350 Blazer Vanes 6 pk.","KIN-72706","Victory"
"242276","Victory RIP XV Gamer Arrows 400 Blazer Vanes 6 pk.","KIN-72707","Victory"
"243762","Victory VAP SHOK Inserts Black .241 35 gr. 12 pk.","KIN-72712","Victory"
"243801","Victory VAP SHOK Inserts Grey .234 35 gr. 12 pk.","KIN-72713","Victory"
"243802","Victory VAP SHOK Inserts Green .229 35 gr. 12 pk.","KIN-72714","Victory"
"243734","Victory RIP SHOK Inserts Black 21 gr. 12 pk.","KIN-72715","Victory"
"243803","Victory RIP SHOK Inserts Grey 21 gr. 12 pk.","KIN-72716","Victory"
"243763","Victory RIP SHOK Inserts Green 21 gr. 12 pk.","KIN-72717","Victory"
"244566","Victory Glue In Points 3DHV 80-150 gr. 12 pk.","KIN-72721","Victory"
"247420","J and D Teardrop Bowstring Black B50 31 in. 16 Strand","KIN-7276","J And D Custom Strings"
"251929","Titan Crossbow Decocking Bolt","KIN-72773","ALLEN"
"248171","FirstString Premium String Kit Green/Brown Mathews Creed","KIN-72786","First String"
"248172","FirstString Premium String Kit Green/Brown PSE Stinger 3G","KIN-72787","First String"
"248173","FirstString Premium String Kit Green/Brown PSE Stinger X","KIN-72788","First String"
"248382","FirstString Premium String Kit Green/Brown Diamond Infinite Edge","KIN-72789","First String"
"248383","FirstString Premium String Kit Green/Brown Mathews Chill","KIN-72790","First String"
"248234","FirstString Premium String Kit Green/Brown PSE 2011 Bow Madness","KIN-72793","First String"
"248235","FirstString Premium String Kit Green/Brown PSE 2012-2013 Bow Madness 3G","KIN-72794","First String"
"248384","FirstString Premium String Kit Green/Brown PSE Bow Madness XS","KIN-72795","First String"
"247290","J and D Teardrop Bowstring Black B50 32 in. 16 Strand","KIN-7280","J And D Custom Strings"
"247226","J and D Teardrop Bowstring Black B50 32 in. 18 Strand","KIN-7281","J And D Custom Strings"
"247291","J and D Teardrop Bowstring Black B50 33 in. 16 Strand","KIN-7284","J And D Custom Strings"
"251898","Excalibur X-Slick Rail Lube","KIN-72841","Excalibur"
"247735","Excalibur Micro String Green","KIN-72843","Excalibur"
"246420","Excalibur BoltCutter Broadheads 150 gr. 6 pk.","KIN-72844","Excalibur"
"247292","J and D Teardrop Bowstring Black B50 33 in. 18 Strand","KIN-7285","J And D Custom Strings"
"251869","Excalibur Quiver Realtree Xtra 4 Arrow","KIN-72850","Excalibur"
"251858","Excalibur Rope Cocking Aid Assembled","KIN-72851","Excalibur"
"250990","Excalibur Extinguisher Puller","KIN-72854","Excalibur"
"250288","Kwikee Kwiver Kwik-3 Quiver Lost XD 3 Arrow","KIN-72868","KWIKEE KWIVER"
"250225","Kwikee Kwiver Kompound Quiver Lost XD 6 Arrow","KIN-72871","KWIKEE KWIVER"
"247367","J and D Teardrop Bowstring Black B50 34 in. 16 Strand","KIN-7288","J And D Custom Strings"
"247421","J and D Teardrop Bowstring Black B50 34 in. 18 Strand","KIN-7289","J And D Custom Strings"
"247227","J and D Teardrop Bowstring Black B50 35 in. 14 Strand","KIN-7291","J And D Custom Strings"
"247368","J and D Teardrop Bowstring Black B50 35 in. 16 Strand","KIN-7292","J And D Custom Strings"
"247422","J and D Teardrop Bowstring Black B50 35 in. 18 Strand","KIN-7293","J And D Custom Strings"
"249243","Paradox Bow Sling Black/Purple","KIN-72947","Paradox"
"249178","Paradox Elite Bow Sling Black/Purple","KIN-72948","Paradox"
"247293","J and D Teardrop Bowstring Black B50 36 in. 14 Strand","KIN-7295","J And D Custom Strings"
"247423","J and D Teardrop Bowstring Black B50 36 in. 16 Strand","KIN-7296","J And D Custom Strings"
"247369","J and D Teardrop Bowstring Black B50 36 in. 18 Strand","KIN-7297","J And D Custom Strings"
"249958","Bee Stinger Competitor Stabilizer Freesyle Kit Black/Silver","KIN-73006","Bee Stinger"
"250088","Bee Stinger Quick Disconnect 10 Degree Angle","KIN-73011","Bee Stinger"
"247294","J and D Teardrop Bowstring Black B50 37 in. 16 Strand","KIN-7308","J And D Custom Strings"
"247370","J and D Teardrop Bowstring Black B50 37 in. 18 Strand","KIN-7309","J And D Custom Strings"
"250226","Trophy Ridge 5 Spot Quiver Black 5 Arrow","KIN-73092","TROPHY RIDGE"
"250638","QAD UltraRest HDX Tactical RH","KIN-73096","QAD"
"250639","QAD UltraRest HDX Tactical LH","KIN-73097","QAD"
"246365","Wasp Jak-Knife Broadheads 2 Blade 100 gr. 3 pk.","KIN-73139","Wasp"
"246393","Wasp Drone Broadheads Deep Six 3 Blade 100 gr. 3 pk.","KIN-73140","Wasp"
"247371","J and D Teardrop Bowstring Black B50 38 in. 14 Strand","KIN-7315","J And D Custom Strings"
"247228","J and D Teardrop Bowstring Black B50 38 in. 16 Strand","KIN-7316","J And D Custom Strings"
"244666","3Rivers Archery Weight Tubes 5/16 in. 3 gpi. 12 pk.","KIN-73186","Three Rivers"
"244667","3Rivers Archery Weight Tubes 5/16 in. 5 gpi. 12 pk.","KIN-73187","Three Rivers"
"247295","J and D Teardrop Bowstring Black B50 39 in. 14 Strand","KIN-7324","J And D Custom Strings"
"247229","J and D Teardrop Bowstring Black B50 39 in. 16 Strand","KIN-7325","J And D Custom Strings"
"247230","J and D Teardrop Bowstring Black B50 40 in. 16 Strand","KIN-7333","J And D Custom Strings"
"251092","AAE Gold Micro Clicker RH","KIN-73339","AAE"
"248782","Zebra String Silencers Blue 4 pk.","KIN-73340","ZEBRA"
"248734","Zebra String Silencers Green 4 pk.","KIN-73341","ZEBRA"
"248766","Zebra String Silencers Orange 4 pk.","KIN-73342","ZEBRA"
"248735","Zebra String Silencers Pink 4 pk.","KIN-73343","ZEBRA"
"248736","Zebra String Silencers Purple 4 pk.","KIN-73344","ZEBRA"
"248767","Zebra String Silencers Red 4 pk.","KIN-73345","ZEBRA"
"248737","Zebra String Silencers Black 4 pk.","KIN-73347","ZEBRA"
"248870","Zebra String Wax","KIN-73348","ZEBRA"
"247296","J and D Teardrop Bowstring Black B50 41 in. 16 Strand","KIN-7337","J And D Custom Strings"
"246375","Xecutioner Broadheads Expandable Black 100 gr. 4 pk.","KIN-73437","Xecutioner"
"246376","Xecutioner Broadheads Expandable Green 100 gr. 4 pk.","KIN-73438","Xecutioner"
"246315","Xecutioner Broadheads Expandable Red 100 gr. 4 pk.","KIN-73439","Xecutioner"
"247231","J and D Teardrop Bowstring Black B50 42 in. 16 Strand","KIN-7344","J And D Custom Strings"
"246612","Xecutioner Broadheads Hybrid Expandable 125 gr. 4pk.","KIN-73442","Xecutioner"
"246476","Xecutioner The Slocker Small Game Head 12 pk.","KIN-73443","Xecutioner"
"250106","Bowfinger Ultimate Side Bar Mount","KIN-73451","Bowfinger"
"250132","Bowfinger Ultimate Riser Mount Rear","KIN-73452","Bowfinger"
"250144","Bowfinger Quick Disconnect","KIN-73456","Bowfinger"
"249557","Bowfinger Ultimate Hunter Stabilizer Black 8 in.","KIN-73458","Bowfinger"
"249558","Bowfinger Ultimate Hunter Stabilizer Black 10 in.","KIN-73459","Bowfinger"
"249940","Bowfinger Target XCH Stabilizer Black 12 in.","KIN-73461","Bowfinger"
"249871","Bowfinger Target XCH Stabilizer Black 30 in.","KIN-73463","Bowfinger"
"250020","Bowfinger Stack Weight Set Black 10 oz.","KIN-73464","Bowfinger"
"250671","Bowfinger Medusa Max Rest Black RH","KIN-73470","Bowfinger"
"250731","Bowfinger Medusa Max Rest Black LH","KIN-73471","Bowfinger"
"247232","J and D Teardrop Bowstring Black B50 43 in. 16 Strand","KIN-7348","J And D Custom Strings"
"251633","Quick Draw Bowfishing Rest Silver RH/LH","KIN-73482","Quick Draw"
"251621","Quick Draw Bowfishing Rest Pink RH/LH","KIN-73483","Quick Draw"
"247424","Zebra Trophy String Chill X Speckled 65 3/16 in.","KIN-73520","ZEBRA"
"250715","QAD UltraRest HDX Bowtech Black RH","KIN-73529","QAD"
"247233","J and D Teardrop Bowstring Black B50 44 in. 16 Strand","KIN-7353","J And D Custom Strings"
"250732","QAD UltraRest HDX Bowtech Black LH","KIN-73530","QAD"
"250716","QAD UltraRest HDX Bowtech Red RH","KIN-73531","QAD"
"250672","QAD UltraRest HDX Bowtech Mossy Oak Infinity RH","KIN-73533","QAD"
"246408","Swhacker Crossbow Broadheads 125 gr. 2.25in. 3 pk.","KIN-73535","Swhacker"
"244452","Easton Glue In Bullet Points 2315 100 gr. 12 pk.","KIN-73536","Easton"
"244014","NuFletch Ignitor Nock Replacement Bulbs Red Universal 3 pk.","KIN-73548","Nufletch"
"244015","NuFletch Ignitor Nock Replacement Bulbs Green Universal 3pk.","KIN-73549","Nufletch"
"246177","Ramcat Single Bevel Broadheads 100 gr. 3.pk.","KIN-73550","RAMCAT"
"248101","October Mountain Recurve String B50 48 in. AMO 12 Strand","KIN-7366","OCTOBER MOUNTAIN"
"249207","Paradox Elite Bow Sling Open Woodlot Camo","KIN-73663","Paradox"
"249179","Paradox Custom Cobra Bow Sling Open Woodlot Camo","KIN-73665","Paradox"
"249244","Paradox Custom Cobra Bow Sling Hill Top Camo","KIN-73666","Paradox"
"249208","Paradox Bow Sling Open Woodlot Camo","KIN-73667","Paradox"
"248085","October Mountain Recurve String B50 48 in. AMO 14 Strand","KIN-7367","OCTOBER MOUNTAIN"
"251248","Carter Wise Choice Release 3 Finger","KIN-73670","Carter"
"251271","Carter Wise Choice Release 4 Finger","KIN-73671","Carter"
"248132","October Mountain Recurve String B50 48 in. AMO 16 Strand","KIN-7368","OCTOBER MOUNTAIN"
"250133","X-Factor Xtreme TAC Picatinny Rail Black","KIN-73718","X FACTOR"
"248086","October Mountain Recurve String B50 50 in. AMO 12 Strand","KIN-7373","OCTOBER MOUNTAIN"
"248122","October Mountain Recurve String B50 50 in. AMO 14 Strand","KIN-7374","OCTOBER MOUNTAIN"
"252349","Last Chance Pro Grain Scale","KIN-73745","Last Chance Archery"
"250089","AAE Gripper Offset Bracket w/Quick Detach","KIN-73748","AAE"
"250145","AAE Gripper Quick Disconnect 10 Degree","KIN-73749","AAE"
"248123","October Mountain Recurve String B50 50 in. AMO 16 Strand","KIN-7375","OCTOBER MOUNTAIN"
"250962","AAE Freakshow Blade Rest Standard Mount Black RH","KIN-73751","AAE"
"251097","AAE Extended Clicker Black","KIN-73759","AAE"
"248124","October Mountain Recurve String B50 52 in. AMO 12 Strand","KIN-7376","OCTOBER MOUNTAIN"
"250856","AAE Launcher Blade Freak Blade .008","KIN-73760","AAE"
"250846","AAE Launcher Blade Freak Blade .010","KIN-73761","AAE"
"250847","AAE Launcher Blade Freak Blade .012","KIN-73762","AAE"
"250848","AAE Launcher Blade Wide .008","KIN-73763","AAE"
"250864","AAE Launcher Blade Wide .010","KIN-73764","AAE"
"250865","AAE Launcher Blade Wide .012","KIN-73765","AAE"
"250875","AAE Launcher Blade Standard .008","KIN-73766","AAE"
"250876","AAE Launcher Blade Standard .010","KIN-73767","AAE"
"250877","AAE Launcher Blade Standard .012","KIN-73768","AAE"
"250890","AAE Universal Limb Sandwich Black","KIN-73769","AAE"
"248102","October Mountain Recurve String B50 52 in. AMO 14 Strand","KIN-7377","OCTOBER MOUNTAIN"
"245662","AAE Elite Plastifletch Vanes Black 1.75 in. 100 pk.","KIN-73770","AAE"
"245489","AAE Elite Plastifletch Vanes Yellow 1.75 in. 100 pk.","KIN-73771","AAE"
"245490","AAE Elite Plastifletch Vanes Neon Green 2.375 in. 100 pk.","KIN-73772","AAE"
"245491","AAE Elite Plastifletch Vanes Black 2.375 in. 100 pk.","KIN-73773","AAE"
"246006","AAE Elite Plastifletch Vanes Blue 2.375 in. 100 pk.","KIN-73774","AAE"
"245932","AAE Elite Plastifletch Vanes Yellow 2.375 in. 100 pk.","KIN-73775","AAE"
"246007","AAE Max Hunter Vanes Fire Orange 2.1 in. 100 pk.","KIN-73776","AAE"
"246008","AAE Max Hunter Vanes Red 2.1 in. 100 pk.","KIN-73777","AAE"
"246009","AAE Plastifletch Max Vanes Neon Green 2 in. Shield 100pk.","KIN-73778","AAE"
"245492","AAE Plastifletch Max Vanes Black 2 in. Shield 100 pk.","KIN-73779","AAE"
"248125","October Mountain Recurve String B50 52 in. AMO 16 Strand","KIN-7378","OCTOBER MOUNTAIN"
"246010","AAE Plastifletch Max Vanes Blue 2 in. Shield 100 pk.","KIN-73780","AAE"
"245933","AAE Plastifletch Max Vanes Fire Orange 2in. Shield 100pk.","KIN-73781","AAE"
"245663","AAE Plastifletch Max Vanes Red 2 in. Shield 100 pk.","KIN-73782","AAE"
"245934","AAE Plastifletch Max Vanes Hot Pink 2 in. Shield 100 pk.","KIN-73783","AAE"
"245935","AAE Plastifletch Max Vanes White 2 in. Shield 100 pk.","KIN-73784","AAE"
"246011","AAE Plastifletch Max Vanes Yellow 2 in. Shield 100 pk.","KIN-73785","AAE"
"245936","AAE Pro Max Vanes Neon Green 1.7 in. 100 pk.","KIN-73786","AAE"
"245664","AAE Pro Max Vanes Black 1.7 in. 100 pk.","KIN-73787","AAE"
"245937","AAE Pro Max Vanes Blue 1.7 in. 100 pk.","KIN-73788","AAE"
"245938","AAE Pro Max Vanes Fire Orange 1.7 in. 100 pk.","KIN-73789","AAE"
"248087","October Mountain Recurve String B50 54 in. AMO 12 Strand","KIN-7379","OCTOBER MOUNTAIN"
"246012","AAE Pro Max Vanes Red 1.7 in. 100 pk.","KIN-73790","AAE"
"245939","AAE Pro Max Vanes White 1.7 in. 100 pk.","KIN-73791","AAE"
"245665","AAE Pro Max Vanes Yellow 1.7 in. 100 pk.","KIN-73792","AAE"
"249209","AAE Hot Rodz Wrist Sling Black","KIN-73794","AAE"
"249279","AAE Hot Rodz Wrist Sling Red","KIN-73799","AAE"
"248126","October Mountain Recurve String B50 54 in. AMO 14 Strand","KIN-7380","OCTOBER MOUNTAIN"
"250056","AAE Stabilizer Weights Black 1 oz. 3 pk.","KIN-73800","AAE"
"250070","AAE Stabilizer Weights Black 3 oz.","KIN-73801","AAE"
"251040","X-Factor Bow Stand Black","KIN-73805","X FACTOR"
"248715","X-Factor String Factor String Silencers Black 500 pk.","KIN-73809","X FACTOR"
"248127","October Mountain Recurve String B50 54 in. AMO 16 Strand","KIN-7381","OCTOBER MOUNTAIN"
"251388","Stan Morex Clicker Sear .010","KIN-73810","Stanislawski"
"251413","Stan Element TL Release Trio 3 Finger Medium","KIN-73811","Stanislawski"
"251425","Stan Element TL Release Quattro 4 Finger Medium","KIN-73812","Stanislawski"
"251414","Stan Element TL Release Trio 3 Finger Large","KIN-73813","Stanislawski"
"251415","Stan Element TL Release Quattro 4 Finger Large","KIN-73814","Stanislawski"
"251311","Stan Shootoff TL Release Quattro 4 Finger Medium","KIN-73815","Stanislawski"
"251305","Stan Shootoff TL Release Trio 3 Finger Large","KIN-73816","Stanislawski"
"248088","October Mountain Recurve String B50 56 in. AMO 12 Strand","KIN-7382","OCTOBER MOUNTAIN"
"248133","October Mountain Recurve String B50 56 in. AMO 14 Strand","KIN-7383","OCTOBER MOUNTAIN"
"248089","October Mountain Recurve String B50 56 in. AMO 16 Strand","KIN-7384","OCTOBER MOUNTAIN"
"248134","October Mountain Recurve String B50 58 in. AMO 12 Strand","KIN-7385","OCTOBER MOUNTAIN"
"252373","RAM Pro Bow Vise","KIN-73855","Ram"
"248103","October Mountain Recurve String B50 58 in. AMO 14 Strand","KIN-7386","OCTOBER MOUNTAIN"
"248104","October Mountain Recurve String B50 58 in. AMO 16 Strand","KIN-7387","OCTOBER MOUNTAIN"
"248105","October Mountain Recurve String B50 60 in. AMO 12 Strand","KIN-7388","OCTOBER MOUNTAIN"
"248106","October Mountain Recurve String B50 60 in. AMO 14 Strand","KIN-7389","OCTOBER MOUNTAIN"
"248090","October Mountain Recurve String B50 60 in. AMO 16 Strand","KIN-7390","OCTOBER MOUNTAIN"
"248107","October Mountain Recurve String B50 62 in. AMO 12 Strand","KIN-7391","OCTOBER MOUNTAIN"
"251098","Cartel Chest Guard 101 White Small","KIN-73915","CARTEL"
"251099","Cartel Chest Guard 101 White Medium","KIN-73916","CARTEL"
"248128","October Mountain Recurve String B50 62 in. AMO 14 Strand","KIN-7392","OCTOBER MOUNTAIN"
"248135","October Mountain Recurve String B50 62 in. AMO 16 Strand","KIN-7393","OCTOBER MOUNTAIN"
"248136","October Mountain Recurve String B50 64 in. AMO 14 Strand","KIN-7395","OCTOBER MOUNTAIN"
"248137","October Mountain Recurve String B50 64 in. AMO 16 Strand","KIN-7396","OCTOBER MOUNTAIN"
"248108","October Mountain Recurve String B50 66 in. AMO 14 Strand","KIN-7398","OCTOBER MOUNTAIN"
"248138","October Mountain Recurve String B50 66 in. AMO 16 Strand","KIN-7399","OCTOBER MOUNTAIN"
"248091","October Mountain Recurve String B50 68 in. AMO 14 Strand","KIN-7401","OCTOBER MOUNTAIN"
"248139","October Mountain Recurve String B50 68 in. AMO 16 Strand","KIN-7402","OCTOBER MOUNTAIN"
"248092","October Mountain Recurve String B50 69 in. AMO 14 Strand","KIN-7403","OCTOBER MOUNTAIN"
"248093","October Mountain Recurve String B50 69 in. AMO 16 Strand","KIN-7404","OCTOBER MOUNTAIN"
"250227","Apex Reactor LTE Quiver Realtree Xtra 5 Arrow","KIN-74045","APEX"
"251073","Bateman Leather Bow Stringer 70 in.","KIN-74046","Bateman"
"251074","Bateman U2 Rubber Loop Bow Stringer 70 in.","KIN-74047","Bateman"
"248109","October Mountain Recurve String B50 70 in. AMO 14 Strand","KIN-7405","OCTOBER MOUNTAIN"
"250909","AAE Freakshow Blade Rest Extended Mount RH","KIN-74051","AAE"
"250192","Mathews Arrow Web HD Quiver Black 4 Arrow","KIN-74054","MATHEWS"
"250228","Mathews Arrow Web HD Quiver Black 6 Arrow","KIN-74057","MATHEWS"
"248094","October Mountain Recurve String B50 70 in. AMO 16 Strand","KIN-7406","OCTOBER MOUNTAIN"
"249666","Axion GLZ Gridlock Lite Stabilizer Lost XD 5 in.","KIN-74060","Axion"
"248140","J and D Oneida Recurve String Black B50 46 5/8 in.","KIN-7407","J And D Custom Strings"
"245267","Flex Fletch Flex Bond Glue 22g","KIN-74116","Flex Fletch"
"245251","Flex Fletch Zing Primer Pen .4 oz.","KIN-74118","Flex Fletch"
"252273","Specialty Clarifier Display Tool","KIN-74124","SPECIALTY ARCHERY"
"252278","Specialty Verifier Display Tool","KIN-74125","SPECIALTY ARCHERY"
"252234","Last Chance Ultra Lock Adapter","KIN-74142","Last Chance Archery"
"252178","Lumenok Crossbow Nocks HD Orange Moon GT Laser IV/Nitro 3 pk.","KIN-74155","Lumenok"
"252196","Lumenok Crossbow Nocks Green Moon GTLaserIV/Nitro 3 pk.","KIN-74156","Lumenok"
"248095","J and D Oneida Recurve String Black B50 49 in.","KIN-7417","J And D Custom Strings"
"250925","AAE Freakshow Blade Rest Standard Mount Black LH","KIN-74171","AAE"
"245493","AAE Max Stealth Vanes Flo. Green 2.6 in. 100 pk.","KIN-74172","AAE"
"245494","AAE Max Stealth Vanes Fire Orange 2.6 in.100 pk.","KIN-74173","AAE"
"246013","AAE Max Stealth Vanes Red 2.6 in. 100 pk.","KIN-74174","AAE"
"246014","AAE Max Stealth Vanes White 2.6 in. 100 pk.","KIN-74175","AAE"
"245495","AAE Max Stealth Vanes Yellow 2.6 in. 100 pk.","KIN-74176","AAE"
"242719","Black Eagle Rampage Arrows .003 300 Blazer Vanes 6 pk.","KIN-74179","Black Eagle"
"242720","Black Eagle Rampage Arrow .003 350 Blazer Vane 6 pk.","KIN-74180","Black Eagle"
"242721","Black Eagle Rampage Arrow .003 400 Blazer Vane 6 pk.","KIN-74181","Black Eagle"
"251041","TruGlo Bow Jack Bow Stand Mini Black/Red","KIN-74184","Truglo"
"247234","Zebra Trophy String Halon","KIN-74195","ZEBRA"
"247604","Zebra Trophy Control Cable Halon","KIN-74196","ZEBRA"
"249667","X Factor Xtreme TAC SBT Stabilizer Black 6 in.","KIN-74219","X FACTOR"
"249559","X Factor Xtreme TAC SBT Stabilizer Lost XD 6 in.","KIN-74220","X FACTOR"
"249708","X Factor Xtreme TAC SBT Stabilizer Kryptek Highlander 6 in.","KIN-74221","X FACTOR"
"249709","X Factor Xtreme TAC SBT Stabilizer Realtree Xtra 6 in.","KIN-74222","X FACTOR"
"249560","Apex Covert Stabilizer Lost XD 7 in.","KIN-74234","APEX"
"246227","Titanium-X Broadheads Fixed Blade 4 Blade 100 gr. 3 pk.","KIN-74249","Truglo"
"248110","J and D Oneida Recurve String Black FastFlight 47 in.","KIN-7425","J And D Custom Strings"
"246377","Ramcat Savage Mechanical Broadheads 100 gr. 3 pk.","KIN-74268","RAMCAT"
"248129","J and D Oneida Recurve String Black FastFlight 49 in.","KIN-7427","J And D Custom Strings"
"246391","Ramcat Diamondback Deep Six 100 gr. 3 pk.","KIN-74270","RAMCAT"
"246178","Ramcat Diamondback Broadheads 125 gr. 3 pk.","KIN-74271","RAMCAT"
"249245","LOC Outdoorz Mat-LOC ChubbE Sling Stone Tan Camo","KIN-74274","LOC OUTDOORZ"
"249210","LOC Outdoorz Mat-LOC Mikron Sling Black","KIN-74275","LOC OUTDOORZ"
"249280","LOC Outdoorz Mat-LOC Mikron Sling Camo","KIN-74276","LOC OUTDOORZ"
"249281","LOC Outdoorz Mikron Sling Black","KIN-74281","LOC OUTDOORZ"
"249282","LOC Outdoorz Mikron Sling Lime","KIN-74283","LOC OUTDOORZ"
"249211","LOC Outdoorz Pro Hunt'R Lite Sling Desert Brown","KIN-74286","LOC OUTDOORZ"
"249283","LOC Outdoors Everest Lite Sling Black","KIN-74287","LOC OUTDOORZ"
"249284","LOC Outdoors Everest Lite Sling Camo","KIN-74288","LOC OUTDOORZ"
"249180","LOC Outdoors Everest Lite Sling Lime","KIN-74290","LOC OUTDOORZ"
"249212","LOC Outdoors Everest Lite Sling Orange","KIN-74291","LOC OUTDOORZ"
"246392","Swhacker Deep Six Broadheads Steel 2 Blade 100 gr. 1.5 in. 3 pk.","KIN-74295","Swhacker"
"246316","Swhacker 2 Blade Broadheads 150 gr. 3 in. 3 pk.","KIN-74299","Swhacker"
"246421","Swhacker Crossbow Broadheads 150 gr. 3 in. 3 pk.","KIN-74300","Swhacker"
"248871","30-06 Little Snot Bowstring Wax","KIN-74326","30-06"
"249710","Bee Stinger Counter Slide Stabilizer Matte Black 10 in.","KIN-74336","Bee Stinger"
"249668","Bee Stinger Counter Slide Stabilizer Matte Black 12 in.","KIN-74339","Bee Stinger"
"249669","Bee Stinger Counter Slide Stabilizer Matte Black 15 in.","KIN-74342","Bee Stinger"
"250134","Bee Stinger Infinity Side Bar Mounting Bracket","KIN-74344","Bee Stinger"
"244042","NuFletch Ignitor Nocks Green Flashing Universal Fit 3 pk.","KIN-74345","Nufletch"
"250673","Hamskea Hybrid Hunter Pro Rest Black LH","KIN-74360","HAMSKEA"
"250640","Hamskea Hybrid Hunter Pro Rest Micro Tune Black RH","KIN-74361","HAMSKEA"
"250641","Hamskea Hybrid Hunter Pro Rest Micro Tune Black LH","KIN-74362","HAMSKEA"
"250963","Hamskea Hybrid Target Pro Black LH","KIN-74364","HAMSKEA"
"250902","Hamskea Limb Clamp Assembly Kit Standard","KIN-74371","HAMSKEA"
"250899","Hamskea Limb Clamp Assembly Kit 5/8 in.","KIN-74372","HAMSKEA"
"250893","Hamskea Limb Clamp Assembly Kit 3/4 in.","KIN-74373","HAMSKEA"
"250857","Hamskea Wide Launcher Blade Stainless Steel .012","KIN-74377","HAMSKEA"
"250866","Hamskea Contoured Launcher Accu-Guide","KIN-74378","HAMSKEA"
"250867","Hamskea Hybrid Hunter Pro Containment Blade","KIN-74379","HAMSKEA"
"250878","Hamskea Hybrid Hunter Pro Stainless Containment Launcher","KIN-74380","HAMSKEA"
"252306","Hamskea Easy Third Axis Level Black","KIN-74381","HAMSKEA"
"252301","Hamskea Easy Third Axis Level DVD Combo","KIN-74382","HAMSKEA"
"250868","Hamskea Versa Overdraw RH/LH Fits Hybrid Pro/Versa","KIN-74383","HAMSKEA"
"252055","Lumenok Crossbow Bolts 20 in. Pink Moon 3 pk.","KIN-74389","Lumenok"
"252005","Lumenok Crossbow Bolts 20 in. Pink Flat 3 pk.","KIN-74390","Lumenok"
"252056","Lumenok Crossbow Bolts 22 in Pink Moon 3 pk.","KIN-74391","Lumenok"
"252057","Lumenok Crossbow Bolts 20 in. Pink Capture 3 pk.","KIN-74392","Lumenok"
"252058","Lumenok Crossbow Bolts 20 in. Barnett Green Moon 3pk.","KIN-74393","Lumenok"
"252180","Lumenok Crossbow Nocks Green Moon Gold Tip 1 pk.","KIN-74394","Lumenok"
"252147","Lumenok Crossbow Nocks Green Flat Gold Tip 1 pk.","KIN-74395","Lumenok"
"252197","Lumenok Crossbow Nocks Green Moon 2219 1 pk.","KIN-74396","Lumenok"
"252132","Lumenok Crossbow Nocks Green 2219 Moon 3 pk.","KIN-74397","Lumenok"
"252181","Clean Shot Contender Crossbow Nocks Green Moon .300 3 pk.","KIN-74417","Clean-Shot"
"252148","Clean Shot Contender Crossbow Nocks Red Moon.300 3 pk.","KIN-74418","Clean-Shot"
"249670","Bee Stinger Pro Hunter Maxx Stabilizer Lost XD 10 in.","KIN-74427","Bee Stinger"
"246015","Flex Fletch FFP Vanes Neon Orange 1.87 in. 100 pk.","KIN-74484","Flex Fletch"
"245940","Flex Fletch FFP Vanes Neon Orange 2 in. 100 pk.","KIN-74490","Flex Fletch"
"246016","Flex Fletch FFP Vanes Cosmic Green 2 in. 100 pk.","KIN-74491","Flex Fletch"
"246017","Flex Fletch FFP Vanes White 2 in. 100 pk.","KIN-74492","Flex Fletch"
"246018","Flex Fletch FFP Vanes Black 2 in. 100 pk.","KIN-74493","Flex Fletch"
"245496","Flex Fletch FFP Vanes Red 2 in. 100 pk.","KIN-74494","Flex Fletch"
"245497","Flex Fletch FFP Vanes Blaze 3 in. 100 pk.","KIN-74504","Flex Fletch"
"245498","Flex Fletch FFP Vanes Neon Orange 3 in. 100 pk.","KIN-74505","Flex Fletch"
"245941","Flex Fletch FFP Vanes White 3 in. 100 pk.","KIN-74507","Flex Fletch"
"245666","Flex Fletch FFP Vanes Red 3 in. 100 pk.","KIN-74508","Flex Fletch"
"245499","Flex Fletch FFP Vanes Blaze 3.6 in. 100 pk.","KIN-74509","Flex Fletch"
"245500","Flex Fletch FFP Vanes White 3.6 in. 100 pk.","KIN-74510","Flex Fletch"
"245942","Flex Fletch FFP Vanes Black 3.6 in 100 pk.","KIN-74511","Flex Fletch"
"252182","Clean Shot Contender Crossbow Nocks Orange Moon .300 3 pk.","KIN-74520","Clean-Shot"
"250021","Bee Stinger Freestyle Weights Stainless 8 oz.","KIN-74521","Bee Stinger"
"250057","Bee Stinger Freestyle Weights Matte Black 8 oz.","KIN-74522","Bee Stinger"
"248600","Hamskea Insight Peep Housing","KIN-74529","HAMSKEA"
"248601","Hamskea Insight Aperture 1/16","KIN-74532","HAMSKEA"
"248500","Hamskea Insight Clarifier A Clear","KIN-74536","HAMSKEA"
"248576","Hamskea Insight Clarifier B Green","KIN-74537","HAMSKEA"
"248602","Hamskea Insight Clarifier C Red","KIN-74538","HAMSKEA"
"248465","Hamskea Insight Clarifier D Blue","KIN-74539","HAMSKEA"
"248577","Hamskea Insight Aperture 6 pc. Set","KIN-74540","HAMSKEA"
"248466","Hamskea Insight Clarifier 4 pc. Set","KIN-74541","HAMSKEA"
"250229","Treelimb Standard Quiver Lost XD 5 Arrow","KIN-74544","Treelimb"
"249671","Kinex Duel Bridge Stabilizer Black 6 in. RH","KIN-74549","Kinex Systems"
"249475","Kinex Duel Bridge Stabilizer Lost XD 6 in. RH","KIN-74551","Kinex Systems"
"249476","Kinex Duel Bridge Stabilizer Lost XD 6 in. LH","KIN-74552","Kinex Systems"
"248792","Gibbs Super Flex D-Loop Material Black 25 ft.","KIN-74557","Gibbs"
"251406","Stan PerfeX Thumb Barrel Large","KIN-74568","Stanislawski"
"251389","Stan PerfeX Post 1 1/8 in.","KIN-74569","Stanislawski"
"250193","Treelimb Standard Quiver Lost XD 3 Arrow","KIN-74843","Treelimb"
"250294","Treelimb Standard Quiver Black 3 Arrow","KIN-74844","Treelimb"
"250295","Treelimb Standard Quiver Black 5 Arrow","KIN-74845","Treelimb"
"250230","Treelimb Standard Quiver Mossy Oak Country 3 Arrow","KIN-74846","Treelimb"
"250290","Treelimb Standard Quiver Mossy Oak Country 5 Arrow","KIN-74847","Treelimb"
"250231","Treelimb Standard Quiver Highlander 3 Arrow","KIN-74848","Treelimb"
"250232","Treelimb Standard Quiver Highlander 5 Arrow","KIN-74849","Treelimb"
"250194","Treelimb Premium Quiver Lost XD 3 Arrow","KIN-74850","Treelimb"
"250233","Treelimb Premium Quiver Lost XD 5 Arrow","KIN-74851","Treelimb"
"250296","Treelimb Premium Quiver Highlander 3 Arrow","KIN-74854","Treelimb"
"250297","Treelimb Premium Quiver Highlander 5 Arrow","KIN-74855","Treelimb"
"249246","Paradox Bow Sling Mountain Stone","KIN-74857","Paradox"
"249247","Paradox Elite Bow Sling BlackOut Neon Orange","KIN-74859","Paradox"
"249248","Paradox Elite Bow Sling BlackOut Neon Green","KIN-74860","Paradox"
"249181","Paradox Elite Bow Sling Mountain Stone","KIN-74861","Paradox"
"249182","Paradox Elite Bow Sling Custom Mountain Stone","KIN-74862","Paradox"
"246486","Titan Thrasher Small Game Head 100 gr. 3 pk.","KIN-74887","ALLEN"
"251403","Stan PerfeX Post 1 1/4 in.","KIN-74913","Stanislawski"
"244611","PDP Glue In Target Points 1214 12 pk.","KIN-74968","Pdp"
"244453","PDP Glue In Target Points 1413 12 pk.","KIN-74969","Pdp"
"244612","PDP Glue In Target Points 1416 12 pk.","KIN-74970","Pdp"
"251508","Innerloc Unity Glow Bowfishing Arrow w/Pro Point","KIN-74984","Innerloc"
"242664","Slash Mag 300 Arrow Set Red 27in. 3 pk.","KIN-74986","Slash Arrows"
"242405","Slash Express 300 Arrow Set Blue 29 in. 3 pk.","KIN-74994","Slash Arrows"
"246179","Slick Trick Standard Broadheads Stainless Steel 125 gr. 3 pk.","KIN-75013","SLICK TRICK"
"250491","Tarantula Field Quiver Black RH","KIN-75038","Tarantula"
"250588","Tarantula Release Pouch Stone/Black","KIN-75044","Tarantula"
"252406","Raxx Bow Hanger Whitetail Skull","KIN-75059","Raxx"
"252380","Raxx Bow Hanger Bowtech Archery","KIN-75061","Raxx"
"244222","No Limit Cobalt Target Point 3D 500-600 Spine 80gr. 12 pk.","KIN-75087","No Limit"
"244216","No Limit Stacker Target Point 3D 150 gr. 12 pk.","KIN-75093","No Limit"
"252315","T-Bird Modular Arrow Saw","KIN-75110","T-Bird Archery"
"252327","T-Bird Cut-Off Wheels 3 in.","KIN-75114","T-Bird Archery"
"252328","T-Bird Vacuum Adapter","KIN-75115","T-Bird Archery"
"249832","Shrewd Onyx Stabilizer Black 14 in.","KIN-75241","Shrewd Archery"
"251009","AAE Lube Tube Hole In One","KIN-75249","AAE"
"245310","AAE Max Clean Arrow Cleaner 3 oz.","KIN-75250","AAE"
"245309","AAE Max Clean Arrow Wipes 10 pk.","KIN-75251","AAE"
"245306","AAE Max Weld Primer Pen","KIN-75252","AAE"
"246485","Cold Steel Cheap Shot Broadheads 100 gr. 10 pk.","KIN-75397","Cold Steel"
"246379","SWAT A4 Broadheads 2 in. 100 gr. 3 pk.","KIN-75582","Swat Broadheads"
"250910","Hamskea Hybrid Target Pro Micro Tune RH","KIN-75685","HAMSKEA"
"250926","Hamskea Hybrid Target Pro Micro Tune LH","KIN-75686","HAMSKEA"
"249477","Gibbs Vi-Damp Stabilizer Camo 6 in.","KIN-75691","Gibbs"
"245667","AAE Pro Max Vanes Hot Pink 1.7 in. 100 pk.","KIN-75694","AAE"
"245947","AAE Max Stealth Vanes Hot Pink 2.6 in. 100 pk.","KIN-75695","AAE"
"245668","AAE Max Hunter Vanes Hot Pink 2.1 in. 100 pk.","KIN-75696","AAE"
"244016","NuFletch Ignitor Nocks Red S 3 pk.","KIN-75756","Nufletch"
"244033","NuFletch Ignitor Nocks Green S 3 pk.","KIN-75757","Nufletch"
"244017","NuFletch Ignitor Nocks Red X 3 pk.","KIN-75758","Nufletch"
"244018","NuFletch Ignitor Nocks Green X 3 pk.","KIN-75759","Nufletch"
"244038","NuFletch Ignitor Nocks Green H 3 pk.","KIN-75761","Nufletch"
"244112","Carbon Express Nock Bushings CXL 250/350 X Buster 350-500 .244 12 pk.","KIN-75776","CARBON EXPRESS"
"251416","Stan PerfeX Resistance Release 3 or 4 Finger Medium","KIN-75801","Stanislawski"
"251417","Stan PerfeX Resistance Release 3 or 4 Finger X-Large","KIN-75803","Stanislawski"
"250946","Shrewd Remedy Arrow Rest .008 Wide Blade RH","KIN-75810","Shrewd Archery"
"250911","Shrewd Remedy Arrow Rest .010 Wide Blade RH","KIN-75811","Shrewd Archery"
"250947","Shrewd Remedy Arrow Rest .012 Wide Blade RH","KIN-75812","Shrewd Archery"
"250927","Shrewd Remedy Arrow Rest .008 Narrow Blade RH","KIN-75813","Shrewd Archery"
"250928","Shrewd Remedy Arrow Rest .010 Narrow Blade RH","KIN-75814","Shrewd Archery"
"250948","Shrewd Remedy Arrow Rest .012 Narrow Blade RH","KIN-75815","Shrewd Archery"
"250912","Shrewd Remedy Arrow Rest .008 Wide Blade LH","KIN-75816","Shrewd Archery"
"250913","Shrewd Remedy Arrow Rest .010 Wide Blade LH","KIN-75817","Shrewd Archery"
"250914","Shrewd Remedy Arrow Rest .012 Wide Blade LH","KIN-75818","Shrewd Archery"
"250964","Shrewd Remedy Arrow Rest .010 Narrow Blade LH","KIN-75820","Shrewd Archery"
"250949","Shrewd Remedy Arrow Rest .012 Narrow Blade LH","KIN-75821","Shrewd Archery"
"249433","Axion Limb Damper Rubber Mount Black X-Large","KIN-75869","Axion"
"247588","J and D Hoyt Control Cables Black FastFlight 43.5 in. 2 pk","KIN-7589","J And D Custom Strings"
"251901","Mission Rail Lube","KIN-75931","Mission"
"249711","Apex End Game Stabilizer Black 8 in.","KIN-75973","APEX"
"249712","Bee Stinger MicroHex Stabilizer Olive 6 in.","KIN-75976","Bee Stinger"
"249713","Bee Stinger MicroHex Stabilizer Brown 6 in.","KIN-75977","Bee Stinger"
"249561","Bee Stinger MicroHex Stabilizer Tan 6 in.","KIN-75978","Bee Stinger"
"249562","Bee Stinger MicroHex Stabilizer Grey 6 in.","KIN-75979","Bee Stinger"
"242277","Gold Tip Pierce Arrows 250 2 in. Fusion X Vanes 6 pk.","KIN-76004","Gold Tip"
"242278","Gold Tip Pierce Arrows 300 2 in. Fusion X Vanes 6 pk.","KIN-76005","Gold Tip"
"242597","Gold Tip Pierce Arrows 340 2 in. Fusion X Vanes 6 pk.","KIN-76006","Gold Tip"
"242406","Gold Tip Pierce Arrows 400 2 in. Fusion X Vanes 6 pk.","KIN-76007","Gold Tip"
"242598","Gold Tip Pierce Platinum Arrows 300 2 in. Fusion X Vanes 6 pk.","KIN-76010","Gold Tip"
"242279","Gold Tip Pierce Platinum Arrows 340 2 in. Fusion X Vanes 6 pk.","KIN-76011","Gold Tip"
"242280","Gold Tip Pierce Platinum Arrows 400 2 in. Fusion X Vanes 6 pk.","KIN-76012","Gold Tip"
"248603","G5 Meta Pro Peep Purple Hunter 3/16 in.","KIN-76025","G5 OUTDOORS"
"248580","G5 Meta Pro Peep Red Hunter 3/16 in.","KIN-76028","G5 OUTDOORS"
"248467","G5 Meta Pro Peep Pink Hunter 3/16 in.","KIN-76033","G5 OUTDOORS"
"242933","Easton Genesis Arrows Purple 1820 3 in. Vanes 6 pk.","KIN-76038","Easton"
"242665","Easton 5mm Axis Traditional Arrows 340 4 in. Feathers 6 pk.","KIN-76039","Easton"
"242666","Easton 5mm Axis Traditional Arrows 400 4 in. Feathers 6 pk.","KIN-76040","Easton"
"242281","Easton 5mm Axis Traditional Arrows 500 4 in. Feathers 6 pk.","KIN-76041","Easton"
"242282","Easton 5mm Axis Traditional Arrows 600 4 in. Feathers 6 pk.","KIN-76042","Easton"
"242283","Easton 6mm Full Metal Jacket Arrows 320 Blazer Vanes 6 pk.","KIN-76043","Easton"
"250591","Easton Elite Release Pouch Black","KIN-76079","Easton"
"250568","Easton Deluxe Release Pouch Black","KIN-76080","Easton"
"250493","Easton Deluxe Field Quiver Green RH","KIN-76091","Easton"
"250494","Easton Deluxe Hip Quiver Red RH","KIN-76103","Easton"
"250378","Easton Deluxe Hip Quiver Green RH","KIN-76105","Easton"
"250495","Easton Deluxe Hip Quiver Blue RH","KIN-76107","Easton"
"243735","Easton 6mm ST Inserts 100 pk.","KIN-76139","Easton"
"243965","Easton N Nocks Red 12 pk.","KIN-76141","Easton"
"243866","Easton N Nocks Yellow 12 pk.","KIN-76142","Easton"
"244569","Easton 5mm Zinc Points #1 75 gr. 12 pk.","KIN-76145","Easton"
"252250","Easton Pro Stubby Hex Set","KIN-76148","Easton"
"242599","Gold Tip Twister FluFlu Arrows 300 1 pk.","KIN-76194","Gold Tip"
"242407","Gold Tip Twister FluFlu Arrows 400 1 pk.","KIN-76195","Gold Tip"
"242408","Gold Tip Twister FluFlu Arrows 500 1 pk.","KIN-76196","Gold Tip"
"243764","Gold Tip Ballistic Collars Pierce 300 12 pk.","KIN-76198","Gold Tip"
"243736","Gold Tip Ballistic Collars Pierce 340 12 pk.","KIN-76199","Gold Tip"
"243818","Gold Tip Ballistic Collars Pierce 400 12 pk.","KIN-76200","Gold Tip"
"243809","Gold Tip Ballistic Collars Kinetic 300 12 pk.","KIN-76202","Gold Tip"
"244495","Gold Tip Accu-Points Pierce 100 gr. 12 pk.","KIN-76205","Gold Tip"
"244454","Gold Tip Accu-Points Pierce 120 gr. 12 pk.","KIN-76206","Gold Tip"
"244614","Gold Tip Lightning Glue In Points .246 50 gr. 12 pk.","KIN-76209","Gold Tip"
"243810","Gold Tip Pierce Inserts 12 pk.","KIN-76210","Gold Tip"
"244206","Gold Tip Nock Collar Pierce 340 12 pk.","KIN-76215","Gold Tip"
"244196","Gold Tip Nock Collar Pierce 400 12 pk.","KIN-76216","Gold Tip"
"244079","Gold Tip HD Pin Nocks Green 12 pk.","KIN-76219","Gold Tip"
"244080","Gold Tip HD Pin Nocks Orange 12 pk.","KIN-76220","Gold Tip"
"244174","Gold Tip Pin Nock Bushings Pierce 250-300 12 pk.","KIN-76221","Gold Tip"
"244175","Gold Tip Pin Nock Bushings Pierce 340-500 12 pk.","KIN-76222","Gold Tip"
"244176","Gold Tip Pin Nock Bushings Nine.3 MAX 12 pk.","KIN-76223","Gold Tip"
"245288","Gold Tip Tip-Grip Glue 20g","KIN-76224","Gold Tip"
"244130","Gold Tip Accu-Bushing GTO Nock Nine.3 MAX 12 pk.","KIN-76225","Gold Tip"
"244177","Gold Tip Nock Bushings Nine.3 MAX 12 pk.","KIN-76226","Gold Tip"
"244668","Gold Tip FACT Weight Modules Pierce 10 gr. 12 pk.","KIN-76227","Gold Tip"
"244662","Gold Tip FACT Weight Modules Pierce 20 gr. 12 pk","KIN-76228","Gold Tip"
"244663","Gold Tip FACT Weight Modules Kinetic 20 gr. 12 pk","KIN-76229","Gold Tip"
"252183","TenPoint Alpha Brite Lite Sticks Green 3 pk.","KIN-76286","TENPOINT"
"242600","Gold Tip Traditional Classic Arrows 400 4 in. Feathers 6 pk","KIN-76304","Gold Tip"
"242409","Gold Tip Traditional Classic Arrows 500 4 in. Feathers 6 pk","KIN-76305","Gold Tip"
"242601","Gold Tip Traditional Classic XT Arrows 400 4 in. Feathers 6 pk","KIN-76308","Gold Tip"
"242602","Gold Tip Traditional Classic XT Arrows 500 4 in. Feathers 6 pk","KIN-76309","Gold Tip"
"243737","Gold Tip Accu-Tough Inserts Stainless Kinetic 340 12 pk.","KIN-76311","Gold Tip"
"243738","Gold Tip Accu-Tough Inserts Stainless Kinetic 400 12 pk.","KIN-76312","Gold Tip"
"244811","Trueflight Feather Combo Pack Barred/Chartreuse 5 in. LW Shield Cut","KIN-76316","Trueflight"
"245072","Trueflight Feather Combo Pack Barred/Red 5 in. LW Shield Cut","KIN-76317","Trueflight"
"251195","TRU Ball Bandit Release Buckle Junior","KIN-76328","Tru Ball"
"250022","Doinker Hero Dampener Black 1 1/4 in.","KIN-76469","Doinker"
"250135","Doinker Mighty Mount Mini Adjustable V-Bar Mount","KIN-76483","Doinker"
"250146","Doinker Mighty Mount Adjustable V-Bar Mount","KIN-76493","Doinker"
"245948","VaneTec Super Spine Vanes White 2.3 in. 100 pk.","KIN-76537","Vanetec"
"245669","VaneTec Super Spine Vanes Flo. Pink 2.3 in. 100 pk.","KIN-76538","Vanetec"
"245501","VaneTec Super Spine Vanes Flo. Yellow 2.3 in. 100 pk.","KIN-76539","Vanetec"
"245949","VaneTec Super Spine Vanes Flo. Green 2.3 in. 100 pk.","KIN-76540","Vanetec"
"245670","VaneTec Super Spine Vanes Flo. Orange 2.3 in. 100 pk.","KIN-76541","Vanetec"
"245950","VaneTec Super Spine Vanes Raspberry Red 2.3 in. 100 pk.","KIN-76542","Vanetec"
"245671","VaneTec Super Spine Vanes Black 2.3 in. 100 pk.","KIN-76543","Vanetec"
"242410","Gold Tip Hunter Arrows 500 4 in. Feathers 6 pk.","KIN-76561","Gold Tip"
"242603","Gold Tip Hunter Arrows 400 4 in. Feathers 6 pk.","KIN-76562","Gold Tip"
"242411","Gold Tip Hunter Arrows 340 4 in. Feathers 6 pk.","KIN-76563","Gold Tip"
"244570","Gold Tip Glue In Points Series 22 125 gr. 12 pk.","KIN-76567","Gold Tip"
"243909","Gold Tip HD Pin Nocks Ruby 12 pk.","KIN-76568","Gold Tip"
"250136","Easton Stabilizer Quick Detach Straight","KIN-76587","Easton"
"250107","Easton Stabilizer Quick Detach 10 Degree","KIN-76588","Easton"
"250059","Easton Flat Vari Weight Base Stainless Countour 2 oz.","KIN-76596","Easton"
"250023","Easton Flat Vari Weight Base Stainless Z-Flex 2 oz.","KIN-76597","Easton"
"249993","Easton Flat Vari Weight Stainless 1 oz.","KIN-76598","Easton"
"250071","Easton Flat Vari Weight Stainless 2 oz.","KIN-76599","Easton"
"249994","Easton Flat Vari Weight Stainless 4 oz.","KIN-76600","Easton"
"245268","Bob Smith Maxi-Cure Glue 1/2 oz.","KIN-76601","Bob Smith Industries"
"245252","Bob Smith Maxi-Cure Glue 1 oz.","KIN-76602","Bob Smith Industries"
"245253","Bob Smith Insta-Flex Glue 1 oz.","KIN-76603","Bob Smith Industries"
"245303","Bob Smith InstaSet Accelerator 2 oz.","KIN-76604","Bob Smith Industries"
"251836","Killer Instinct Crank Cocker","KIN-76609","Killer Instinct"
"244914","Gateway Shield Cut Feathers White 4 in. RW 100 Pk.","KIN-76611","GATEWAY"
"244812","Gateway Shield Cut Feathers Black 4 in. RW 100 Pk.","KIN-76612","GATEWAY"
"244813","Gateway Shield Cut Feathers Red 4 in. RW 100 Pk.","KIN-76613","GATEWAY"
"245073","Gateway Shield Cut Feathers Flo Yellow 4 in. RW 100 Pk.","KIN-76614","GATEWAY"
"245074","Gateway Shield Cut Feathers Flo Orange 4 in. RW 100 Pk.","KIN-76616","GATEWAY"
"245075","Gateway Shield Cut Feathers Barred White 4 in. RW 100 Pk.","KIN-76617","GATEWAY"
"245076","Gateway Shield Cut Feathers Barred Red 4 in. RW 100 Pk.","KIN-76619","GATEWAY"
"245077","Gateway Shield Cut Feathers Barred Yellow 4 in. RW 100 Pk.","KIN-76620","GATEWAY"
"244915","Gateway Shield Cut Feathers Barred Orange 4 in. RW 100 Pk.","KIN-76621","GATEWAY"
"245078","Gateway Shield Cut Feathers White 5 in. RW 100 Pk.","KIN-76622","GATEWAY"
"245951","Easton Diamond Vanes Bright Green 280 100 pk.","KIN-76631","Easton"
"246019","Easton Diamond Vanes Fire Orange 280 100 pk.","KIN-76633","Easton"
"245952","Easton Diamond Vanes White 280 100 pk.","KIN-76634","Easton"
"251187","Spot Hogg Wise Guy Release Nylon with Buckle Strap","KIN-76671","Spot-Hogg"
"251833","Ravin Cocking Handle","KIN-76730","Ravin"
"242284","Easton Bloodline 6mm Arrows 240 Blazer Vanes 6 pk.","KIN-76740","Easton"
"242604","Easton Vector Arrows 1000 2 in. Feathers 4 pk.","KIN-76741","Easton"
"242412","Easton Vector Arrows 1400 2 in. Feathers 4 pk.","KIN-76742","Easton"
"250915","Spot Hogg Infinity SWAP Rest 2 Bodies Long Bar Black RH","KIN-76745","Spot-Hogg"
"250929","Spot Hogg Infinity SWAP Rest 2 Bodies Long Bar Black LH","KIN-76746","Spot-Hogg"
"250950","Spot Hogg Infinity SWAP Rest 2 Bodies Short Bar Black RH","KIN-76747","Spot-Hogg"
"250930","Spot Hogg Infinity SWAP Rest 2 Bodies Short Bar Black LH","KIN-76748","Spot-Hogg"
"250931","Spot Hogg Edge SWAP Rest 2 Bodies Long Bar Black RH","KIN-76749","Spot-Hogg"
"250932","Spot Hogg Edge SWAP Rest 2 Bodies Short Bar Black RH","KIN-76751","Spot-Hogg"
"250951","Spot Hogg Edge SWAP Rest 2 Bodies Short Bar Black LH","KIN-76752","Spot-Hogg"
"244159","Easton Pin Bushings X10 ProTour 12 pk.","KIN-76762","Easton"
"244131","Easton Pin Bushings SuperDrive 25 12 pk.","KIN-76763","Easton"
"244178","Easton Super Uni Bushings SuperDrive 25 12 pk.","KIN-76765","Easton"
"244160","Easton Uni Bushings SuperDrive 25 12 pk.","KIN-76766","Easton"
"244496","Easton X10 Stainless Points 80-100 gr. 12 pk.","KIN-76767","Easton"
"244571","Easton X10 Stainless Points 100-120 gr. 12 pk.","KIN-76768","Easton"
"244572","Easton Apollo Points 75 gr. 12 pk.","KIN-76769","Easton"
"250428","Easton Flipside 4-Tube Hip Quiver Teal RH/LH","KIN-76805","Easton"
"246232","Dead Ringer Hyper Strike Broadheads 100 gr. 3 pk.","KIN-76838","Dead Ringer"
"246233","Dead Ringer The Butcher Broadheads 100 gr. 3 pk.","KIN-76839","Dead Ringer"
"246380","Dead Ringer Freak Nasty Broadheads 100 gr. 3 pk.","KIN-76843","Dead Ringer"
"246297","Dead Ringer Super Freak Extreme Broadheads 100 gr. 3 pk.","KIN-76844","Dead Ringer"
"246298","Dead Ringer Freak Nasty Extreme Broadheads 100 gr. 3 pk","KIN-76845","Dead Ringer"
"242667","Gold Tip Valkyrie Arrows 300 4 Fletch 6 pk.","KIN-76915","Gold Tip"
"242413","Gold Tip Valkyrie Arrows 340 4 Fletch 6 pk.","KIN-76916","Gold Tip"
"242606","Gold Tip Valkyrie Arrows 400 4 Fletch 6 pk.","KIN-76917","Gold Tip"
"242668","Gold Tip Valkyrie XT Arrows 300 4 Fletch 6 pk.","KIN-76920","Gold Tip"
"242607","Gold Tip Valkyrie XT Arrows 340 4 Fletch 6 pk.","KIN-76921","Gold Tip"
"242414","Gold Tip Valkyrie XT Arrows 400 4 Fletch 6 pk.","KIN-76922","Gold Tip"
"242608","Gold Tip Valkyrie XT Arrow 500 4 Fletch 6 pk.","KIN-76923","Gold Tip"
"242285","Gold Tip Velocity Pro Arrow 300 Raptor Vanes 6 pk.","KIN-76925","Gold Tip"
"242286","Gold Tip Velocity Pro Arrow 340 Raptor Vanes 6 pk.","KIN-76926","Gold Tip"
"242287","Gold Tip Velocity Pro Arrow 400 Raptor Vanes 6 pk.","KIN-76927","Gold Tip"
"242669","Gold Tip Pierce Platinum Arrows 250 4 Fletch 6 pk.","KIN-76930","Gold Tip"
"242415","Gold Tip Pierce Platinum Arrows 300 4 Fletch 6 pk.","KIN-76931","Gold Tip"
"242670","Gold Tip Pierce Platinum Arrows 340 4 Fletch 6 pk.","KIN-76932","Gold Tip"
"242416","Gold Tip Pierce Platinum Arrows 400 4 Fletch 6 pk.","KIN-76933","Gold Tip"
"242288","Gold Tip Hunter Pro Arrows 300 4 Fletch 6 pk.","KIN-76935","Gold Tip"
"242609","Gold Tip Hunter Pro Arrows 340 4 Fletch 6 pk.","KIN-76936","Gold Tip"
"242417","Gold Tip Hunter Pro Arrows 400 4 Fletch 6 pk.","KIN-76937","Gold Tip"
"242671","Gold Tip Hunter Pro Arrows 500 4 Fletch 6 pk.","KIN-76938","Gold Tip"
"244047","Gold Tip Mini HD Pin Nocks Green 12 pk.","KIN-76939","Gold Tip"
"244059","Gold Tip Mini HD Pin Nocks Orange 12 pk.","KIN-76940","Gold Tip"
"251249","HTM The Curley Release 3 Finger","KIN-76941","Htm"
"251913","TenPoint Arrow Retention Brush Kit","KIN-76998","TENPOINT"
"251914","TenPoint Cable Saver","KIN-77002","TENPOINT"
"249563","Limbsaver LS Hunter Micro Stabilizer Mossy Oak Country 8in.","KIN-77007","LIMBSAVER"
"250024","Limbsaver FW1 Stabilizer Enhancer Black","KIN-77009","LIMBSAVER"
"250025","Limbsaver FW1 Stabilizer Enhancer Camo","KIN-77010","LIMBSAVER"
"251876","Excalibur Sound Deadening System","KIN-77026","Excalibur"
"251863","Excalibur X-Hanger Quiver Realtree Xtra 5 Arrow","KIN-77029","Excalibur"
"251834","Excalibur EXT Crank","KIN-77032","Excalibur"
"251048","HME Archers Ground Stake","KIN-77139","HME"
"244497","Easton Glue In Bullet Points Super Drive 23 100 gr. 12 pk.","KIN-77140","Easton"
"244455","Easton Glue In Bullet Points Super Drive 23 125 gr. 12 pk.","KIN-77141","Easton"
"244574","Easton Pro Points Super Drive 23 125 gr. 12 pk.","KIN-77143","Easton"
"251907","Ravin Replacement Rest","KIN-77176","Ravin"
"244814","Gateway Batwing Feathers White 2 in. RW 50 pk","KIN-77228","GATEWAY"
"245079","Gateway Batwing Feathers Orange 2 in. RW 50 pk","KIN-77229","GATEWAY"
"246235","NAP Thunderhead Nitro Broadheads 100 gr. 3 pk","KIN-77248","New Archery Products"
"245316","NAP Quikfletch Hellfire White/Yellow/Yellow 2 in. 6 pk","KIN-77249","New Archery Products"
"244132","Easton Pin Bushings X10 12 pk.","KIN-77343","Easton"
"244060","Easton Recurve Pin Nocks Blue Large Groove 12 pk.","KIN-77344","Easton"
"244048","Easton Recurve Pin Nocks Pink Large Groove 12 pk.","KIN-77345","Easton"
"244081","Easton Recurve Pin Nocks Blue Small Groove 12 pk.","KIN-77346","Easton"
"244082","Easton Recurve Pin Nocks Pink Small Groove 12 pk.","KIN-77347","Easton"
"244061","Easton Compound G Pin Nocks Blue Large Groove 12 pk.","KIN-77348","Easton"
"244062","Easton Compound G Pin Nocks Red Large Groove 12 pk.","KIN-77349","Easton"
"244083","Easton Compound G Pin Nocks Pink Large Groove 12 pk.","KIN-77350","Easton"
"244090","Easton Compound G Pin Nocks Crystal Large Groove 12 pk.","KIN-77351","Easton"
"243975","Easton 6.5mm MicroLite Super Nocks Grey 12 pk.","KIN-77352","Easton"
"244179","Easton Super Uni Bushings 2311/2312 12 pk.","KIN-77353","Easton"
"244499","Easton X10 Tungsten Points 120 gr. 12 pk.","KIN-77354","Easton"
"244575","Easton X10 Tungsten Points 140 gr. 12 pk.","KIN-77355","Easton"
"245080","Gateway Parabolic Feathers White 4 in. RW 12 pk.","KIN-77399","GATEWAY"
"245044","Gateway Parabolic Feathers Orange 4 in. RW 12 pk.","KIN-77400","GATEWAY"
"245081","Gateway Parabolic Feathers Neon Yellow 4 in. RW 12 pk.","KIN-77403","GATEWAY"
"244815","Gateway Parabolic Feathers White 5 in. RW 12 pk.","KIN-77404","GATEWAY"
"245082","Gateway Parabolic Feathers Orange 5 in. RW 12 pk.","KIN-77405","GATEWAY"
"244916","Gateway Parabolic Feathers Neon Yellow 5 in. RW 12 pk.","KIN-77408","GATEWAY"
"242289","Gold Tip Warrior Arrows 340 Raptor Vanes 72 pk.","KIN-77470","Gold Tip"
"242610","Gold Tip Warrior Arrows 400 Raptor Vanes 72 pk.","KIN-77471","Gold Tip"
"242418","Gold Tip Warrior Arrows 500 Raptor Vanes 72 pk.","KIN-77472","Gold Tip"
"251687","AMS Crossbow Carp Bowfishing Kit RH","KIN-77652","AMS"
"242962","Easton Genesis Arrows Black 1820 6 pk.","KIN-77662","Easton"
"249478","CBE Torx Stabilizer Black 7.5 in.","KIN-77780","Cbe"
"249941","CBE Torx Target Carbon Stabilizer 10 in.","KIN-77783","Cbe"
"249714","Bee Stinger MicroHex Stabilizer Olive 8 in.","KIN-77798","Bee Stinger"
"249479","Bee Stinger MicroHex Stabilizer Brown 8 in.","KIN-77799","Bee Stinger"
"249564","Bee Stinger MicroHex Stabilizer Tan 8 in.","KIN-77800","Bee Stinger"
"249715","Bee Stinger MicroHex Stabilizer Grey 8 in.","KIN-77801","Bee Stinger"
"249565","Axion Ridge Stabilizer Lost XD 7 in.","KIN-77810","Axion"
"249480","Axion Envy Stabilizer Black 5 in.","KIN-77811","Axion"
"249481","Axion Envy Stabilizer Lost XD 5 in.","KIN-77812","Axion"
"249482","Bee Stinger MicroHex Stabilizer Olive 10 in.","KIN-77817","Bee Stinger"
"249483","Bee Stinger MicroHex Stabilizer Brown 10 in.","KIN-77818","Bee Stinger"
"249716","Bee Stinger MicroHex Stabilizer Tan 10 in.","KIN-77819","Bee Stinger"
"249566","Bee Stinger MicroHex Stabilizer Grey 10 in.","KIN-77820","Bee Stinger"
"249717","Bee Stinger MicroHex Counter Slide Stabilizer Olive 10 in.","KIN-77821","Bee Stinger"
"249718","Bee Stinger MicroHex Counter Slide Stabilizer Brown 10 in.","KIN-77822","Bee Stinger"
"249719","Bee Stinger MicroHex Counter Slide Stabilizer Tan 10 in.","KIN-77823","Bee Stinger"
"249484","Bee Stinger MicroHex Counter Slide Stabilizer Grey 10 in.","KIN-77824","Bee Stinger"
"251410","Carter Evolution Too Release 3 Finger","KIN-77825","Carter"
"246441","Excalibur BoltCutter Broadheads 100 gr. 3 pk.","KIN-77827","Excalibur"
"251908","Excalibur Big Foot Stirrup","KIN-77829","Excalibur"
"251827","Excalibur Charger Handle","KIN-77832","Excalibur"
"248583","Hamskea Raptor Peep 3/16 in.","KIN-77834","HAMSKEA"
"246257","Solid Dangerous Game Broadheads .75 in. Bleeder Blade 175 gr. 3 pk.","KIN-77997","Solid"
"249673","Bee Stinger MicroHex Stabilizer Green 6 in.","KIN-77999","Bee Stinger"
"249567","Bee Stinger MicroHex Stabilizer Matte Black 6 in.","KIN-78000","Bee Stinger"
"249568","Bee Stinger MicroHex Stabilizer Red 6 in.","KIN-78001","Bee Stinger"
"249569","Bee Stinger MicroHex Stabilizer Green 8 in.","KIN-78005","Bee Stinger"
"249674","Bee Stinger MicroHex Stabilizer Matte Black 8 in.","KIN-78006","Bee Stinger"
"249570","Bee Stinger MicroHex Stabilizer Red 8 in.","KIN-78007","Bee Stinger"
"249571","Bee Stinger MicroHex Stabilizer Lost XD 8 in.","KIN-78009","Bee Stinger"
"249485","Bee Stinger MicroHex Stabilizer Green 10 in.","KIN-78011","Bee Stinger"
"249486","Bee Stinger MicroHex Stabilizer Matte Black 10 in.","KIN-78012","Bee Stinger"
"249487","Bee Stinger MicroHex Stabilizer Red 10 in.","KIN-78013","Bee Stinger"
"249834","Bee Stinger MicroHex Counter Slide Stabilizer Matte Black 10 in.","KIN-78017","Bee Stinger"
"249835","Bee Stinger MicroHex Counter Slide Stabilizer Matte Black 12 in.","KIN-78018","Bee Stinger"
"249959","Bee Stinger MicroHex Counter Slide Stabilizer Matte Black 15 in.","KIN-78019","Bee Stinger"
"250090","Bee Stinger MicroHex Counter Slide Bracket Dovetail","KIN-78021","Bee Stinger"
"249836","Bee Stinger MicroHex Counter Slide Stabilizer Dovetail Matte Black 10 in.","KIN-78022","Bee Stinger"
"249837","Bee Stinger MicroHex Counter Slide Stabilizer Dovetail Matte Black 12 in.","KIN-78023","Bee Stinger"
"249960","Bee Stinger MicroHex Counter Slide Stabilizer Dovetail Matte Black 15 in.","KIN-78024","Bee Stinger"
"249872","Bee Stinger MicroHex Target Stabilizer Blackout 20 in.","KIN-78025","Bee Stinger"
"249838","Bee Stinger MicroHex Target Stabilizer Blackout 24 in.","KIN-78026","Bee Stinger"
"249873","Bee Stinger MicroHex Target Stabilizer Blackout 27 in.","KIN-78027","Bee Stinger"
"249942","Bee Stinger MicroHex Target Stabilizer Blackout 30 in.","KIN-78028","Bee Stinger"
"249943","Bee Stinger MicroHex Target Stabilizer Blackout 33 in.","KIN-78029","Bee Stinger"
"249961","Bee Stinger MicroHex Target Stabilizer Blackout 36 in.","KIN-78030","Bee Stinger"
"249944","Bee Stinger MicroHex Target Stabilizer Black/White 20 in.","KIN-78031","Bee Stinger"
"249874","Bee Stinger MicroHex Target Stabilizer Black/White 24 in.","KIN-78032","Bee Stinger"
"249945","Bee Stinger MicroHex Target Stabilizer Black/White 27 in.","KIN-78033","Bee Stinger"
"249839","Bee Stinger MicroHex Target Stabilizer Black/White 30 in.","KIN-78034","Bee Stinger"
"249840","Bee Stinger MicroHex Target Stabilizer Black/White 33 in.","KIN-78035","Bee Stinger"
"249875","Bee Stinger MicroHex Target Stabilizer Black/White 36 in.","KIN-78036","Bee Stinger"
"249841","Bee Stinger MicroHex V-Bar Blackout 10 in.","KIN-78037","Bee Stinger"
"249842","Bee Stinger MicroHex V-Bar Blackout 12 in.","KIN-78038","Bee Stinger"
"249962","Bee Stinger MicroHex V-Bar Blackout 15 in.","KIN-78039","Bee Stinger"
"249876","Bee Stinger MicroHex V-Bar Black/White 10 in.","KIN-78040","Bee Stinger"
"249963","Bee Stinger MicroHex V-Bar Black/White 12 in.","KIN-78041","Bee Stinger"
"249964","Bee Stinger MicroHex V-Bar Black/White 15 in","KIN-78042","Bee Stinger"
"250072","Bee Stinger MicroHex Damper Black","KIN-78043","Bee Stinger"
"250234","30-06 Slammer Quiver Camo 5 Arrow","KIN-78064","30-06"
"248876","30-06 Snot Station Counter Display 78 pc.","KIN-78080","30-06"
"251886","30-06 Rail Snot Crossbow Rail Lube Counter Display 72 ct.","KIN-78081","30-06"
"250797","NAP NASP Centerest Flipper Replacement Rest Genesis Bow RH","KIN-78082","New Archery Products"
"250789","NAP NASP Centerest Flipper Rest Genesis Bow LH","KIN-78083","New Archery Products"
"246317","NAP Swingfire Broadheads 100 gr. 3 pk.","KIN-78084","New Archery Products"
"246442","NAP Swingfire Broadheads Crossbow 100 gr. 3 pk.","KIN-78085","New Archery Products"
"246409","NAP Thunderhead Nitro Broadheads Crossbow 100 gr. 3 pk.","KIN-78086","New Archery Products"
"246020","NAP Hellfire Vanes 12 White 24 Green 2 in.","KIN-78089","New Archery Products"
"250562","HHA Infinite Adjust Quiver Bracket","KIN-78093","HHA"
"251272","Stan PerfeX-Long Neck Thumb Release 3 or 4 Finger Large","KIN-78132","Stanislawski"
"251312","Stan PerfeX-Long Neck Thumb Release 3 or 4 Finger Blackout Medium","KIN-78133","Stanislawski"
"251306","Stan PerfeX-Long Neck Thumb Release 3 or 4 Finger Blackout Large","KIN-78134","Stanislawski"
"245254","Bob Smith Insta-Cure Plus Glue .5 oz.","KIN-78141","Bob Smith Industries"
"245269","Bob Smith Insta-Cure Plus Glue 1 oz.","KIN-78142","Bob Smith Industries"
"245294","Bob Smith Maxi-Cure Glue 2 oz.","KIN-78143","Bob Smith Industries"
"245295","Bob Smith IC-Gen Glue 20 gm.","KIN-78144","Bob Smith Industries"
"245270","Bob Smith Insta Set Accelerator 8 oz.","KIN-78145","Bob Smith Industries"
"251562","Innerloc Grapple/Gripper Replacment Tips 2 pk.","KIN-78150","Innerloc"
"246446","SWAT X-MAG Crossbow Broadheads 100/125 gr. 3 pk.","KIN-78162","Swat Broadheads"
"246381","SWAT A4 Mini Broadheads 100 gr. 3 pk.","KIN-78163","Swat Broadheads"
"245502","Flex Fletch FFP Vanes Black 1.75 in. 39 pk.","KIN-78171","Flex Fletch"
"245958","Flex Fletch FFP Vanes Blue 1.75 in. 39 pk.","KIN-78172","Flex Fletch"
"245959","Flex Fletch FFP Vanes Red 1.75 in. 39 pk.","KIN-78174","Flex Fletch"
"245672","Flex Fletch FFP Vanes Pearl Pink 1.75 in. 39 pk.","KIN-78175","Flex Fletch"
"245503","Flex Fletch FFP Vanes White 2 in. 39 pk.","KIN-78183","Flex Fletch"
"245960","Flex Fletch FFP Vanes Neon Green 2 in. 39 pk.","KIN-78184","Flex Fletch"
"245673","Flex Fletch FFP Vanes Black 2 in. 39 pk.","KIN-78185","Flex Fletch"
"245504","Flex Fletch FFP Vanes Blue 2 in. 39 pk.","KIN-78186","Flex Fletch"
"245505","Flex Fletch FFP Vanes Blaze Orange 2 in. 39 pk.","KIN-78187","Flex Fletch"
"245674","Flex Fletch FFP Vanes Pearl Pink 2 in. 39 pk.","KIN-78189","Flex Fletch"
"245961","Flex Fletch FFP Vanes White 2.5 in. 39 pk.","KIN-78197","Flex Fletch"
"245675","Flex Fletch FFP Vanes Neon Green 2.5 in. 39 pk.","KIN-78198","Flex Fletch"
"245506","Flex Fletch FFP Vanes Black 2.5 in. 39 pk.","KIN-78199","Flex Fletch"
"246021","Flex Fletch FFP Vanes Blue 2.5 in. 39 pk.","KIN-78200","Flex Fletch"
"245507","Flex Fletch FFP Vanes Red 2.5 in.39 pk.","KIN-78202","Flex Fletch"
"245962","Flex Fletch FFP Vanes Pearl Pink 2.5 in. 39 pk.","KIN-78203","Flex Fletch"
"245676","Flex Fletch FFP Vanes Neon Green 3 in. 39 pk.","KIN-78205","Flex Fletch"
"245508","Flex Fletch FFP Vanes Blue 3 in. 39 pk.","KIN-78207","Flex Fletch"
"245963","Flex Fletch FFP Vanes Blaze Orange 3 in. 39 pk.","KIN-78208","Flex Fletch"
"245964","Flex Fletch FFP Vanes Red 3 in. 39 pk.","KIN-78209","Flex Fletch"
"245509","Flex Fletch FFP Vanes Pearl Pink 3 in. 39 pk.","KIN-78210","Flex Fletch"
"245677","Flex Fletch FFP Shield Cut Vanes White 3.6 in. 39 pk.","KIN-78211","Flex Fletch"
"246022","Flex Fletch FFP Shield Cut Vanes Flo Green 3.6 in. 39 pk.","KIN-78212","Flex Fletch"
"246023","Flex Fletch FFP Shield Cut Vanes Black 3.6 in. 39 pk.","KIN-78213","Flex Fletch"
"245510","Flex Fletch FFP Shield Cut Vanes Blue 3.6 in. 39 pk.","KIN-78214","Flex Fletch"
"245511","Flex Fletch FFP Shield Cut Vanes Blaze Orange 3.6 in. 39 pk.","KIN-78215","Flex Fletch"
"245965","Flex Fletch FFP Shield Cut Vanes Red 3.6 in. 39 pk.","KIN-78216","Flex Fletch"
"245678","Flex Fletch FFP Shield Cut Vanes Pearl Pink 3.6 in. 39 pk.","KIN-78217","Flex Fletch"
"245966","Flex Fletch FFP Vanes White 4.18 in. 39 pk.","KIN-78218","Flex Fletch"
"245967","Flex Fletch FFP Vanes Neon Green 4.18 in. 39 pk..","KIN-78219","Flex Fletch"
"246024","Flex Fletch FFP Vanes Black 4.18 in. 39 pk..","KIN-78220","Flex Fletch"
"245679","Flex Fletch FFP Vanes Blue 4.18 in. 39 pk..","KIN-78221","Flex Fletch"
"245512","Flex Fletch FFP Vanes Blaze Orange 4.18 in. 39 pk.","KIN-78222","Flex Fletch"
"245513","Flex Fletch FFP Vanes Red 4.18 in. 39 pk.","KIN-78223","Flex Fletch"
"246025","Flex Fletch FFP Vanes Pearl Pink 4.18 in. 39 pk.","KIN-78224","Flex Fletch"
"246026","Flex Fletch SK2 Vanes White 2 in. 39 pk.","KIN-78225","Flex Fletch"
"245968","Flex Fletch SK2 Vanes Flo Green 2 in. 39 pk.","KIN-78226","Flex Fletch"
"245680","Flex Fletch SK2 Vanes Blaze Orange 2 in. 39 pk.","KIN-78227","Flex Fletch"
"245969","Flex Fletch SK2 Vanes Real Red 2 in. 39 pk.","KIN-78228","Flex Fletch"
"245681","Flex Fletch Flash Vanes Flo Green 2 in. 39 pk.","KIN-78234","Flex Fletch"
"245970","Flex Fletch Flash Vanes Blaze Orange 2 in. 39 pk.","KIN-78235","Flex Fletch"
"245514","Flex Fletch Flash Vanes Real Red 2 in. 39 pk.","KIN-78236","Flex Fletch"
"245515","Flex Fletch SK2 Vanes Black 2 in. 39 pk.","KIN-78237","Flex Fletch"
"245682","Flex Fletch SK2 Vanes Blue 2 in. 39 pk.","KIN-78238","Flex Fletch"
"245971","Flex Fletch FFP FLEX Vanes Neon Orange 1.87 in. 39 pk.","KIN-78241","Flex Fletch"
"245683","Flex Fletch FFP FLEX Vanes Cosmic Green 1.87 in 39 pk.","KIN-78242","Flex Fletch"
"245976","Flex Fletch FFP Vanes Neon Orange 2 in. 39 pk.","KIN-78243","Flex Fletch"
"245977","Flex Fletch FFP Vanes Cosmic Green 2 in. 39 pk.","KIN-78244","Flex Fletch"
"245684","Flex Fletch FFP Vanes Neon Orange 3 in. 39 pk.","KIN-78247","Flex Fletch"
"245685","Flex Fletch Flash Vanes Glow 2 in. 39 pk.","KIN-78249","Flex Fletch"
"250073","Shrewd Aluminum End Weight Green 1 oz.","KIN-78253","Shrewd Archery"
"250074","Shrewd Aluminum End Weight Yellow 1 oz.","KIN-78258","Shrewd Archery"
"249995","Shrewd Tungsten End Weights Silver 4 oz.","KIN-78259","Shrewd Archery"
"251196","Spot Hogg Wise Guy Release BOA Strap","KIN-78303","Spot-Hogg"
"251124","Spot Hogg Wise Guy Release Muddy Girl Strap","KIN-78304","Spot-Hogg"
"251125","Spot Hogg Wise Guy Release Cameron Haines Edition BOA Strap","KIN-78305","Spot-Hogg"
"251151","Spot Hogg Wise Guy Release Realtree Strap","KIN-78306","Spot-Hogg"
"244003","Double Take Glory Nocks Red Gold Tip 1 pk.","KIN-78334","Double Take Archery"
"244036","Double Take Glory Nocks Green Gold Tip 1 pk.","KIN-78336","Double Take Archery"
"244019","Double Take Glory Nocks Red S 1 pk.","KIN-78338","Double Take Archery"
"244004","Double Take Glory Nocks Green S 1 pk.","KIN-78340","Double Take Archery"
"249295","Buck Bait Bow Stay Bow Holder","KIN-78359","Buck Baits"
"249720","Dead Ringer Vector Stabilizer Black 6 in.","KIN-78365","Dead Ringer"
"250298","Dead Ringer Quiver Black 5 Arrow","KIN-78370","Dead Ringer"
"251028","Dead Ringer Bow Feet","KIN-78371","Dead Ringer"
"246422","Dead Ringer Blood Trail Bolt Package 3 pk.","KIN-78373","Dead Ringer"
"251595","Woody Wire Bowfishing Braided Line 90 ft.","KIN-78374","Woody Wire"
"251602","Woody Wire Bowfishing Braided Line 300 ft.","KIN-78375","Woody Wire"
"245686","Flex Fletch SK2 Vanes Blaze Orange 2 in. 100 pk.","KIN-78411","Flex Fletch"
"245978","Flex Fletch SK2 Vanes Blue 2 in. 100 pk.","KIN-78412","Flex Fletch"
"245687","Flex Fletch SK2 Vanes Cosmic Green 2 in. 100 pk.","KIN-78413","Flex Fletch"
"245688","Flex Fletch SK2 Vanes White 2 in. 100 pk.","KIN-78414","Flex Fletch"
"245689","Flex Fletch SK2 Vanes Black 2 in. 100 pk.","KIN-78415","Flex Fletch"
"245979","Flex Fletch SK2 Vanes Clear 2 in. 100 pk.","KIN-78416","Flex Fletch"
"251857","Killer Instinct Quik Draw Rope Cocker","KIN-78424","Killer Instinct"
"244615","PDP Glue In Target Points 2013-4 12 pk.","KIN-78447","Pdp"
"244616","PDP Glue In Target Points 2117 12 pk.","KIN-78448","Pdp"
"244456","PDP Glue In Target Points 2216 12 pk.","KIN-78449","Pdp"
"244500","PDP Speed Points 2512 180 gr. 12 pk.","KIN-78451","Pdp"
"244577","PDP Speed Points Full Bore 100 gr. 12 pk.","KIN-78452","Pdp"
"244501","PDP Speed Points 2613 180 gr. 12 pk.","KIN-78453","Pdp"
"244502","PDP Speed Points 2712 180 gr. 12 pk.","KIN-78454","Pdp"
"252198","Double Take Glory Nock Lighted Crossbow Nocks Red Flat .300 3 pk.","KIN-78465","Double Take Archery"
"252149","Double Take Glory Nock Lighted Crossbow Nocks Green Flat .300 3 pk.","KIN-78466","Double Take Archery"
"252188","Double Take Glory Nock Lighted Crossbow Nocks Red Flat .297 3 pk.","KIN-78467","Double Take Archery"
"252150","Double Take Glory Nock Lighted Crossbow Nocks Green Flat .297 3 pk.","KIN-78468","Double Take Archery"
"246244","Wasp Dart Broadheads 100 gr. 3 pk.","KIN-78475","Wasp"
"246143","Wasp Dart Broadheads 125 gr. 3 pk.","KIN-78476","Wasp"
"249285","Outdoor Prostaff Wrist Sling Lost XD","KIN-78511","Outdoor Prostaff"
"246144","Dirt Nap Gear HD DRT Broadheads Double Bevel 150/175 gr. 3 pk.","KIN-78525","Dirt Nap Gear"
"252242","Bowmaster Portable Bow Press G2","KIN-78526","Bowmaster"
"252238","Bowmaster Split Limb L Bracket G2 Standard","KIN-78527","Bowmaster"
"252243","Bowmaster Split Limb L Bracket G2 Wide","KIN-78528","Bowmaster"
"250903","Ripcord Football Clamp Black","KIN-78539","Ripcord"
"245690","Q2i Fusion-II Vanes Purple 2.1 in. 100 pk.","KIN-78543","Q2I"
"245691","Q2i Fusion X-II Vanes Purple 2.1 in. 100 pk.","KIN-78544","Q2I"
"245980","Q2i Fusion X-II Vanes Purple 3 in. 100 pk.","KIN-78545","Q2I"
"249071","BCY Halo Serving White .014 120 yds.","KIN-78561","Bcy"
"250952","Vapor Trail Blade X Arrow Rest Black LH","KIN-78599","Vapor Trail"
"251482","Cajun Fish Stick RTF Bowfishing Package 45 lbs. RH","KIN-78634","Cajun"
"246245","Woodsman Blood Groove Broadheads Screw-in 125 gr. 3 pk.","KIN-78642","Three Rivers"
"252006","Victory X-Bolt Crossbow Bolts 20 in. Moon Nocks 6 pk.","KIN-78643","Victory"
"252007","Victory X-Bolt Crossbow Bolts 22 in. Moon Nocks 6 pk.","KIN-78644","Victory"
"246145","Woodsman Broadheads Screw-in 150 gr. 6 pk.","KIN-78648","Three Rivers"
"246258","Woodsman Broadheads Screw-in 175 gr. 3 pk.","KIN-78649","Three Rivers"
"246477","3Rivers Hammer Small Game Blunt Screw-in 125 gr. 3 pk.","KIN-78651","Three Rivers"
"246472","3Rivers Bunny Busters 9/32 in. 120 gr. 3 pk.","KIN-78653","Three Rivers"
"246487","3Rivers Bunny Busters 5/16 in. 120 gr. 3 pk.","KIN-78654","Three Rivers"
"246488","3Rivers Bunny Busters 11/32 in. 120 gr. 3 pk.","KIN-78655","Three Rivers"
"249286","Outdoor Prostaff Wrist Sling Deer Track with Blood","KIN-78664","Outdoor Prostaff"
"244617","Carbon Express Tool Steel Points Nano-Pro 120-100 gr. 12 pk.","KIN-78688","CARBON EXPRESS"
"244202","Carbon Express BullDog Collars Nano-Pro 400 12 pk.","KIN-78697","CARBON EXPRESS"
"244197","Carbon Express BullDog Collars Nano-Pro 450 12 pk.","KIN-78698","CARBON EXPRESS"
"244207","Carbon Express BullDog Collars Nano-Pro 500 12 pk.","KIN-78699","CARBON EXPRESS"
"244203","Carbon Express BullDog Collars Nano-Pro 550 12 pk.","KIN-78700","CARBON EXPRESS"
"244191","Carbon Express BullDog Collars Nano-Pro 600 12 pk.","KIN-78701","CARBON EXPRESS"
"244192","Carbon Express BullDog Collars Nano-Pro 650 12 pk.","KIN-78702","CARBON EXPRESS"
"249419","BowJax MonsterJax Limb Dampeners Solid Limb Neon Green 2 pk.","KIN-78722","Bow Jax"
"250075","Bowjax Silence Saver Stabilizer Dampeners Red 3/4 in. 3 pk.","KIN-78724","Bow Jax"
"245692","Easton Diamond Vanes Yellow 280 100 pk.","KIN-78739","Easton"
"245693","Bohning Blazer Vanes Confederate Flag 36 pk.","KIN-78743","BOHNING"
"245694","Bohning Blazer Vanes Confederate Flag 100 pk.","KIN-78744","BOHNING"
"246027","Bohning Blazer Vanes Silver 36 pk.","KIN-78745","BOHNING"
"245695","Bohning Blazer Vanes Silver 100 pk.","KIN-78746","BOHNING"
"244063","Bohning Blazer Pin Nocks Black 12 pk.","KIN-78751","BOHNING"
"244064","Bohning Blazer Pin Nocks Ruby 12 pk.","KIN-78754","BOHNING"
"244085","Bohning Blazer Pin Nocks Neon Green 12 pk.","KIN-78756","BOHNING"
"245516","Bohning Blazer Vanes Teal 36 pk.","KIN-78775","BOHNING"
"245696","Bohning Blazer Vanes Teal 100 pk.","KIN-78776","BOHNING"
"245298","October Mountain Stuck Glue Tip 2 pk.","KIN-78777","OCTOBER MOUNTAIN"
"250379","October Mountain No Spill Hip/Back Quiver Black RH/LH","KIN-78782","OCTOBER MOUNTAIN"
"250380","October Mountain No Spill Hip/Back Quiver Blue RH/LH","KIN-78783","OCTOBER MOUNTAIN"
"250496","October Mountain No Spill Hip/Back Quiver Pink RH/LH","KIN-78784","OCTOBER MOUNTAIN"
"250429","October Mountain No Spill Hip/Back Quiver Red RH/LH","KIN-78785","OCTOBER MOUNTAIN"
"250497","October Mountain No Spill Hip/Back Quiver Camo RH/LH","KIN-78786","OCTOBER MOUNTAIN"
"247589","J and D Control Cable Black 452X 32.5 in.","KIN-78831","J And D Custom Strings"
"247590","J and D Control Cable Black 452X 32.75 in.","KIN-78832","J And D Custom Strings"
"247591","J and D Control Cable Black 452X 33 in.","KIN-78833","J And D Custom Strings"
"247605","J and D Control Cable Black 452X 33.25 in.","KIN-78834","J And D Custom Strings"
"247620","J and D Control Cable Black 452X 33.5 in.","KIN-78835","J And D Custom Strings"
"247592","J and D Control Cable Black 452X 33.75 in.","KIN-78836","J And D Custom Strings"
"247593","J and D Control Cable Black 452X 34 in.","KIN-78837","J And D Custom Strings"
"247594","J and D Control Cable Black 452X 34.25 in.","KIN-78838","J And D Custom Strings"
"247630","J and D Control Cable Black 452X 34.5 in.","KIN-78839","J And D Custom Strings"
"247621","J and D Control Cable Black 452X 34.75 in.","KIN-78840","J And D Custom Strings"
"247631","J and D Control Cable Black 452X 35 in.","KIN-78841","J And D Custom Strings"
"247632","J and D Control Cable Black 452X 35.25 in.","KIN-78842","J And D Custom Strings"
"247633","J and D Control Cable Black 452X 35.5 in.","KIN-78843","J And D Custom Strings"
"247595","J and D Control Cable Black 452X 35.75 in.","KIN-78844","J And D Custom Strings"
"247596","J and D Control Cable Black 452X 36 in.","KIN-78845","J And D Custom Strings"
"247606","J and D Control Cable Black 452X 36.25 in.","KIN-78846","J And D Custom Strings"
"247622","J and D Control Cable Black 452X 36.5 in.","KIN-78847","J And D Custom Strings"
"247607","J and D Control Cable Black 452X 36.75 in.","KIN-78848","J And D Custom Strings"
"247597","J and D Control Cable Black 452X 37 in.","KIN-78849","J And D Custom Strings"
"247623","J and D Control Cable Black 452X 37.25 in.","KIN-78850","J And D Custom Strings"
"247598","J and D Control Cable Black 452X 37.5 in.","KIN-78851","J And D Custom Strings"
"247599","J and D Control Cable Black 452X 37.75 in.","KIN-78852","J And D Custom Strings"
"247600","J and D Control Cable Black 452X 38 in.","KIN-78853","J And D Custom Strings"
"247634","J and D Control Cable Black 452X 38.25 in.","KIN-78854","J And D Custom Strings"
"247635","J and D Control Cable Black 452X 38.5 in.","KIN-78855","J And D Custom Strings"
"247608","J and D Control Cable Black 452X 38.75 in.","KIN-78856","J And D Custom Strings"
"247624","J and D Control Cable Black 452X 39 in.","KIN-78857","J And D Custom Strings"
"247609","J and D Control Cable Black 452X 39.25 in.","KIN-78858","J And D Custom Strings"
"247610","J and D Control Cable Black 452X 39.5 in.","KIN-78859","J And D Custom Strings"
"247601","J and D Control Cable Black 452X 39.75 in.","KIN-78860","J And D Custom Strings"
"247611","J and D Control Cable Black 452X 40 in.","KIN-78861","J And D Custom Strings"
"247625","J and D Control Cable Black 452X 40.25 in.","KIN-78862","J And D Custom Strings"
"247612","J and D Control Cable Black 452X 40.5 in.","KIN-78863","J And D Custom Strings"
"247613","J and D Control Cable Black 452X 40.75 in.","KIN-78864","J And D Custom Strings"
"247626","J and D Control Cable Black 452X 41 in.","KIN-78865","J And D Custom Strings"
"247636","J and D Control Cable Black 452X 41.25 in.","KIN-78866","J And D Custom Strings"
"247637","J and D Control Cable Black 452X 41.5 in.","KIN-78867","J And D Custom Strings"
"247638","J and D Control Cable Black 452X 41.75 in.","KIN-78868","J And D Custom Strings"
"247602","J and D Control Cable Black 452X 42 in.","KIN-78869","J And D Custom Strings"
"247627","J and D Control Cable Black 452X 42.25 in.","KIN-78870","J And D Custom Strings"
"247614","J and D Control Cable Black 452X 42.5 in.","KIN-78871","J And D Custom Strings"
"247628","J and D Control Cable Black 452X 42.75 in.","KIN-78872","J And D Custom Strings"
"247615","J and D Control Cable Black 452X 43 in.","KIN-78873","J And D Custom Strings"
"247491","J and D Split Cable Black 452X 28.5 in.","KIN-78874","J And D Custom Strings"
"247538","J and D Split Cable Black 452X 28.75 in.","KIN-78875","J And D Custom Strings"
"247558","J and D Split Cable Black 452X 29 in.","KIN-78876","J And D Custom Strings"
"247559","J and D Split Cable Black 452X 29.25 in.","KIN-78877","J And D Custom Strings"
"247560","J and D Split Cable Black 452X 29.5 in.","KIN-78878","J And D Custom Strings"
"247461","J and D Split Cable Black 452X 29.75 in.","KIN-78879","J And D Custom Strings"
"247539","J and D Split Cable Black 452X 30 in.","KIN-78880","J And D Custom Strings"
"247462","J and D Split Cable Black 452X 30.25 in.","KIN-78881","J And D Custom Strings"
"247540","J and D Split Cable Black 452X 30.5 in.","KIN-78882","J And D Custom Strings"
"247492","J and D Split Cable Black 452X 30.75 in.","KIN-78883","J And D Custom Strings"
"247493","J and D Split Cable Black 452X 31 in.","KIN-78884","J And D Custom Strings"
"247541","J and D Split Cable Black 452X 31.25 in.","KIN-78885","J And D Custom Strings"
"247463","J and D Split Cable Black 452X 31.5 in.","KIN-78886","J And D Custom Strings"
"247464","J and D Split Cable Black 452X 31.75 in.","KIN-78887","J And D Custom Strings"
"247465","J and D Split Cable Black 452X 32 in.","KIN-78888","J And D Custom Strings"
"247561","J and D Split Cable Black 452X 32.25 in.","KIN-78889","J And D Custom Strings"
"247542","J and D Split Cable Black 452X 32.5 in.","KIN-78890","J And D Custom Strings"
"247562","J and D Split Cable Black 452X 32.75 in.","KIN-78891","J And D Custom Strings"
"247543","J and D Split Cable Black 452X 33 in.","KIN-78892","J And D Custom Strings"
"247563","J and D Split Cable Black 452X 33.25 in.","KIN-78893","J And D Custom Strings"
"247494","J and D Split Cable Black 452X 33.5 in.","KIN-78894","J And D Custom Strings"
"247544","J and D Split Cable Black 452X 33.75 in.","KIN-78895","J And D Custom Strings"
"247564","J and D Split Cable Black 452X 34 in.","KIN-78896","J And D Custom Strings"
"247565","J and D Split Cable Black 452X 34.25 in.","KIN-78897","J And D Custom Strings"
"247566","J and D Split Cable Black 452X 34.5 in.","KIN-78898","J And D Custom Strings"
"247466","J and D Split Cable Black 452X 34.75 in.","KIN-78899","J And D Custom Strings"
"247467","J and D Split Cable Black 452X 35 in.","KIN-78900","J And D Custom Strings"
"247545","J and D Split Cable Black 452X 35.25 in.","KIN-78901","J And D Custom Strings"
"247495","J and D Split Cable Black 452X 35.5 in.","KIN-78902","J And D Custom Strings"
"247546","J and D Split Cable Black 452X 35.75 in.","KIN-78903","J And D Custom Strings"
"247547","J and D Split Cable Black 452X 36 in.","KIN-78904","J And D Custom Strings"
"247496","J and D Split Cable Black 452X 36.25 in.","KIN-78905","J And D Custom Strings"
"247567","J and D Split Cable Black 452X 36.5 in.","KIN-78906","J And D Custom Strings"
"247568","J and D Split Cable Black 452X 36.75 in.","KIN-78907","J And D Custom Strings"
"247468","J and D Split Cable Black 452X 37 in.","KIN-78908","J And D Custom Strings"
"247569","J and D Split Cable Black 452X 37.25 in.","KIN-78909","J And D Custom Strings"
"247469","J and D Split Cable Black 452X 37.5 in.","KIN-78910","J And D Custom Strings"
"247497","J and D Split Cable Black 452X 37.75 in.","KIN-78911","J And D Custom Strings"
"247548","J and D Split Cable Black 452X 38 in.","KIN-78912","J And D Custom Strings"
"247498","J and D Split Cable Black 452X 38.25 in.","KIN-78913","J And D Custom Strings"
"247499","J and D Split Cable Black 452X 38.5 in.","KIN-78914","J And D Custom Strings"
"247549","J and D Split Cable Black 452X 38.75 in.","KIN-78915","J And D Custom Strings"
"247570","J and D Split Cable Black 452X 39 in.","KIN-78916","J And D Custom Strings"
"247571","J and D Split Cable Black 452X 39.25 in.","KIN-78917","J And D Custom Strings"
"247470","J and D Split Cable Black 452X 39.5 in.","KIN-78918","J And D Custom Strings"
"247572","J and D Split Cable Black 452X 39.75 in.","KIN-78919","J And D Custom Strings"
"247500","J and D Split Cable Black 452X 40 in.","KIN-78920","J And D Custom Strings"
"247573","J and D Split Cable Black 452X 40.25 in.","KIN-78921","J And D Custom Strings"
"247574","J and D Split Cable Black 452X 40.5 in.","KIN-78922","J And D Custom Strings"
"247575","J and D Split Cable Black 452X 40.75 in.","KIN-78923","J And D Custom Strings"
"247471","J and D Split Cable Black 452X 41 in.","KIN-78924","J And D Custom Strings"
"247472","J and D Split Cable Black 452X 41.25 in.","KIN-78925","J And D Custom Strings"
"247550","J and D Split Cable Black 452X 41.5 in.","KIN-78926","J And D Custom Strings"
"247501","J and D Split Cable Black 452X 41.75 in.","KIN-78927","J And D Custom Strings"
"247502","J and D Split Cable Black 452X 42 in.","KIN-78928","J And D Custom Strings"
"247503","J and D Split Cable Black 452X 42.25 in.","KIN-78929","J And D Custom Strings"
"247576","J and D Split Cable Black 452X 42.5 in.","KIN-78930","J And D Custom Strings"
"247577","J and D Split Cable Black 452X 42.75 in.","KIN-78931","J And D Custom Strings"
"247578","J and D Split Cable Black 452X 43 in.","KIN-78932","J And D Custom Strings"
"247579","J and D Split Cable Black 452X 43.25 in.","KIN-78933","J And D Custom Strings"
"247473","J and D Split Cable Black 452X 43.5 in.","KIN-78934","J And D Custom Strings"
"247474","J and D Split Cable Black 452X 43.75 in.","KIN-78935","J And D Custom Strings"
"247504","J and D Split Cable Black 452X 44 in.","KIN-78936","J And D Custom Strings"
"247551","J and D Split Cable Black 452X 44.25 in.","KIN-78937","J And D Custom Strings"
"247580","J and D Split Cable Black 452X 44.5 in.","KIN-78938","J And D Custom Strings"
"247552","J and D Split Cable Black 452X 44.75 in.","KIN-78939","J And D Custom Strings"
"247505","J and D Split Cable Black 452X 45 in.","KIN-78940","J And D Custom Strings"
"247581","J and D Split Cable Black 452X 45.25 in.","KIN-78941","J And D Custom Strings"
"247506","J and D Split Cable Black 452X 45.5 in.","KIN-78942","J And D Custom Strings"
"247553","J and D Split Cable Black 452X 45.75 in.","KIN-78943","J And D Custom Strings"
"247554","J and D Split Cable Black 452X 46 in.","KIN-78944","J And D Custom Strings"
"247297","J and D Bowstring Black 452X 48.5 in.","KIN-78945","J And D Custom Strings"
"247425","J and D Bowstring Black 452X 48.75 in.","KIN-78946","J And D Custom Strings"
"247426","J and D Bowstring Black 452X 49 in.","KIN-78947","J And D Custom Strings"
"247298","J and D Bowstring Black 452X 49.25 in.","KIN-78948","J And D Custom Strings"
"247299","J and D Bowstring Black 452X 49.5 in.","KIN-78949","J And D Custom Strings"
"247427","J and D Bowstring Black 452X 49.75 in.","KIN-78950","J And D Custom Strings"
"247428","J and D Bowstring Black 452X 50 in.","KIN-78951","J And D Custom Strings"
"247429","J and D Bowstring Black 452X 50.25 in.","KIN-78952","J And D Custom Strings"
"247430","J and D Bowstring Black 452X 50.5 in.","KIN-78953","J And D Custom Strings"
"247235","J and D Bowstring Black 452X 50.75 in.","KIN-78954","J And D Custom Strings"
"247236","J and D Bowstring Black 452X 51 in.","KIN-78955","J And D Custom Strings"
"247300","J and D Bowstring Black 452X 51.25 in.","KIN-78956","J And D Custom Strings"
"247395","J and D Bowstring Black 452X 51.5 in.","KIN-78957","J And D Custom Strings"
"247431","J and D Bowstring Black 452X 51.75 in.","KIN-78958","J And D Custom Strings"
"247237","J and D Bowstring Black 452X 52 in.","KIN-78959","J And D Custom Strings"
"247432","J and D Bowstring Black 452X 52.25 in.","KIN-78960","J And D Custom Strings"
"247396","J and D Bowstring Black 452X 52.5 in.","KIN-78961","J And D Custom Strings"
"247301","J and D Bowstring Black 452X 52.75 in.","KIN-78962","J And D Custom Strings"
"247397","J and D Bowstring Black 452X 53 in.","KIN-78963","J And D Custom Strings"
"247398","J and D Bowstring Black 452X 53.25 in.","KIN-78964","J And D Custom Strings"
"247302","J and D Bowstring Black 452X 53.5 in.","KIN-78965","J And D Custom Strings"
"247238","J and D Bowstring Black 452X 53.75 in.","KIN-78966","J And D Custom Strings"
"247239","J and D Bowstring Black 452X 54 in.","KIN-78967","J And D Custom Strings"
"247433","J and D Bowstring Black 452X 54.25 in.","KIN-78968","J And D Custom Strings"
"247240","J and D Bowstring Black 452X 54.5 in.","KIN-78969","J And D Custom Strings"
"247303","J and D Bowstring Black 452X 54.75 in.","KIN-78970","J And D Custom Strings"
"247434","J and D Bowstring Black 452X 55 in.","KIN-78971","J And D Custom Strings"
"247435","J and D Bowstring Black 452X 55.25 in.","KIN-78972","J And D Custom Strings"
"247436","J and D Bowstring Black 452X 55.5 in.","KIN-78973","J And D Custom Strings"
"247241","J and D Bowstring Black 452X 55.75 in.","KIN-78974","J And D Custom Strings"
"247242","J and D Bowstring Black 452X 56 in.","KIN-78975","J And D Custom Strings"
"247399","J and D Bowstring Black 452X 56.25 in.","KIN-78976","J And D Custom Strings"
"247304","J and D Bowstring Black 452X 56.5 in.","KIN-78977","J And D Custom Strings"
"247437","J and D Bowstring Black 452X 56.75 in.","KIN-78978","J And D Custom Strings"
"247305","J and D Bowstring Black 452X 57 in.","KIN-78979","J And D Custom Strings"
"247243","J and D Bowstring Black 452X 57.25 in.","KIN-78980","J And D Custom Strings"
"247306","J and D Bowstring Black 452X 57.5 in.","KIN-78981","J And D Custom Strings"
"247244","J and D Bowstring Black 452X 57.75 in.","KIN-78982","J And D Custom Strings"
"247245","J and D Bowstring Black 452X 58 in.","KIN-78983","J And D Custom Strings"
"247438","J and D Bowstring Black 452X 58.25 in.","KIN-78984","J And D Custom Strings"
"247439","J and D Bowstring Black 452X 58.5 in.","KIN-78985","J And D Custom Strings"
"247400","J and D Bowstring Black 452X 58.75 in.","KIN-78986","J And D Custom Strings"
"247307","J and D Bowstring Black 452X 59 in.","KIN-78987","J And D Custom Strings"
"247246","J and D Bowstring Black 452X 59.25 in.","KIN-78988","J And D Custom Strings"
"247440","J and D Bowstring Black 452X 59.5 in.","KIN-78989","J And D Custom Strings"
"247441","J and D Bowstring Black 452X 59.75 in.","KIN-78990","J And D Custom Strings"
"247308","J and D Bowstring Black 452X 60 in.","KIN-78991","J And D Custom Strings"
"247442","J and D Bowstring Black 452X 60.25 in.","KIN-78992","J And D Custom Strings"
"247309","J and D Bowstring Black 452X 60.5 in.","KIN-78993","J And D Custom Strings"
"247247","J and D Bowstring Black 452X 60.75 in.","KIN-78994","J And D Custom Strings"
"247248","J and D Bowstring Black 452X 61 in.","KIN-78995","J And D Custom Strings"
"247401","J and D Bowstring Black 452X 61.25 in.","KIN-78996","J And D Custom Strings"
"247310","J and D Bowstring Black 452X 61.5 in.","KIN-78997","J And D Custom Strings"
"247443","J and D Bowstring Black 452X 61.75 in.","KIN-78998","J And D Custom Strings"
"247249","J and D Bowstring Black 452X 62 in.","KIN-78999","J And D Custom Strings"
"247402","J and D Bowstring Black 452X 62.25 in.","KIN-79000","J And D Custom Strings"
"247250","J and D Bowstring Black 452X 62.5 in.","KIN-79001","J And D Custom Strings"
"247251","J and D Bowstring Black 452X 62.75 in.","KIN-79002","J And D Custom Strings"
"247252","J and D Bowstring Black 452X 63 in.","KIN-79003","J And D Custom Strings"
"247444","J and D Bowstring Black 452X 63.25 in.","KIN-79004","J And D Custom Strings"
"247403","J and D Bowstring Black 452X 63.5 in.","KIN-79005","J And D Custom Strings"
"247311","J and D Bowstring Black 452X 63.75 in.","KIN-79006","J And D Custom Strings"
"247404","J and D Bowstring Black 452X 64 in.","KIN-79007","J And D Custom Strings"
"247312","J and D Bowstring Black 452X 82 in.","KIN-79008","J And D Custom Strings"
"247313","J and D Bowstring Black 452X 82.5 in.","KIN-79009","J And D Custom Strings"
"247253","J and D Bowstring Black 452X 83 in.","KIN-79010","J And D Custom Strings"
"247445","J and D Bowstring Black 452X 83.5 in.","KIN-79011","J And D Custom Strings"
"247446","J and D Bowstring Black 452X 84 in.","KIN-79012","J And D Custom Strings"
"247447","J and D Bowstring Black 452X 84.5 in.","KIN-79013","J And D Custom Strings"
"247314","J and D Bowstring Black 452X 85 in.","KIN-79014","J And D Custom Strings"
"247405","J and D Bowstring Black 452X 85.5 in.","KIN-79015","J And D Custom Strings"
"247448","J and D Bowstring Black 452X 86 in.","KIN-79016","J And D Custom Strings"
"247449","J and D Bowstring Black 452X 86.5 in.","KIN-79017","J And D Custom Strings"
"247315","J and D Bowstring Black 452X 87 in.","KIN-79018","J And D Custom Strings"
"247316","J and D Bowstring Black 452X 87.5 in.","KIN-79019","J And D Custom Strings"
"247317","J and D Bowstring Black 452X 88 in.","KIN-79020","J And D Custom Strings"
"247318","J and D Bowstring Black 452X 88.5 in.","KIN-79021","J And D Custom Strings"
"247406","J and D Bowstring Black 452X 89 in.","KIN-79022","J And D Custom Strings"
"247319","J and D Bowstring Black 452X 89.5 in.","KIN-79023","J And D Custom Strings"
"247254","J and D Bowstring Black 452X 90 in.","KIN-79024","J And D Custom Strings"
"247255","J and D Bowstring Black 452X 90.5 in.","KIN-79025","J And D Custom Strings"
"247407","J and D Bowstring Black 452X 91 in.","KIN-79026","J And D Custom Strings"
"247320","J and D Bowstring Black 452X 91.5 in.","KIN-79027","J And D Custom Strings"
"247408","J and D Bowstring Black 452X 92 in.","KIN-79028","J And D Custom Strings"
"247409","J and D Bowstring Black 452X 92.5 in.","KIN-79029","J And D Custom Strings"
"247321","J and D Bowstring Black 452X 93 in.","KIN-79030","J And D Custom Strings"
"247256","J and D Bowstring Black 452X 93.5 in.","KIN-79031","J And D Custom Strings"
"247257","J and D Bowstring Black 452X 94 in.","KIN-79032","J And D Custom Strings"
"247258","J and D Bowstring Black 452X 94.5 in.","KIN-79033","J And D Custom Strings"
"247410","J and D Bowstring Black 452X 95 in.","KIN-79034","J And D Custom Strings"
"247322","J and D Bowstring Black 452X 95.5 in.","KIN-79035","J And D Custom Strings"
"247259","J and D Bowstring Black 452X 96 in.","KIN-79036","J And D Custom Strings"
"247260","J and D Bowstring Black 452X 96.5 in.","KIN-79037","J And D Custom Strings"
"247411","J and D Bowstring Black 452X 97 in.","KIN-79038","J And D Custom Strings"
"247412","J and D Bowstring Black 452X 97.5 in.","KIN-79039","J And D Custom Strings"
"247323","J and D Bowstring Black 452X 98 in.","KIN-79040","J And D Custom Strings"
"247324","J and D Bowstring Black 452X 98.5 in.","KIN-79041","J And D Custom Strings"
"247413","J and D Bowstring Black 452X 99 in.","KIN-79042","J And D Custom Strings"
"247325","J and D Bowstring Black 452X 99.5 in.","KIN-79043","J And D Custom Strings"
"247261","J and D Bowstring Black 452X 100 in.","KIN-79044","J And D Custom Strings"
"247262","J and D Bowstring Black 452X 100.5 in.","KIN-79045","J And D Custom Strings"
"247414","J and D Bowstring Black 452X 101 in.","KIN-79046","J And D Custom Strings"
"247326","J and D Bowstring Black 452X 101.5 in.","KIN-79047","J And D Custom Strings"
"247263","J and D Bowstring Black 452X 102 in.","KIN-79048","J And D Custom Strings"
"250763","Trophy Ridge Whisker Biscuit Replacement Biscuit Green Medium","KIN-79080","TROPHY RIDGE"
"251049","Pine Ridge Kwik Stand Bow Support Black","KIN-79119","PINE RIDGE"
"251050","Pine Ridge Kwik Stand Bow Support Red/Black","KIN-79120","PINE RIDGE"
"251029","Pine Ridge Kwik Stand Bow Support Lime Green/Black","KIN-79121","PINE RIDGE"
"251051","Pine Ridge Kwik Stand Bow Support Purple/Black","KIN-79122","PINE RIDGE"
"251052","Pine Ridge Kwik Stand Bow Support Forest Green/Black","KIN-79123","PINE RIDGE"
"248793","Pine Ridge Nitro String Loop Black 100 ft.","KIN-79124","PINE RIDGE"
"250498","Carbon Express Field Quiver Red/Black RH","KIN-79127","CARBON EXPRESS"
"250430","Carbon Express Field Quiver Blue/Black RH","KIN-79129","CARBON EXPRESS"
"250381","Carbon Express Field Quiver Purple/Black RH","KIN-79130","CARBON EXPRESS"
"250382","Carbon Express Target Quiver Red/Black RH","KIN-79132","CARBON EXPRESS"
"250499","Carbon Express Target Quiver Blue/Black RH","KIN-79134","CARBON EXPRESS"
"242672","Carbon Express Maxima Red SD Arrows 250 (.400 spine) 2 in. Vanes 6 pk.","KIN-79149","CARBON EXPRESS"
"242419","Carbon Express Maxima Red SD Arrows 350 2 in. Vanes 6 pk.","KIN-79150","CARBON EXPRESS"
"243739","Carbon Express XSD In-Out Inserts .166 Size 1 12 pk.","KIN-79163","CARBON EXPRESS"
"243819","Carbon Express XSD In-Out Inserts .166 Size 2 12 pk.","KIN-79164","CARBON EXPRESS"
"243867","Carbon Express LaunchPad Nocks Green .166 12 pk.","KIN-79167","CARBON EXPRESS"
"242290","Carbon Express Game Slayer Arrows 350 2 in. Vanes 3 pk.","KIN-79168","CARBON EXPRESS"
"244208","Carbon Express BullDog Collars Nano-Pro RZ 500 12 pk.","KIN-79176","CARBON EXPRESS"
"244209","Carbon Express BullDog Collars Nano-Pro RZ 550 12 pk.","KIN-79177","CARBON EXPRESS"
"244210","Carbon Express BullDog Collars Nano-Pro RZ 600 12 pk.","KIN-79178","CARBON EXPRESS"
"244618","Carbon Express Pin Points .234 Size 2 500-650 12 pk.","KIN-79190","CARBON EXPRESS"
"246146","Steel Force Big Phat Head Broadheads 4 Blade 100 gr. 3 pk.","KIN-79214","Steel Force"
"251152","TruFire Eva Shockey Signature Release Buckle Foldback","KIN-79279","TRUFIRE"
"251340","TruFire Sear Back Tension Release Orange","KIN-79281","TRUFIRE"
"251353","TruFire Sear Back Tension Release Green","KIN-79284","TRUFIRE"
"246410","Rage Chisel Tip X Crossbow Broadheads 3 Blade 100 gr. 3 pk.","KIN-79286","RAGE"
"246594","Rage Xtreme Turkey Broadheads 2 pk.","KIN-79287","RAGE"
"246382","Rage Hypodermic Trypan Broadheads 100 gr. 3pk.","KIN-79289","RAGE"
"246513","Rage Shock Collars Chisel Tip X/3 Blade SC 15 pk.","KIN-79292","RAGE"
"246579","MTM Mechanical Broadhead Case Army Green","KIN-79330","MTM"
"251030","Pine Ridge Kwik Stand Bow Support Blue/Black","KIN-79357","PINE RIDGE"
"251043","Pine Ridge Kwik Stand Bow Support Orange/Black","KIN-79358","PINE RIDGE"
"251031","Pine Ridge Kwik Stand Bow Support Turquoise/Black","KIN-79360","PINE RIDGE"
"251053","Pine Ridge Kwik Stand Bow Support Yellow/Black","KIN-79361","PINE RIDGE"
"250091","Dead Center Diamond Series Combo Mount Combo","KIN-79430","Dead Center"
"249681","Dead Center Dead Level Hunter System CarbonV2 Black 8/6 in.","KIN-79431","Dead Center"
"249572","Dead Center Dead Level Hunter System CarbonV4 Black 10/8 in","KIN-79433","Dead Center"
"249573","Dead Center Dead Silent Carbon V2 Stabilizer Black 6 in.","KIN-79434","Dead Center"
"249682","Dead Center Dead Silent Carbon V2 Stabilizer Black 8 in.","KIN-79439","Dead Center"
"250871","QAD Replacement Felt Kit Black","KIN-79476","QAD"
"246180","QAD Exodus Broadheads Swept Blade 125 gr. 3 pk.","KIN-79477","QAD"
"246246","QAD Exodus Broadheads Swept Blade 100 gr. 3 pk.","KIN-79478","QAD"
"246181","Zwickey Eskimo Broadheads Glue On 4 Blade 125 gr. 3pk.","KIN-79482","Zwickey"
"246247","Zwickey Delta Broadheads Glue On 4 Blade 135 gr. 3 pk.","KIN-79483","Zwickey"
"246248","Zwickey Cliff Zwickey Broadheads Glue On 2 Blade 140 Gr. 3 pk.","KIN-79484","Zwickey"
"246249","Zwickey Cliff Zwickey Broadheads Screw In 2 Blade 175 gr. 3 pk.","KIN-79485","Zwickey"
"246147","Zwickey No Mercy Broadheads Screw In 4 Blade 165 gr. 3 pk.","KIN-79486","Zwickey"
"245299","Bohning Fletch Fuse Adhesive .5 oz.","KIN-79500","BOHNING"
"245154","Bohning HD Arrow Wraps Green and White Flame 13 pk.","KIN-79505","BOHNING"
"245517","Bohning Blazer Vanes Barred Feather 36 pk.","KIN-79506","BOHNING"
"245697","Bohning Blazer Vanes Flying Tiger Shark 36 pk.","KIN-79512","BOHNING"
"245981","Bohning Blazer Vanes Flying Tiger Shark 100 pk.","KIN-79513","BOHNING"
"245982","Bohning Heat Vanes Red 36 pk.","KIN-79514","BOHNING"
"245698","Bohning Heat Vanes Neon Orange 36 pk.","KIN-79515","BOHNING"
"245518","Bohning Heat Vanes Neon Yellow 36 pk.","KIN-79516","BOHNING"
"245519","Bohning Heat Vanes Satin Blue 36 pk.","KIN-79517","BOHNING"
"245520","Bohning Heat Vanes Hot Pink 36 pk.","KIN-79518","BOHNING"
"246029","Bohning Heat Vanes White 36 pk.","KIN-79519","BOHNING"
"245699","Bohning Heat Vanes Black 36 pk.","KIN-79520","BOHNING"
"246030","Bohning Heat Vanes Neon Green 36 pk.","KIN-79521","BOHNING"
"245320","Bohning Blazer QuikFletch American Flag 6 pk.","KIN-79522","BOHNING"
"248877","Bohning Grit Guard","KIN-79523","BOHNING"
"252199","GWS Lighted Crossbow Nocks Blue 3 pk.","KIN-79526","Gws"
"252239","Bowmaster Pouch G2","KIN-79578","Bowmaster"
"246603","Dirt Nap Gear Shred Head Turkey Broadheads 100/125 gr. 3 pk.","KIN-79580","Dirt Nap Gear"
"242674","Victory VAP TKO Elite Arrows 300 2 in. Vanes 6 pk.","KIN-79581","Victory"
"242675","Victory VAP TKO Elite Arrows 350 2 in. Vanes 6 pk.","KIN-79582","Victory"
"242420","Victory VAP TKO Elite Arrows 400 2 in. Vanes 6 pk.","KIN-79583","Victory"
"252295","Bow Medic Arrow Level Kit","KIN-79596","Bow Medic"
"252411","Archery Shooters Pro Paper Tuning Station","KIN-79650","Archery Shooter Systems"
"251622","RPM Bowfishing M1-X Trigger Reel","KIN-79777","Rpm Bowfishing"
"251636","RPM Bowfishing Vise Reel Seat","KIN-79778","Rpm Bowfishing"
"251637","RPM Bowfishing Victory Rest w/ Retention Gates","KIN-79779","Rpm Bowfishing"
"251608","RPM Bowfishing Nitro Rest","KIN-79780","Rpm Bowfishing"
"251623","RPM Breakout Power Rod","KIN-79781","Rpm Bowfishing"
"251638","RPM Burnout Power Rod","KIN-79782","Rpm Bowfishing"
"251596","RPM Bowfishing Monkey Wire 160 ft.","KIN-79783","Rpm Bowfishing"
"251597","RPM Bowfishing Red Line 125 ft.","KIN-79784","Rpm Bowfishing"
"251592","RPM Bowfishing Gorilla Wire 100 ft.","KIN-79785","Rpm Bowfishing"
"242934","No Frontiers Youth Cedar Arrows 26 in. 72 pk.","KIN-79826","No Frontiers"
"242935","No Frontiers Youth Cedar Arrows 28 in. 72 pk.","KIN-79827","No Frontiers"
"242936","No Frontiers Youth Poplar Arrows 26 in. 72 pk.","KIN-79828","No Frontiers"
"242963","No Frontiers Youth Poplar Arrows 28 in. 72 pk.","KIN-79829","No Frontiers"
"245214","Bohning Arrow Wraps White 7 in. Standard 12 pk.","KIN-79856","BOHNING"
"249488","Dead Center Dead Silent Carbon V2 Stabilizer Mossy Oak Country 8 in.","KIN-79915","Dead Center"
"250076","Dead Center Aluminum Weight End Cap Black 1 oz.","KIN-79919","Dead Center"
"250077","Dead Center Custom Balance Weight Kit Matte Black","KIN-79920","Dead Center"
"250060","Dead Center Custom Balance Weight Kit Polished Silver","KIN-79921","Dead Center"
"249039","BCY B55 Bowtring Material Black 1/4 lb.","KIN-79928","Bcy"
"248815","BCY 23 D-Loop Material Neon Green 100 ft.","KIN-79931","Bcy"
"248838","BCY 23 D-Loop Material Neon Orange 100 ft.","KIN-79932","Bcy"
"248816","BCY 23 D-Loop Material Red 100 ft.","KIN-79933","Bcy"
"248817","BCY 23 D-Loop Material Blue 100 ft.","KIN-79934","Bcy"
"248818","BCY 23 D-Loop Material Black 100 ft.","KIN-79936","Bcy"
"249029","BCY 452X Bowstring Material Neon Green 1/4 lb.","KIN-79937","Bcy"
"249040","BCY 452X Bowstring Material Neon Orange 1/4 lb.","KIN-79938","Bcy"
"248934","BCY 452X Bowstring Material Royal Blue 1/4 lb.","KIN-79939","Bcy"
"249041","BCY 452X Bowstring Material Tan 1/4 lb.","KIN-79942","Bcy"
"248967","BCY 452X Bowstring Material Red 1/4 lb.","KIN-79945","Bcy"
"242291","Victory VAP TKO Gamer Low Torque Arrows 300 Blazer Vanes 6 pk.","KIN-79958","Victory"
"242676","Victory VAP TKO Gamer Low Torque Arrows 350 Blazer Vanes 6 pk.","KIN-79959","Victory"
"242677","Victory VAP TKO Gamer Low Torque Arrows 400 Blazer Vanes 6 pk.","KIN-79960","Victory"
"242421","Victory VAP TKO Sport Low Torque Arrows 300 2 in. Vanes 6 pk.","KIN-79961","Victory"
"242611","Victory VAP TKO Sport Low Torque Arrows 350 2 in. Vanes 6 pk.","KIN-79962","Victory"
"242422","Victory VAP TKO Sport Arrows 400 2 in. Vanes 6 pk.","KIN-79963","Victory"
"244649","Carbon Express Point Weights 60 gr. 12 pk.","KIN-79965","CARBON EXPRESS"
"244664","Carbon Express Point Weights 85 gr. 12 pk.","KIN-79966","CARBON EXPRESS"
"251575","Innerloc Grapid Point 3 Barb","KIN-80007","Innerloc"
"251576","Innerloc Gator Grapple Point","KIN-80008","Innerloc"
"251509","Innerloc Glow Max Bowfishing Arrow w/Grapid Point 5/16 in.","KIN-80009","Innerloc"
"251510","Innerloc Glass Max Bowfishing Arrow w/Grapid Point 5/16 in.","KIN-80010","Innerloc"
"246031","Bohning Shield Cut X Vanes Black 1.75 in. 100 pk.","KIN-80061","BOHNING"
"246032","Bohning Shield Cut X Vanes Hot Pink 1.75 in. 100 pk.","KIN-80062","BOHNING"
"246033","Bohning Shield Cut X Vanes Neon Green 1.75 in. 100 pk.","KIN-80063","BOHNING"
"245521","Bohning Shield Cut X Vanes Purple 1.75 in. 100 pk.","KIN-80066","BOHNING"
"245522","Bohning Shield Cut X Vanes Red 1.75 in. 100 pk.","KIN-80067","BOHNING"
"245700","Bohning Shield Cut X Vanes White 1.75 in. 100 pk.","KIN-80068","BOHNING"
"246034","Bohning Blazer Vanes Teal Tiger 36 pk.","KIN-80069","BOHNING"
"246035","Bohning Blazer Vanes Teal Tiger 100 pk.","KIN-80070","BOHNING"
"245983","Bohning Air Vanes Black 2 in. 100 pk.","KIN-80072","BOHNING"
"245523","Bohning Air Vanes Purple 2 in. 100 pk.","KIN-80077","BOHNING"
"245524","Bohning Air Vanes Red 2 in. 100 pk.","KIN-80078","BOHNING"
"246036","Bohning Air Vanes White 2 in. 100 pk.","KIN-80079","BOHNING"
"245525","Bohning Bolt Vanes Black 3.5 in. 100 pk.","KIN-80080","BOHNING"
"245526","Bohning Bolt Vanes Neon Green 3.5 in. 100 pk.","KIN-80082","BOHNING"
"245527","Bohning Bolt Vanes Neon Orange 3.5 in. 100 pk.","KIN-80083","BOHNING"
"246037","Bohning Bolt Vanes Neon Yellow 3.5 in. 100 pk.","KIN-80084","BOHNING"
"245701","Bohning Bolt Vanes Red 3.5 in. 100 pk.","KIN-80085","BOHNING"
"246038","Bohning Bolt Vanes White 3.5 in. 100 pk.","KIN-80086","BOHNING"
"250299","Bohning Lynx Quiver Mossy Oak Country 4 Arrow","KIN-80087","BOHNING"
"244690","Bohning Complete Tower Jig Kit","KIN-80090","BOHNING"
"244735","Bohning Strip-Pro Vane Stripper","KIN-80092","BOHNING"
"245155","Bohning Blazer Arrow Wraps Teal 4 in. 13 pk.","KIN-80095","BOHNING"
"245222","Bohning Blazer Arrow Wraps Purple 4 in. 13 pk.","KIN-80096","BOHNING"
"245984","Bohning Blazer Vanes Purple Tiger 36 pk.","KIN-80097","BOHNING"
"245702","Bohning Blazer Vanes Purple Tiger 100 pk.","KIN-80098","BOHNING"
"242292","Black Eagle Outlaw Arrows .005 350 Blazer Vanes 6 pk.","KIN-80161","Black Eagle"
"242293","Black Eagle Outlaw Arrows .005 400 Blazer Vanes 6 pk.","KIN-80162","Black Eagle"
"242294","Black Eagle Outlaw Arrows .005 500 Blazer Vanes 6 pk.","KIN-80163","Black Eagle"
"242678","Black Eagle Carnivore Arrows Ultra-Light 30-50 .001 6 pk.","KIN-80164","Black Eagle"
"242679","Black Eagle Carnivore Arrows Ultra-Light 30-50 .003 6 pk.","KIN-80165","Black Eagle"
"242612","Black Eagle Carnivore Arrows .001 300 Blazer Vanes 6 pk.","KIN-80166","Black Eagle"
"242423","Black Eagle Carnivore Arrows .001 350 Blazer Vanes 6 pk.","KIN-80167","Black Eagle"
"242613","Black Eagle Carnivore Arrows .001 400 Blazer Vanes 6 pk.","KIN-80168","Black Eagle"
"251313","Stan SX3 Heavy Metal Release 3 Finger Black Medium","KIN-80169","Stanislawski"
"251314","Stan SX3 Heavy Metal Release 4 Finger Medium Black","KIN-80170","Stanislawski"
"251273","Stan SX3 Heavy Metal Release 3 Finger Black Large","KIN-80171","Stanislawski"
"251250","Stan SX3 Heavy Metal Release 4 Finger Large Black","KIN-80172","Stanislawski"
"251251","Stan Shootoff TL Heavy Metal Release 3 Finger Black Medium","KIN-80173","Stanislawski"
"251274","Stan Shootoff TL Heavy Metal Release 4 Finger Medium Black","KIN-80174","Stanislawski"
"251315","Stan Shootoff TL Heavy Metal Release 3 Finger Black Large","KIN-80175","Stanislawski"
"251307","Stan Shootoff TL Heavy Metal Release 4 Finger Large Black","KIN-80176","Stanislawski"
"251427","Stan Element TL Heavy Metal Release 3 Finger Black Medium","KIN-80177","Stanislawski"
"251428","Stan Element TL Heavy Metal Release 4 Finger Black Medium","KIN-80178","Stanislawski"
"251426","Stan Element TL Heavy Metal Release 3 Finger Black Large","KIN-80179","Stanislawski"
"251429","Stan Element TL Heavy Metal Release 4 Finger Black Large","KIN-80180","Stanislawski"
"252008","Lumenok Carbon Crossbow Bolts 22 in. Green Moon Nocks 3 pk.","KIN-80202","Lumenok"
"252045","Lumenok Carbon Crossbow Bolts 20 in. Green Flat Nocks 3 pk.","KIN-80203","Lumenok"
"251976","Lumenok Crossbow Bolts 20 in. Green Capture Nocks 3 pk.","KIN-80204","Lumenok"
"251016","High Point Belt Bow Holster Black Narrow Grip","KIN-80213","High Point"
"252240","Bow Medic Bow Press","KIN-80229","Bow Medic"
"252236","Bow Medic L Bracket 1 pr.","KIN-80230","Bow Medic"
"250916","Trophy Taker Spring Steel Rest Black RH","KIN-80276","Trophy Taker"
"250917","Trophy Taker Spring Steel Pro Rest Black RH","KIN-80278","Trophy Taker"
"250879","Trophy Taker Spring Steel 2 Hole Launcher Blade Narrow .008","KIN-80279","Trophy Taker"
"250849","Trophy Taker Spring Steel 2 Hole Launcher Blade Narrow .010","KIN-80280","Trophy Taker"
"250872","Trophy Taker Spring Steel 2 Hole Launcher Blade Narrow .012","KIN-80281","Trophy Taker"
"250858","Trophy Taker Spring Steel 2 Hole Launcher Blade Wide .008","KIN-80282","Trophy Taker"
"250873","Trophy Taker Spring Steel 2 Hole Launcher Blade Wide .010","KIN-80283","Trophy Taker"
"250880","Trophy Taker Spring Steel 2 Hole Launcher Blade Wide .012","KIN-80284","Trophy Taker"
"249388","Axion Limb Damper Rubber Mount Lost XD Large","KIN-80300","Axion"
"249434","Kinex Crossbow Limb Stabilizer Black 3 oz.","KIN-80308","Kinex Systems"
"246299","Wasp Jak-Knife Broadhead 2 Blade 125 gr. 3 pk.","KIN-80313","Wasp"
"246383","Wasp Dueler Broadheads 2 Blade 100 gr. 3 pk.","KIN-80314","Wasp"
"246250","Wasp Drone Broadheads 3 Blade 125 gr. 3 pk.","KIN-80315","Wasp"
"249574","X-Factor Xtreme TAC Stabilizer Lost XD 4 3/4 in.","KIN-80323","X FACTOR"
"249575","X-Factor Xtreme TAC Stabilizer Realtree Xtra 4 3/4 in.","KIN-80324","X FACTOR"
"249722","X-Factor Xtreme TAC HS Stabilizer Black 6 in.","KIN-80326","X FACTOR"
"249723","X-Factor Xtreme TAC HS Stabilizer Lost XD 6 in.","KIN-80328","X FACTOR"
"249490","X-Factor Xtreme TAC HS Stabilizer Realtree Xtra 6 in.","KIN-80329","X FACTOR"
"249576","X-Factor Xtreme TAC HS Stabilizer Mossy Oak Country 6 in.","KIN-80330","X FACTOR"
"249251","X-Factor Supreme Wrist Sling Tan Camo/Woodland Camo","KIN-80331","X FACTOR"
"249213","X-Factor Supreme Wrist Sling Black/Purple","KIN-80332","X FACTOR"
"249724","Bowfinger Ultimate Hunter Stabilizer Realtree Xtra 10 in.","KIN-80345","Bowfinger"
"250109","Bowfinger Bark Buster Riser Mount w/ Quick Disconnect","KIN-80346","Bowfinger"
"250137","Bowfinger Ultimate Riser Mount 1/4-20 Bolt Through","KIN-80347","Bowfinger"
"249965","Shrewd Onyx Stabilizer Black 10 in.","KIN-80450","Shrewd Archery"
"249946","Shrewd Onyx Stabilizer Black 12 in.","KIN-80451","Shrewd Archery"
"249877","Shrewd Onyx Stabilizer Black 28 in.","KIN-80452","Shrewd Archery"
"249966","Shrewd Onyx Stabilizer Black 30 in.","KIN-80453","Shrewd Archery"
"249843","Shrewd Onyx Stabilizer Black 32 in.","KIN-80454","Shrewd Archery"
"249577","Shrewd Ambush Stabilizer Lost XD 6.5 in.","KIN-80468","Shrewd Archery"
"249997","Shrewd Steel End Weight Black 1 oz.","KIN-80470","Shrewd Archery"
"250061","Shrewd Steel End Weight Black 2 oz.","KIN-80471","Shrewd Archery"
"249998","Shrewd Steel End Weight Black 4 oz.","KIN-80473","Shrewd Archery"
"250148","Shrewd Single Adjustable V-Bar Matte Black","KIN-80474","Shrewd Archery"
"250110","Shrewd Quick Disconnect Matte Black 8 Degree","KIN-80475","Shrewd Archery"
"242295","Black Eagle Spartan Arrows .001 350 Blazer Vanes 6 pk.","KIN-80478","Black Eagle"
"242680","Black Eagle Spartan Arrows .001 400 Blazer Vanes 6 pk.","KIN-80479","Black Eagle"
"242681","Black Eagle Spartan Arrows .001 500 Blazer Vanes 6 pk.","KIN-80480","Black Eagle"
"247327","Zebra Hybrid String Tan/Black 50 1/2 in.","KIN-80515","ZEBRA"
"247264","Zebra Hybrid String Q2 Tan/Black 90 1/4 in.","KIN-80516","ZEBRA"
"247582","Zebra Hybrid Split Cable SwitchbackXT Tan/Black 33.5 in","KIN-80519","ZEBRA"
"247507","Zebra Hybrid Split Cable Black 32 3/8 in.","KIN-80521","ZEBRA"
"247555","Zebra Hybrid Split Cable Tan/Black 34 1/8 in.","KIN-80522","ZEBRA"
"247508","Zebra Hybrid Split Cable Z7 Magnum Tan/Black 34 1/2 in.","KIN-80523","ZEBRA"
"247583","Zebra Hybrid Split Cable Tan/Black 42 1/4 in.","KIN-80525","ZEBRA"
"247415","Zebra Trophy String Craze Orange/Black 55 7/8 in.","KIN-80526","ZEBRA"
"247509","ABB Premium Split Cable Green/Black 37 in.","KIN-80607","Americas Best Bowstrings"
"247584","ABB Premium Split Cable Green/Black 40 in.","KIN-80613","Americas Best Bowstrings"
"247603","ABB Premium Control Cable Green/Black 36 in.","KIN-80615","Americas Best Bowstrings"
"247629","ABB Premium Control Cable Green/Black 42 in.","KIN-80627","Americas Best Bowstrings"
"247328","ABB Premium Bowstring Green/Black 62 in.","KIN-80653","Americas Best Bowstrings"
"248385","ABB Premium String Set Green/Black Motive 7","KIN-80661","Americas Best Bowstrings"
"248348","ABB Premium String Set Green/Black Traxx","KIN-80662","Americas Best Bowstrings"
"248236","ABB Premium String Set Green/Black BT-X 28","KIN-80663","Americas Best Bowstrings"
"248237","ABB Premium String Set Green/Black Energy 35 2015","KIN-80676","Americas Best Bowstrings"
"248386","ABB Premium String Set Green/Black Chill","KIN-80696","Americas Best Bowstrings"
"248174","ABB Premium String Set Green/Black Bow Madness 32","KIN-80715","Americas Best Bowstrings"
"244619","Competition Pin Points 2312 150 gr. 12 pk.","KIN-80739","Competition Archery Products"
"244458","Competition Pin Points 2312 170 gr. 12 pk.","KIN-80741","Competition Archery Products"
"244620","Competition Pin Points 2312 200 gr. 12 pk.","KIN-80743","Competition Archery Products"
"244459","Competition Pro Points 2312 200 gr. 12 pk.","KIN-80744","Competition Archery Products"
"244504","Competition Pin Points 2314 150 pr. 12 pk.","KIN-80745","Competition Archery Products"
"244621","Competition Pin Points 2314 180 gr. 12 pk.","KIN-80746","Competition Archery Products"
"244622","Competition Pin Points 2314 200 gr. 12 pk.","KIN-80747","Competition Archery Products"
"244623","Competition Pin Points 2315 160 gr. 12 pk.","KIN-80748","Competition Archery Products"
"244505","Competition Pin Points 2315 180 gr. 12 pk.","KIN-80749","Competition Archery Products"
"244579","Competition Pin Points 2315 200 gr. 12 pk.","KIN-80750","Competition Archery Products"
"244624","Competition Pro Points 2315 200 gr. 12 pk.","KIN-80751","Competition Archery Products"
"244460","Competition Pin Points 2512 200 gr. 12 pk.","KIN-80753","Competition Archery Products"
"244626","Competition Pin Points 2613 260 gr. 12 pk.","KIN-80754","Competition Archery Products"
"244506","Competition Pin Points 2712 225 gr. 12 pk.","KIN-80755","Competition Archery Products"
"244461","Competition Pin Points 2712 250 gr. 12 pk.","KIN-80756","Competition Archery Products"
"244627","Competition Pin Points 2712 300 gr. 12 pk.","KIN-80759","Competition Archery Products"
"244580","Competition 3D Nock Buster Points 30X 120 gr. 12 pk.","KIN-80761","Competition Archery Products"
"244507","Competition 3D Nock Buster Points CXL 250/350 100 gr. 12 pk.","KIN-80762","Competition Archery Products"
"244508","Competition Pin Points CXL 250/350 180 gr. 12 pk.","KIN-80763","Competition Archery Products"
"244509","Competition 3D Nock Buster Pin Points Fatboy 100 gr. 12 pk.","KIN-80764","Competition Archery Products"
"244581","Competition 3D Nock Buster Points Fatboy 100 gr. 12 pk.","KIN-80765","Competition Archery Products"
"244584","Competition Pin Points Full Bore 250 gr. 12 pk.","KIN-80769","Competition Archery Products"
"244585","Competition 3D Nock Buster Points Series 22 100 gr. 12 pk.","KIN-80770","Competition Archery Products"
"244462","Competition 3D Nock Buster Points Series 22 120 gr. 12 pk.","KIN-80771","Competition Archery Products"
"244628","Competition 3D Nock Buster Points X-Cutter 100 gr. 12 pk.","KIN-80773","Competition Archery Products"
"244464","Competition 3D Nock Buster Points X-Cutter 125 gr. 12 pk.","KIN-80774","Competition Archery Products"
"244629","Competition 3D Nock Buster Points Triple X 150 gr. 12 pk.","KIN-80777","Competition Archery Products"
"244630","Competition Pin Points Triple X 250 gr. 12 pk.","KIN-80778","Competition Archery Products"
"244586","Competition Pin Points Triple X 300 gr. 12 pk.","KIN-80779","Competition Archery Products"
"244587","Competition 3D Nock Buster Points X-Jammer 27 100 gr. 12 pk.","KIN-80780","Competition Archery Products"
"244466","Competition 3D Nock Buster Points Super Drive 25 120 gr. 12 pk.","KIN-80782","Competition Archery Products"
"244631","Competition 3D Nock Buster Points Triumph 100 gr. 12 pk.","KIN-80786","Competition Archery Products"
"244632","Competition Pin Points Triumph 180 gr. 12 pk.","KIN-80787","Competition Archery Products"
"248604","Specialty Archery Clarifier 1/16 in. No. 1.5","KIN-80879","SPECIALTY ARCHERY"
"250874","Specialty Archery Best Blades .012 Wide","KIN-80889","SPECIALTY ARCHERY"
"245703","VaneTec HD Vanes White 2 in. 100 pk.","KIN-80917","Vanetec"
"245528","VaneTec HD Vanes Flo. Yellow 2 in. 100 pk.","KIN-80919","Vanetec"
"245985","VaneTec HD Vanes Orange 2 in. 100 pk.","KIN-80921","Vanetec"
"246039","VaneTec HD Vanes Black 2 in. 100 pk.","KIN-80923","Vanetec"
"247929","BlackHeart Crossbow Split Cables 19.063 in. Barnett Razr Ice","KIN-81003","Blackheart"
"247843","October Mountain Crossbow String 36 in. Barnett Wildcat C6","KIN-81004","OCTOBER MOUNTAIN"
"247844","October Mountain Crossbow String 40 3/4 in. Bear Torrix FFL","KIN-81007","OCTOBER MOUNTAIN"
"247845","October Mountain Crossbow String 37 1/4 in. Bear Fortus","KIN-81009","OCTOBER MOUNTAIN"
"247681","October Mountain Crossbow String 37.9375 in Browning Zero7 Series","KIN-81010","OCTOBER MOUNTAIN"
"247682","October Mountain Crossbow String 28.5 in. Carbon Express X Force","KIN-81011","OCTOBER MOUNTAIN"
"247846","October Mountain Crossbow String 35.5 in. Stryker Katana","KIN-81015","OCTOBER MOUNTAIN"
"247859","October Mountain Crossbow String 40.875 in TenPoint Carbon Nitro","KIN-81016","OCTOBER MOUNTAIN"
"247860","October Mountain Crossbow String 34.0625 in. TenPoint Titan SS","KIN-81017","OCTOBER MOUNTAIN"
"247930","October Mountain Crossbow Control Cables 15.25 in TenPoint Carbon Nitro","KIN-81019","OCTOBER MOUNTAIN"
"248045","October Mountain Crossbow Cables 19.063 in. Barnett Razr Ice","KIN-81020","OCTOBER MOUNTAIN"
"248057","October Mountain Crossbow Split Cables 19.3125 in. Bear Torrix FFL","KIN-81023","OCTOBER MOUNTAIN"
"247931","October Mountain Crossbow Split Cables 23.4375 in. Bear Fortus","KIN-81025","OCTOBER MOUNTAIN"
"247932","October Mountain Crossbow Split Cables 21.6875 in Browning Zero7 Series","KIN-81026","OCTOBER MOUNTAIN"
"248046","October Mountain Crossbow Control Cables 21.1875 Stryker Katana","KIN-81031","OCTOBER MOUNTAIN"
"248058","October Mountain Crossbow Split Cables 23.0625 in. TenPoint Titan SS","KIN-81033","OCTOBER MOUNTAIN"
"250589","Elevation Shooters Towel","KIN-81066","ELEVATION"
"250431","Elevation Nerve Field Quiver Orange RH","KIN-81067","ELEVATION"
"250483","Elevation Nerve Field Quiver Orange LH","KIN-81068","ELEVATION"
"250385","Elevation Nerve Field Quiver Purple LH","KIN-81070","ELEVATION"
"250484","Elevation Nerve Field Quiver Green RH","KIN-81071","ELEVATION"
"250386","Elevation Nerve Field Quiver Green LH","KIN-81072","ELEVATION"
"250570","Elevation Core Release Pouch Orange","KIN-81073","ELEVATION"
"250578","Elevation Core Release Pouch Green","KIN-81075","ELEVATION"
"250592","Elevation Pro Release Pouch Orange","KIN-81076","ELEVATION"
"250593","Elevation Pro Release Pouch Purple","KIN-81077","ELEVATION"
"250594","Elevation Pro Release Pouch Green","KIN-81078","ELEVATION"
"250387","Elevation Pro Shooters Belt Orange 28-46 in.","KIN-81080","ELEVATION"
"250388","Elevation Pro Shooters Belt Green 28-46 in.","KIN-81082","ELEVATION"
"250389","Elevation Nerve Field Quiver Package Orange RH","KIN-81083","ELEVATION"
"250500","Elevation Nerve Field Quiver Package Orange LH","KIN-81084","ELEVATION"
"250501","Elevation Nerve Field Quiver Package Purple LH","KIN-81086","ELEVATION"
"250502","Elevation Nerve Field Quiver Package Green RH","KIN-81087","ELEVATION"
"250503","Elevation Nerve Field Quiver Package Green LH","KIN-81088","ELEVATION"
"244380","October Mountain Hybrid Points 9/32 85 gr. 12 pk.","KIN-81094","OCTOBER MOUNTAIN"
"244381","October Mountain Hybrid Points 5/16 85 gr. 12 pk.","KIN-81095","OCTOBER MOUNTAIN"
"244266","October Mountain Hybrid Points 9/32 100 gr. 12 pk.","KIN-81096","OCTOBER MOUNTAIN"
"244303","October Mountain Hybrid Points 5/16 100 gr. 12 pk.","KIN-81097","OCTOBER MOUNTAIN"
"244382","October Mountain Hybrid Points 21/64 100 gr. 12 pk.","KIN-81098","OCTOBER MOUNTAIN"
"244383","October Mountain Hybrid Points 11/32 100 gr. 12 pk.","KIN-81099","OCTOBER MOUNTAIN"
"244384","October Mountain Hybrid Points 9/32 125 gr. 12 pk.","KIN-81100","OCTOBER MOUNTAIN"
"244385","October Mountain Hybrid Points 5/16 125 gr. 12 pk.","KIN-81101","OCTOBER MOUNTAIN"
"244304","October Mountain Hybrid Points 21/64 125 gr. 12 pk.","KIN-81102","OCTOBER MOUNTAIN"
"244386","October Mountain Hybrid Points 11/32 125 gr. 12 pk.","KIN-81103","OCTOBER MOUNTAIN"
"244387","October Mountain Bullet Points 9/32 75 gr. 12 pk.","KIN-81104","OCTOBER MOUNTAIN"
"244305","October Mountain Bullet Points 5/16 75 gr. 12 pk.","KIN-81105","OCTOBER MOUNTAIN"
"244406","October Mountain Bullet Points 9/32 in. 100 gr. 12 pk.","KIN-81106","OCTOBER MOUNTAIN"
"244407","October Mountain Bullet Points 5/16 100 gr. 12 pk.","KIN-81107","OCTOBER MOUNTAIN"
"244408","October Mountain Bullet Points 21/64 100 gr. 12 pk.","KIN-81108","OCTOBER MOUNTAIN"
"244306","October Mountain Bullet Points 11/32 100 gr. 12 pk.","KIN-81109","OCTOBER MOUNTAIN"
"244409","October Mountain Bullet Points 5/16 125 gr. 12 pk.","KIN-81110","OCTOBER MOUNTAIN"
"244307","October Mountain Bullet Points 21/64 125 gr. 12 pk.","KIN-81111","OCTOBER MOUNTAIN"
"244388","October Mountain Bullet Points 11/32 125 gr. 12 pk.","KIN-81112","OCTOBER MOUNTAIN"
"244308","October Mountain Parabolic Points 9/32 75 gr. 12 pk.","KIN-81113","OCTOBER MOUNTAIN"
"244309","October Mountain Parabolic Points 5/16 75 gr. 12 pk.","KIN-81114","OCTOBER MOUNTAIN"
"244410","October Mountain Parabolic Points 9/32 85 gr. 12 pk.","KIN-81115","OCTOBER MOUNTAIN"
"244389","October Mountain Parabolic Points 5/16 85 gr. 12 pk.","KIN-81116","OCTOBER MOUNTAIN"
"244411","October Mountain Parabolic Points 9/32 100 gr. 12 pk.","KIN-81117","OCTOBER MOUNTAIN"
"244412","October Mountain Parabolic Points 5/16 100 gr. 12 pk.","KIN-81118","OCTOBER MOUNTAIN"
"244310","October Mountain Parabolic Points 5/16 125 gr. 12 pk.","KIN-81120","OCTOBER MOUNTAIN"
"244413","October Mountain Hybrid Points 9/32 85 gr. 100 pk.","KIN-81121","OCTOBER MOUNTAIN"
"244391","October Mountain Hybrid Points 5/16 85 gr. 100 pk.","KIN-81122","OCTOBER MOUNTAIN"
"244311","October Mountain Hybrid Points 9/32 100 gr. 100 pk.","KIN-81123","OCTOBER MOUNTAIN"
"244267","October Mountain Hybrid Points 5/16 100 gr. 100 pk.","KIN-81124","OCTOBER MOUNTAIN"
"244392","October Mountain Hybrid Points 21/64 100 gr. 100 pk.","KIN-81125","OCTOBER MOUNTAIN"
"244414","October Mountain Hybrid Points 11/32 100 gr. 100 pk.","KIN-81126","OCTOBER MOUNTAIN"
"244393","October Mountain Hybrid Points 9/32 125 gr. 100 pk.","KIN-81127","OCTOBER MOUNTAIN"
"244415","October Mountain Hybrid Points 5/16 125 gr. 100 pk.","KIN-81128","OCTOBER MOUNTAIN"
"244268","October Mountain Hybrid Points 21/64 125 gr. 100 pk.","KIN-81129","OCTOBER MOUNTAIN"
"244416","October Mountain Hybrid Points 11/32 125 gr. 100 pk.","KIN-81130","OCTOBER MOUNTAIN"
"244269","October Mountain Bullet Points 9/32 75 gr. 100 pk.","KIN-81131","OCTOBER MOUNTAIN"
"244270","October Mountain Bullet Points 5/16 75 gr. 100 pk.","KIN-81132","OCTOBER MOUNTAIN"
"244271","October Mountain Bullet Points 9/32 100 gr. 100 pk.","KIN-81133","OCTOBER MOUNTAIN"
"244417","October Mountain Bullet Points 5/16 100 gr. 100 pk.","KIN-81134","OCTOBER MOUNTAIN"
"244418","October Mountain Bullet Points 21/64 100 gr. 100 pk.","KIN-81135","OCTOBER MOUNTAIN"
"244312","October Mountain Bullet Points 11/32 100 gr. 100 pk.","KIN-81136","OCTOBER MOUNTAIN"
"244394","October Mountain Bullet Points 5/16 125 gr. 100 pk.","KIN-81137","OCTOBER MOUNTAIN"
"244313","October Mountain Bullet Points 21/64 125 gr. 100 pk.","KIN-81138","OCTOBER MOUNTAIN"
"244419","October Mountain Bullet Points 11/32 125 gr. 100 pk.","KIN-81139","OCTOBER MOUNTAIN"
"244272","October Mountain Parabolic Points 5/16 75 gr. 100 pk.","KIN-81141","OCTOBER MOUNTAIN"
"244428","October Mountain Parabolic Points 5/16 85 gr. 100 pk.","KIN-81143","OCTOBER MOUNTAIN"
"248592","October Mountain TruTube Peep Tubing 25ft. Flo Green","KIN-81149","OCTOBER MOUNTAIN"
"248501","October Mountain TruTube Peep Tubing 25 ft. Red","KIN-81150","OCTOBER MOUNTAIN"
"248502","October Mountain TruTube Peep Tubing 25 ft. Orange","KIN-81151","OCTOBER MOUNTAIN"
"248593","October Mountain TruTube Peep Tubing 25 ft. Pink","KIN-81152","OCTOBER MOUNTAIN"
"248605","October Mountain In-Line Peep Flo Green 3/16 in.","KIN-81159","OCTOBER MOUNTAIN"
"248606","October Mountain In-Line Peep Red 3/16 in.","KIN-81162","OCTOBER MOUNTAIN"
"248468","October Mountain In-Line Peep Orange 3/16 in.","KIN-81165","OCTOBER MOUNTAIN"
"248503","October Mountain In-Line Peep Pink 3/16 in.","KIN-81168","OCTOBER MOUNTAIN"
"247149","Fin Finder Bank Runner Recurve Limbs 58 in. 45 lbs.","KIN-81171","Fin-Finder"
"251443","Fin Finder Bank Runner Limbs 58 in. 20 lbs.","KIN-81173","Fin-Finder"
"251444","Fin Finder Bank Runner Bowfishing Recurve Red 58 in. 35 lbs. RH","KIN-81176","Fin-Finder"
"251456","Fin Finder Bank Runner Bowfishing Recurve Green 58 in. 35 lbs. RH","KIN-81180","Fin-Finder"
"251450","Fin Finder Bank Runner Bowfishing Recurve Blue 58 in. 35 lbs. RH","KIN-81184","Fin-Finder"
"251451","Fin Finder Bank Runner Bowfishing Recurve Orange 58 in. 35 lbs. RH","KIN-81188","Fin-Finder"
"251457","Fin Finder Bank Runner Bowfishing Recurve Purple 58 in. 35 lbs. RH","KIN-81192","Fin-Finder"
"251452","Fin Finder Bank Runner Bowfishing Recurve Black 58 in. 35 lbs. RH","KIN-81196","Fin-Finder"
"247150","October Mountain Ascent Recurve Limbs 58 in. 35 lbs.","KIN-81203","OCTOBER MOUNTAIN"
"247151","October Mountain Ascent Recurve Limbs 58 in. 40 lbs.","KIN-81204","OCTOBER MOUNTAIN"
"247166","October Mountain Ascent Recurve Limbs 58 in. 45 lbs.","KIN-81205","OCTOBER MOUNTAIN"
"247134","October Mountain Ascent Recurve Limbs 58 in. 50 lbs.","KIN-81206","OCTOBER MOUNTAIN"
"252363","October Mountain Versa Cradle Wide Limb Adapter","KIN-81235","OCTOBER MOUNTAIN"
"248111","October Mountain Flemish String Blue/Silver D97 58 in. AMO","KIN-81245","OCTOBER MOUNTAIN"
"248141","October Mountain Flemish String Blue/Silver D97 60 in. AMO","KIN-81246","OCTOBER MOUNTAIN"
"248142","October Mountain Flemish String Blue/Silver D97 62 in. AMO","KIN-81247","OCTOBER MOUNTAIN"
"248143","October Mountain Flemish String Red/Black D97 58 in. AMO","KIN-81248","OCTOBER MOUNTAIN"
"248096","October Mountain Flemish String Red/Black D97 60 in. AMO","KIN-81249","OCTOBER MOUNTAIN"
"248130","October Mountain Flemish String Red/Black D97 62 in. AMO","KIN-81250","OCTOBER MOUNTAIN"
"248112","October Mountain Flemish String Purple/Black D97 58 in. AMO","KIN-81251","OCTOBER MOUNTAIN"
"248144","October Mountain Flemish String Purple/Black D97 60 in. AMO","KIN-81252","OCTOBER MOUNTAIN"
"248145","October Mountain Flemish String Purple/Black D97 62 in. AMO","KIN-81253","OCTOBER MOUNTAIN"
"248113","October Mountain Flemish String Green/Black D97 58 in. AMO","KIN-81254","OCTOBER MOUNTAIN"
"248131","October Mountain Flemish String Green/Black D97 60 in. AMO","KIN-81255","OCTOBER MOUNTAIN"
"248146","October Mountain Flemish String Green/Black D97 62 in. AMO","KIN-81256","OCTOBER MOUNTAIN"
"246944","October Mountain Passage Recurve Bow Package 54 in. 20 lbs. RH No Arrows or Quiver","KIN-81273","OCTOBER MOUNTAIN"
"246945","October Mountain Smoky Mountain Hunter Bow Package 62 in. 45 lbs. RH","KIN-81274","OCTOBER MOUNTAIN"
"247847","BlackHeart Crossbow String 39.75 in. Barnett Ghost 375","KIN-81275","Blackheart"
"247865","October Mountain Crossbow String 39.75 in. Barnett Ghost 375","KIN-81277","OCTOBER MOUNTAIN"
"247848","October Mountain Crossbow String 35.75 in. Barnett Rouge","KIN-81283","OCTOBER MOUNTAIN"
"248047","October Mountain Crossbow Split Cables 20.813 in. Barnett Rouge","KIN-81284","OCTOBER MOUNTAIN"
"247864","BlackHeart Crossbow String 34.375 in. Barnett Whitetail Hunter Pro","KIN-81289","Blackheart"
"248063","BlackHeart Crossbow Split Cables 17.625 in. Barnett","KIN-81290","Blackheart"
"247683","October Mountain Crossbow String 34.375 in. Barnett WhiteTail Hunter Pro","KIN-81291","OCTOBER MOUNTAIN"
"247869","BlackHeart Crossbow String 40.875 in. Horton Vortec RDX","KIN-81295","Blackheart"
"247866","October Mountain Crossbow String 40.875 in. Horton Vortec RDK","KIN-81297","OCTOBER MOUNTAIN"
"248064","October Mountain Crossbow Cables 15.625 in. Horton Vortec RDK","KIN-81298","OCTOBER MOUNTAIN"
"247849","BlackHeart Crossbow String 42 in. Parker Centerfire Xtreme","KIN-81303","Blackheart"
"248048","BlackHeart Crossbow Control Cables 21.25 in. Parker Centerfire Xtreme","KIN-81304","Blackheart"
"247867","October Mountain Crossbow String 42 in. Parker Centerfire XXT","KIN-81305","OCTOBER MOUNTAIN"
"248065","October Mountain Crossbow Control Cables 21.25 in. Parker Centerfire XXT","KIN-81306","OCTOBER MOUNTAIN"
"247684","BlackHeart Crossbow String 44.75 in. Parker Tornado Xtreme","KIN-81307","Blackheart"
"247685","BlackHeart Crossbow String 35 in. TenPoint Carbon Phantom RCX","KIN-81311","Blackheart"
"247933","BlackHeart Crossbow Split Cables 18.5 in. TenPoint Carbon Phantom RCX","KIN-81312","Blackheart"
"250432","Elevation Nerve Field Quiver Black RH","KIN-81319","ELEVATION"
"250485","Elevation Nerve Field Quiver Black LH","KIN-81320","ELEVATION"
"250579","Elevation Core Release Pouch Black","KIN-81321","ELEVATION"
"250590","Elevation Pro Release Pouch Black/Black","KIN-81322","ELEVATION"
"251624","Fin Finder Current Bowfishing Arrow Rest Black RH/LH","KIN-81323","Fin-Finder"
"250433","Elevation Pro Shooters Belt Black 28-46 in.","KIN-81324","ELEVATION"
"250504","Elevation Nerve Field Quiver Package Black RH","KIN-81325","ELEVATION"
"250390","Elevation Nerve Field Quiver Package Black LH","KIN-81326","ELEVATION"
"252248","October Mountain Pro Shop Torx Bit Wrench T9-T40","KIN-81328","OCTOBER MOUNTAIN"
"250505","Elevation Nerve Field Quiver S3DA Edition LH","KIN-81354","ELEVATION"
"250580","Elevation Pro Release Pouch S3DA Edition","KIN-81355","ELEVATION"
"250434","Elevation Nerve Field Quiver Package S3DA Edition LH","KIN-81358","ELEVATION"
"250506","Elevation Nerve Field Quiver Elite Edition RH","KIN-81359","ELEVATION"
"250391","Elevation Nerve Field Quiver Elite Edition LH","KIN-81360","ELEVATION"
"250571","Elevation Core Release Pouch Elite Edition","KIN-81361","ELEVATION"
"250572","Elevation Pro Release Pouch Elite Edition","KIN-81362","ELEVATION"
"250392","Elevation Pro Shooters Belt Elite Edition 28-46 in.","KIN-81363","ELEVATION"
"250507","Elevation Nerve Field Quiver Package Elite Edition RH","KIN-81364","ELEVATION"
"250486","Elevation Nerve Field Quiver Package Elite Edition LH","KIN-81365","ELEVATION"
"251848","BlackHeart Bypass Cocking Device","KIN-81368","Blackheart"
"251492","Fin Finder Bank Runner Bowfishing Recurve Package w/Winch Pro Bowfishing Reel Blue 35 lbs. RH","KIN-81380","Fin-Finder"
"251473","Fin Finder Bank Runner Bowfishing Recurve Package w/Winch Pro Bowfishing Reel Red 35 lbs. RH","KIN-81381","Fin-Finder"
"251474","Fin Finder Bank Runner Bowfishing Recurve Package w/Winch Pro Bowfishing Reel Green 35 lbs. RH","KIN-81382","Fin-Finder"
"251483","Fin Finder Bank Runner Bowfishing Recurve Package w/Winch Pro Bowfishing Reel Orange 35 lbs. RH","KIN-81383","Fin-Finder"
"251484","Fin Finder Bank Runner Bowfishing Recurve Package w/Winch Pro Bowfishing Reel Purple 35 lbs. RH","KIN-81384","Fin-Finder"
"251494","Fin Finder Bank Runner Bowfishing Recurve Package w/Winch Pro Bowfishing Reel Black 35 lbs. RH","KIN-81385","Fin-Finder"
"247152","Fin Finder Bank Runner Recurve Limbs 58 in. 35 lbs.","KIN-81386","Fin-Finder"
"251493","Fin Finder Sand Shark Recurve Package w/Winch Pro Bowfishing Reel 62 in. 35 lbs. RH","KIN-81387","Fin-Finder"
"251485","Fin Finder Sand Shark Recurve Package w/Spin Doctor Bowfishing Reel 62 in. 35 lbs. LH","KIN-81388","Fin-Finder"
"249120","October Mountain Accu-Serve Pro Serving Tool","KIN-81389","OCTOBER MOUNTAIN"
"248849","October Mountain Endure-XD Release Loop Rope Camo 100 ft.","KIN-81390","OCTOBER MOUNTAIN"
"248839","October Mountain Endure-XD Release Loop Rope Black 100 ft.","KIN-81391","OCTOBER MOUNTAIN"
"248819","October Mountain Endure-XD Release Loop Rope Blue 100 ft.","KIN-81392","OCTOBER MOUNTAIN"
"248840","October Mountain Endure-XD Release Loop Rope Red 100 ft.","KIN-81393","OCTOBER MOUNTAIN"
"248794","October Mountain Endure-XD Release Loop Rope Flo Yellow 100 ft.","KIN-81394","OCTOBER MOUNTAIN"
"248820","October Mountain Endure-XD Release Loop Rope Orange 100 ft.","KIN-81395","OCTOBER MOUNTAIN"
"248795","October Mountain Endure-XD Release Loop Rope Flo Green 100 ft.","KIN-81396","OCTOBER MOUNTAIN"
"251609","Fin Finder Winch Pro Bowfishing Reel RH","KIN-81397","Fin-Finder"
"248796","October Mountain Endure-XD Release Loop Rope Flo Pink 100 ft.","KIN-81398","OCTOBER MOUNTAIN"
"251598","Fin Finder Hydro Bowfishing Line 25 yds. 250 lbs.","KIN-81399","Fin-Finder"
"251486","Fin Finder Bank Runner Bowfishing Recurve Package w/Drum Reel Package Blue 58 in. 35 lbs. RH","KIN-81401","Fin-Finder"
"247863","BlackHeart Crossbow String 32.938 in. Barnett","KIN-81405","Blackheart"
"251445","Fin Finder Bank Runner Bowfishing Recurve Red 58 in. 20 lbs. RH","KIN-81407","Fin-Finder"
"251453","Fin Finder Bank Runner Bowfishing Recurve Green 58 in. 20 lbs. RH","KIN-81409","Fin-Finder"
"251454","Fin Finder Bank Runner Bowfishing Recurve Blue 58 in. 20 lbs. RH","KIN-81410","Fin-Finder"
"251460","Fin Finder Bank Runner Bowfishing Recurve Orange 58 in. 20 lbs. RH","KIN-81411","Fin-Finder"
"251461","Fin Finder Bank Runner Bowfishing Recurve Purple 58 in. 20 lbs. RH","KIN-81412","Fin-Finder"
"251458","Fin Finder Bank Runner Bowfishing Recurve Black 58 in. 20 lbs. RH","KIN-81413","Fin-Finder"
"247153","October Mountain Ascent Recurve Limbs 58 in. 20 lbs.","KIN-81417","OCTOBER MOUNTAIN"
"247135","October Mountain Ascent Recurve Limbs 58 in. 25 lbs.","KIN-81418","OCTOBER MOUNTAIN"
"244396","October Mountain Bullet Points 17/64 100 gr. 12 pk.","KIN-81430","OCTOBER MOUNTAIN"
"244420","October Mountain Bullet Points 17/64 100 gr. 100 pk.","KIN-81431","OCTOBER MOUNTAIN"
"244421","October Mountain Bullet Points 17/64 125 gr. 12 pk.","KIN-81432","OCTOBER MOUNTAIN"
"244422","October Mountain Bullet Points 17/64 125 gr. 100 pk.","KIN-81433","OCTOBER MOUNTAIN"
"244315","October Mountain Bullet Points 19/64 100 gr. 12 pk.","KIN-81434","OCTOBER MOUNTAIN"
"244397","October Mountain Bullet Points 19/64 100 gr. 100 pk.","KIN-81435","OCTOBER MOUNTAIN"
"244423","October Mountain Bullet Points 19/64 125 gr. 12 pk.","KIN-81436","OCTOBER MOUNTAIN"
"244424","October Mountain Bullet Points 19/64 125 gr. 100 pk.","KIN-81437","OCTOBER MOUNTAIN"
"244398","October Mountain Hybrid Points 17/64 100 gr. 12 pk.","KIN-81438","OCTOBER MOUNTAIN"
"244399","October Mountain Hybrid Points 17/64 100 gr. 100 pk.","KIN-81439","OCTOBER MOUNTAIN"
"244400","October Mountain Hybrid Points 17/64 125 gr. 12 pk.","KIN-81440","OCTOBER MOUNTAIN"
"244273","October Mountain Hybrid Points 17/64 125 gr. 100 pk.","KIN-81441","OCTOBER MOUNTAIN"
"244274","October Mountain Hybrid Points 19/64 100 gr. 12 pk.","KIN-81442","OCTOBER MOUNTAIN"
"244316","October Mountain Hybrid Points 19/64 100 gr. 100 pk.","KIN-81443","OCTOBER MOUNTAIN"
"244317","October Mountain Hybrid Points 19/64 125 gr. 12 pk.","KIN-81444","OCTOBER MOUNTAIN"
"244401","October Mountain Hybrid Points 19/64 125 gr. 100 pk.","KIN-81445","OCTOBER MOUNTAIN"
"250487","Elevation Nerve Field Quiver PSE Edition LH","KIN-81447","ELEVATION"
"250528","Elevation Nerve Field Quiver USA Edition RH","KIN-81450","ELEVATION"
"250529","Elevation Nerve Field Quiver USA Edition LH","KIN-81451","ELEVATION"
"250530","Elevation Nerve Field Quiver Package USA Edition RH","KIN-81452","ELEVATION"
"250531","Elevation Nerve Field Quiver Package USA Edition LH","KIN-81453","ELEVATION"
"248855","October Mountain String Serum Bowstring Fluid .25 oz","KIN-81455","OCTOBER MOUNTAIN"
"248878","October Mountain String Balm String Wax .5oz","KIN-81456","OCTOBER MOUNTAIN"
"250595","Elevation Rectrix Release Pouch Black","KIN-81458","ELEVATION"
"250573","Elevation Rectrix Release Pouch Silver","KIN-81459","ELEVATION"
"250596","Elevation Rectrix Release Pouch Red","KIN-81460","ELEVATION"
"250597","Elevation Rectrix Release Pouch Yellow","KIN-81461","ELEVATION"
"250598","Elevation Rectrix Release Pouch Green","KIN-81462","ELEVATION"
"250599","Elevation Rectrix Release Pouch Blue","KIN-81463","ELEVATION"
"250574","Elevation Rectrix Release Pouch Orange","KIN-81464","ELEVATION"
"250581","Elevation Rectrix Release Pouch Purple","KIN-81465","ELEVATION"
"251054","Elevation Tour Umbrella Black","KIN-81466","ELEVATION"
"250830","October Mountain Pro Hunter Rest Recurve","KIN-81467","OCTOBER MOUNTAIN"
"252307","October Mountain Freehand Arrow Level","KIN-81472","OCTOBER MOUNTAIN"
"252311","October Mountain Freehand Bow Level","KIN-81473","OCTOBER MOUNTAIN"
"252351","October Mountain Pro Shop Bow/Big Game Scale 500 lb.","KIN-81474","OCTOBER MOUNTAIN"
"249121","October Mountain Revolution Serving Jig w/ Extra Spool","KIN-81476","OCTOBER MOUNTAIN"
"251642","Fin Finder RefractR Bowfishing Laser Sight","KIN-81483","Fin-Finder"
"251070","Elevation Nest Shooter Stool Black","KIN-81486","ELEVATION"
"251649","Fin Finder Flop Stopper Bowfishing Bat","KIN-81490","Fin-Finder"
"251084","October Mountain Tradition Stringer","KIN-81500","OCTOBER MOUNTAIN"
"249118","October Mountain Revolution Serving Jig Spool Only","KIN-81504","OCTOBER MOUNTAIN"
"250608","October Mountain Traditional Back Quiver RH/LH","KIN-81505","OCTOBER MOUNTAIN"
"252308","October Mountain Freehand Bow and Arrow Level Kit","KIN-81511","OCTOBER MOUNTAIN"
"251066","Elevation Nest Shooter Stool Arrow Tubes Includes Bracket and Hardware","KIN-81571","ELEVATION"
"251517","Fin Finder Raider Pro Bowfishing Arrow Flo Green w/ Riptide Point","KIN-81619","Fin-Finder"
"251518","Fin Finder Raider Pro Bowfishing Arrow Flo Green w/ Bighead Point","KIN-81620","Fin-Finder"
"251519","Fin Finder Raider Pro Bowfishing Arrow Blue w/ Riptide Point","KIN-81621","Fin-Finder"
"251511","Fin Finder Raider Pro Bowfishing Arrow Blue w/ Bighead Point","KIN-81622","Fin-Finder"
"250973","October Mountain Flex-Pull Arrow Puller Green","KIN-81623","OCTOBER MOUNTAIN"
"250999","October Mountain Flex-Pull Arrow Puller w/ Retractor Green","KIN-81624","OCTOBER MOUNTAIN"
"247686","BlackHeart Crossbow String 29in. Ravin R10, R20, R9, R15, R29, R29X","KIN-81643","Blackheart"
"248059","BlackHeart Crossbow Split Cables 6.3125in. Ravin R10, R20, R9, R15, R29, R29X","KIN-81644","Blackheart"
"247736","BlackHeart Crossbow String 41.75in. Mission Sub 1","KIN-81645","Blackheart"
"247934","BlackHeart Crossbow Control Cables 20.5in. Mission Sub1","KIN-81646","Blackheart"
"247737","BlackHeart Crossbow String 39.75in. Barnett","KIN-81647","Blackheart"
"248049","BlackHeart Crossbow Split Cables 20.5in. Barnett","KIN-81648","Blackheart"
"247861","October Mountain Crossbow String 34.875in. Carbon Express Covert Bloodshed","KIN-81649","OCTOBER MOUNTAIN"
"248050","October Mountain Crossbow Split Cables 18.8125in. Carbon Express Covert Bloodshed","KIN-81650","OCTOBER MOUNTAIN"
"247687","October Mountain Crossbow String 34in. Carbon Express Covert Tyrant","KIN-81651","OCTOBER MOUNTAIN"
"247935","October Mountain Crossbow Split Cables 18.3125in. Carbon Express","KIN-81652","OCTOBER MOUNTAIN"
"247688","October Mountain Crossbow String 32.5in. Carbon Express Intercept Varmint Hunter","KIN-81653","OCTOBER MOUNTAIN"
"247689","October Mountain Crossbow String 39.75in. Barnett","KIN-81656","OCTOBER MOUNTAIN"
"248051","October Mountain Crossbow Split Cables 20.5in. Barnett","KIN-81657","OCTOBER MOUNTAIN"
"247738","October Mountain Crossbow String 29in. Ravin R10, R20, R9, R15, R29, R29X","KIN-81666","OCTOBER MOUNTAIN"
"248060","October Mountain Crossbow Control Cables 6.3125in. Ravin R10, R20, R9, R15, R29, R29X","KIN-81667","OCTOBER MOUNTAIN"
"247739","October Mountain Crossbow String 41.75in. Mission Sub 1","KIN-81668","OCTOBER MOUNTAIN"
"247977","October Mountain Crossbow Control Cables 20.5in. Mision Sub 1","KIN-81669","OCTOBER MOUNTAIN"
"247740","BlackHeart Crossbow String 33.25in. Tenpoint","KIN-81678","Blackheart"
"247978","BlackHeart Crossbow Control Cables 12.9375in. Tenpoint (4 Cables)","KIN-81679","Blackheart"
"247741","BlackHeart Crossbow Control String Tenpoint 31.56in.","KIN-81680","Blackheart"
"248061","BlackHeart Crossbow Split Cables 12.75 in. Tenpoint (4 Cables)","KIN-81681","Blackheart"
"247862","BlackHeart Crossbow String 36.125in. Wicked Ridge","KIN-81682","Blackheart"
"248062","BlackHeart Crossbow Split Cables 20.94in. Wicked Ridge","KIN-81683","Blackheart"
"247690","October Mountain Crossbow String 34.125in. Tenpoint","KIN-81684","OCTOBER MOUNTAIN"
"247936","October Mountain Crossbow Split Cables 12.9375in. Tenpoint (4 cables)","KIN-81685","OCTOBER MOUNTAIN"
"247850","October Mountain Crossbow String 31.562in. Tenpoint","KIN-81686","OCTOBER MOUNTAIN"
"247979","October Mountain Crossbow Control Cables 12.75in. Tenpoint (4 Cables)","KIN-81687","OCTOBER MOUNTAIN"
"247851","October Mountain Crossbow String 36.125in. Wicked Ridge","KIN-81688","OCTOBER MOUNTAIN"
"247937","October Mountain Crossbow Split Cables 20.937in. Wicked Ridge","KIN-81689","OCTOBER MOUNTAIN"
"248863","October Mountain String Balm String Wax Counter Display 10pk.","KIN-81690","OCTOBER MOUNTAIN"
"248856","October Mountain String Serum Bowstring Fluid Counter Display 10pk.","KIN-81691","OCTOBER MOUNTAIN"
"244318","October Mountain Bullet Points 9/32 125 gr. 100 pk.","KIN-81709","OCTOBER MOUNTAIN"
"242955","October Mountain Youth Fiberglass Arrows 26 in. 36 pk.","KIN-81710","OCTOBER MOUNTAIN"
"251017","October Mountain Marker Stakes 5 Color 100pk.","KIN-81719","OCTOBER MOUNTAIN"
"251018","October Mountain Marker Stakes White 20pk","KIN-81752","OCTOBER MOUNTAIN"
"244816","Gateway Parabolic Feathers Green 5 in. RW 100 pk.","KIN-8300","GATEWAY"
"244817","Gateway Parabolic Feathers Yellow 5 in. RW 100 pk.","KIN-8302","GATEWAY"
"244917","Gateway Parabolic Feathers Orange 5 in. RW 100 pk.","KIN-8303","GATEWAY"
"244918","Gateway Parabolic Feathers Red 5 in. RW 100 pk.","KIN-8304","GATEWAY"
"245045","Gateway Parabolic Feathers White 5 in. RW 100 pk.","KIN-8308","GATEWAY"
"245083","Gateway Parabolic Feathers Neon Yellow 5 in. RW 100 pk.","KIN-8309","GATEWAY"
"245046","Gateway Parabolic Feathers White 5 in. LW 100 pk.","KIN-8321","GATEWAY"
"245047","Gateway Parabolic Feathers Yellow 4 in. RW 100 pk.","KIN-8328","GATEWAY"
"245084","Gateway Parabolic Feathers Orange 4 in. RW 100 pk.","KIN-8329","GATEWAY"
"244818","Gateway Parabolic Feathers Red 4 in. RW 100 pk.","KIN-8330","GATEWAY"
"244819","Gateway Parabolic Feathers Sky Blue 4 in. RW 100 pk.","KIN-8331","GATEWAY"
"244920","Gateway Parabolic Feathers Black 4 in. RW 100 pk.","KIN-8332","GATEWAY"
"245048","Gateway Parabolic Feathers White 4 in. RW 100 pk.","KIN-8334","GATEWAY"
"244820","Gateway Parabolic Feathers Neon Yellow 4 in. RW 100 pk.","KIN-8335","GATEWAY"
"244821","Gateway Parabolic Feathers Chartreuse 4 in. RW 100 pk.","KIN-8336","GATEWAY"
"245049","Gateway Parabolic Feathers Green 4 in. LW 100 pk.","KIN-8339","GATEWAY"
"245085","Gateway Parabolic Feathers Yellow 4 in. LW 100 pk.","KIN-8341","GATEWAY"
"245086","Gateway Parabolic Feathers Orange 4 in. LW 100 pk.","KIN-8342","GATEWAY"
"245050","Gateway Parabolic Feathers Black 4 in. LW 100 pk.","KIN-8345","GATEWAY"
"244822","Gateway Parabolic Feathers White 4 in. LW 100 pk.","KIN-8347","GATEWAY"
"245087","Gateway Parabolic Feathers Neon Yellow 4 in. LW 100 pk.","KIN-8348","GATEWAY"
"245088","Trueflight Full Length Feathers Yellow LW 100 pk.","KIN-8355","Trueflight"
"245051","Trueflight Full Length Feathers White LW 100 pk.","KIN-8360","Trueflight"
"245089","Trueflight Parabolic Feathers Barred Grey 5 in. RW 100 pk.","KIN-8368","Trueflight"
"244823","Trueflight Parabolic Feathers Barred Yellow 5 in. RW 100 pk.","KIN-8372","Trueflight"
"245090","Trueflight Parabolic Feathers Barred Grey 5 in. LW 100 pk.","KIN-8377","Trueflight"
"244824","Trueflight Parabolic Feathers Barred Grey 4 in. RW 100 pk.","KIN-8386","Trueflight"
"245052","Trueflight Parabolic Feathers Barred Grey 4 in. LW 100 pk.","KIN-8395","Trueflight"
"244825","Trueflight Parabolic Feathers Barred Red 4 in. LW 100 pk.","KIN-8397","Trueflight"
"244826","Trueflight Parabolic Feathers Barred Yellow 4 in. LW 100 pk.","KIN-8399","Trueflight"
"244921","Trueflight Parabolic Feathers White 3 in. RW 100 pk.","KIN-8420","Trueflight"
"244827","Trueflight Parabolic Feathers Black 3 in. RW 100 pk.","KIN-8421","Trueflight"
"244922","Trueflight Parabolic Feathers Red 3 in. RW 100 pk.","KIN-8422","Trueflight"
"245053","Trueflight Parabolic Feathers Yellow 3 in. RW 100 pk.","KIN-8423","Trueflight"
"244923","Trueflight Parabolic Feathers Orange 3 in. RW 100 pk.","KIN-8424","Trueflight"
"245054","Trueflight Parabolic Feathers Blue 3 in. RW 100 pk.","KIN-8425","Trueflight"
"244924","Trueflight Parabolic Feathers Pink 3 in. RW 100 pk.","KIN-8427","Trueflight"
"245091","Trueflight Parabolic Feathers Chartreuse 3 in. RW 100 pk.","KIN-8432","Trueflight"
"245092","Trueflight Parabolic Feathers White 3 in. LW 100 pk.","KIN-8435","Trueflight"
"245055","Trueflight Parabolic Feathers Black 3 in. LW 100 pk.","KIN-8436","Trueflight"
"245093","Trueflight Parabolic Feathers Red 3 in. LW 100 pk.","KIN-8437","Trueflight"
"244828","Trueflight Parabolic Feathers Yellow 3 in. LW 100 pk.","KIN-8438","Trueflight"
"244829","Trueflight Parabolic Feathers Orange 3 in. LW 100 pk.","KIN-8439","Trueflight"
"245056","Trueflight Parabolic Feathers Blue 3 in. LW 100 pk.","KIN-8440","Trueflight"
"245057","Trueflight Parabolic Feathers Green 3 in. LW 100 pk.","KIN-8441","Trueflight"
"245058","Trueflight Parabolic Feathers Pink 3 in. LW 100 pk.","KIN-8442","Trueflight"
"244830","Trueflight Parabolic Feathers Chartreuse 3 in. LW 100 pk.","KIN-8447","Trueflight"
"245059","Trueflight Parabolic Feathers White 4 in. RW 100 pk.","KIN-8450","Trueflight"
"245094","Trueflight Parabolic Feathers Black 4 in. RW 100 pk.","KIN-8451","Trueflight"
"244831","Trueflight Parabolic Feathers Red 4 in. RW 100 pk.","KIN-8452","Trueflight"
"244925","Trueflight Parabolic Feathers Yellow 4 in. RW 100 pk.","KIN-8453","Trueflight"
"245060","Trueflight Parabolic Feathers Orange 4 in. RW 100 pk.","KIN-8454","Trueflight"
"244926","Trueflight Parabolic Feathers Blue 4 in. RW 100 pk.","KIN-8455","Trueflight"
"244832","Trueflight Parabolic Feathers Green 4 in. RW 100 pk.","KIN-8456","Trueflight"
"244927","Trueflight Parabolic Feathers Pink 4 in. RW 100 pk.","KIN-8457","Trueflight"
"245061","Trueflight Parabolic Feathers Grey 4 in. RW 100 pk.","KIN-8461","Trueflight"
"245062","Trueflight Parabolic Feathers Chartreuse 4 in. RW 100 pk.","KIN-8462","Trueflight"
"244928","Trueflight Parabolic Feathers Purple 4 in. RW 100 pk.","KIN-8463","Trueflight"
"245063","Trueflight Parabolic Feathers White 4 in. LW 100 pk.","KIN-8465","Trueflight"
"244929","Trueflight Parabolic Feathers Black 4 in. LW 100 pk.","KIN-8466","Trueflight"
"245064","Trueflight Parabolic Feathers Red 4 in. LW 100 pk.","KIN-8467","Trueflight"
"245065","Trueflight Parabolic Feathers Yellow 4 in. LW 100 pk.","KIN-8468","Trueflight"
"244930","Trueflight Parabolic Feathers Orange 4 in. LW 100 pk.","KIN-8469","Trueflight"
"245095","Trueflight Parabolic Feathers Blue 4 in. LW 100 pk.","KIN-8470","Trueflight"
"244833","Trueflight Parabolic Feathers Green 4 in. LW 100 pk.","KIN-8471","Trueflight"
"245096","Trueflight Parabolic Feathers Pink 4 in. LW 100 pk.","KIN-8472","Trueflight"
"245097","Trueflight Parabolic Feathers Chartreuse 4 in. LW 100 pk.","KIN-8477","Trueflight"
"244931","Trueflight Parabolic Feathers White 5 in. RW 100 pk.","KIN-8480","Trueflight"
"245066","Trueflight Parabolic Feathers Orange 5 in. RW 100 pk.","KIN-8484","Trueflight"
"251462","Cajun Sucker Punch Bowfishing Bow 50 lbs. LH","KIN-85009","Cajun"
"251368","TruFire Sear Back Tension Release Yellow Small","KIN-85016","TRUFIRE"
"242943","Easton Scout II Fiberglass Arrows 26 in. 3 in. Vane 3 pk.","KIN-85029","Easton"
"242938","Easton Scout II Fiberglass Arrows 28 in. 3 in. Vane 3 pk.","KIN-85030","Easton"
"242614","Easton Hexx FOC 6mm Arrows 260 Blazer Vanes 6 pk.","KIN-85032","Easton"
"242424","Easton Hexx FOC 6mm Arrows 330 Blazer Vanes 6 pk.","KIN-85033","Easton"
"242682","Easton Hexx FOC 6mm Arrows 400 Blazer Vanes 6 pk.","KIN-85034","Easton"
"242297","Easton Bloodline 6mm FOC Arrows 240 Blazer Vanes 6 pk.","KIN-85035","Easton"
"242425","Easton Bloodline 6mm FOC Arrows 330 Blazer Vanes 6 pk.","KIN-85036","Easton"
"242615","Easton Bloodline 6mm FOC Arrows 400 Blazer Vanes 6 pk.","KIN-85037","Easton"
"243740","Easton Superdrive 23 Inserts 12 pk.","KIN-85042","Easton"
"243741","Easton Superdrive 25 Inserts 12 pk.","KIN-85043","Easton"
"244181","Easton Pin Bushings SuperDrive 23 12 pk.","KIN-85044","Easton"
"244097","Easton X10 Over Nocks Green 12 pk.","KIN-85045","Easton"
"244102","Easton X10 Over Nocks Orange 12 pk.","KIN-85046","Easton"
"244103","Easton X10 Over Nocks Yellow 12 pk.","KIN-85047","Easton"
"243976","Easton 4mm MicroLite Nocks Emerald Green 12 pk.","KIN-85048","Easton"
"243868","Easton 4mm MicroLite Nocks Lemon Lime 12 pk.","KIN-85049","Easton"
"243869","Easton 4mm MicroLite Nocks Orange 12 pk.","KIN-85050","Easton"
"243870","Easton 6.5mm Super 3D Nocks Blue 12 pk.","KIN-85051","Easton"
"243871","Easton 6.5mm Super 3D Nocks Crystal 12 pk.","KIN-85052","Easton"
"243872","Easton 6.5mm Super 3D Nocks Lemon Lime 12 pk.","KIN-85053","Easton"
"243977","Easton 6.5mm Super 3D Nocks Pink 12 pk.","KIN-85054","Easton"
"243873","Easton 6.5mm Super 3D Nocks Purple 12 pk.","KIN-85055","Easton"
"243978","Easton 6.5mm Super 3D Nocks Smoke 12 pk.","KIN-85057","Easton"
"244114","Easton Super Uni Bushings SuperDrive 23 12 pk.","KIN-85068","Easton"
"244182","Easton Uni Bushings SuperDrive 23 12 pk.","KIN-85069","Easton"
"244633","Easton Adjustable Target Points Super Drive 23 90 gr. 12 pk.","KIN-85071","Easton"
"244669","Easton Superdrive Adjustable Points Weight Kit","KIN-85072","Easton"
"244670","Easton Superdrive Adjustable Points Tool","KIN-85073","Easton"
"250488","Easton Flipside 2-Tube Hip Quiver Realtree Edge RH/LH","KIN-85085","Easton"
"250398","Easton Flipside 3-Tube Hip Quiver Realtree Edge RH/LH","KIN-85086","Easton"
"250399","Easton Flipside 4-Tube Hip Quiver Realtree Edge RH/LH","KIN-85087","Easton"
"245098","Trueflight Parabolic Feathers White 5 in. LW 100 pk.","KIN-8510","Trueflight"
"250674","QAD UltraRest HDX Realtree Edge RH","KIN-85102","QAD"
"250721","QAD UltraRest HDX Realtree Edge LH","KIN-85103","QAD"
"250722","QAD UltraRest HDX Subalpine RH","KIN-85104","QAD"
"250733","QAD UltraRest HDX Elevated II RH","KIN-85106","QAD"
"250734","QAD UltraRest HDX Open Country RH","KIN-85108","QAD"
"250723","QAD UltraRest MXT Realtree Edge RH","KIN-85110","QAD"
"245067","Trueflight Parabolic Feathers Yellow 5 in. LW 100 pk.","KIN-8513","Trueflight"
"245068","Trueflight Parabolic Feathers Orange 5 in. LW 100 pk.","KIN-8514","Trueflight"
"242617","Carbon Express Maxima Red Badlands Arrows 350 2 in. Vanes 6 pk.","KIN-85148","CARBON EXPRESS"
"242618","Carbon Express Mayhem SDS Arrows 350 Blazer Vanes 6 pk.","KIN-85150","CARBON EXPRESS"
"242956","Carbon Express Thunder Express Arrows Black 26 in. 18 pk.","KIN-85151","CARBON EXPRESS"
"244198","Carbon Express Nock Collars Tank 23D 350/X-Buster 400 12 pk.","KIN-85154","CARBON EXPRESS"
"244211","Carbon Express Nock Collars Tank 23D 400/X-Buster 500 12 pk.","KIN-85155","CARBON EXPRESS"
"244164","Carbon Express Nock Bushings Tank 27 .244 Nock #2 12 pk.","KIN-85156","CARBON EXPRESS"
"244212","Carbon Express Nock Collars Tank 27 12 pk.","KIN-85157","CARBON EXPRESS"
"244183","Carbon Express Nock Bushings Tank 23D .244 Nock #2 12 pk.","KIN-85158","CARBON EXPRESS"
"244165","Carbon Express Nock Bushings Tank 23D .166 Nock #2 12 pk.","KIN-85159","CARBON EXPRESS"
"244115","Carbon Express Pin Nock Adapters Tank 23D #2 12 pk.","KIN-85160","CARBON EXPRESS"
"244634","Carbon Express Pin Points Tank 27 210 gr. #2 12 pk.","KIN-85162","CARBON EXPRESS"
"244635","Carbon Express Pin Points Tank 27 120 gr. #2 12 pk.","KIN-85163","CARBON EXPRESS"
"244511","Carbon Express Pin Points Tank 27/ X-Jammer 27 Pro 80 gr. 12 pk.","KIN-85164","CARBON EXPRESS"
"244467","Carbon Express Pin Points Tank 23D 80 gr. #2 12 pk.","KIN-85165","CARBON EXPRESS"
"244588","Carbon Express Pin Points Tank 23D 120 gr. #2 12 pk.","KIN-85166","CARBON EXPRESS"
"245215","Bohning HD Arrow Wraps Red Flannel Standard 13 pk.","KIN-85214","BOHNING"
"245216","Bohning HD Arrow Wraps Digital Camo Standard 13 pk.","KIN-85218","BOHNING"
"245986","Bohning Blazer Vanes Red Flannel 36 pk.","KIN-85219","BOHNING"
"245069","Trueflight Parabolic Feathers Chartreuse 5 in. LW 100 pk.","KIN-8522","Trueflight"
"246040","Bohning Blazer Vanes Digital Camo 36 pk.","KIN-85222","BOHNING"
"246041","Bohning Heat Vanes Purple 36 pk.","KIN-85223","BOHNING"
"245535","Bohning Heat Vanes Teal 36 pk.","KIN-85225","BOHNING"
"245987","Bohning Heat Vanes Blue 36 pk.","KIN-85226","BOHNING"
"246042","Bohning Heat Vanes Silver 36 pk.","KIN-85227","BOHNING"
"246043","Bohning Heat Vanes American Flag 36 pk.","KIN-85228","BOHNING"
"250196","Bohning Bruin Quiver Black 4 Arrow","KIN-85229","BOHNING"
"250235","Bohning Bruin Quiver Carbon 4 Arrow","KIN-85230","BOHNING"
"251067","Bohning Shooters Stool Complete","KIN-85232","BOHNING"
"251005","Bohning Arrow Lube","KIN-85233","BOHNING"
"251681","Quick Draw Bowfishing Lock Block Arrow Holder","KIN-85248","Quick Draw"
"252254","Pine Ridge Archers Allen Wrench Set XL","KIN-85279","PINE RIDGE"
"252281","Pine Ridge Thread Repair Tool Insert Thread 8-32","KIN-85280","PINE RIDGE"
"252274","Pine Ridge Thread Repair Tool Sight/Quiver 10-24","KIN-85281","PINE RIDGE"
"251044","Pine Ridge Kwik Stand Bow Support White/Black","KIN-85283","PINE RIDGE"
"251047","Pine Ridge Kwik Stand Bow Support White/Red/Blue","KIN-85292","PINE RIDGE"
"248594","Pine Ridge Z38 Aluminum Peep Sight Black 3/16 in. 1 pk.","KIN-85295","PINE RIDGE"
"248607","Pine Ridge Z38 Aluminum Peep Sight Red 3/16 in. 1 pk.","KIN-85296","PINE RIDGE"
"248469","Pine Ridge Z38 Aluminum Peep Sight Black 3/16 in. 25 pk.","KIN-85299","PINE RIDGE"
"252279","Pine Ridge Thread Repair Tool Stabilizer/Rest 5/16-24","KIN-85305","PINE RIDGE"
"251197","TruFire Spark Max Release Buckle Foldback Youth","KIN-85311","TRUFIRE"
"251405","TruFire Wrist Assist","KIN-85317","TRUFIRE"
"246544","Rage Replacement Blade Kit Extreme 4 Blade","KIN-85322","RAGE"
"246251","Muzzy Merc Broadheads 3 blade 100 gr. 3 pk.","KIN-85326","MUZZY"
"246545","Muzzy Replacement Blades Merc 3 Blade 9 pk.","KIN-85328","MUZZY"
"244039","Nockturnal FIT Lighted Nocks Blue 3 pk.","KIN-85337","NOCKTURNAL"
"244037","Nockturnal FIT Lighted Nocks White 3 pk.","KIN-85338","NOCKTURNAL"
"250735","Vapor Trail Limb Driver Pro-V Rest Mathews RH","KIN-85345","Vapor Trail"
"250647","Vapor Trail Limb Driver Pro-V Rest Green Arm RH","KIN-85347","Vapor Trail"
"244721","GoatTuff Crossbow Arrow Fletcher","KIN-85350","Goat Tuff"
"244040","GWS Lighted Nocks Red S 3 pk.","KIN-85364","Gws"
"244041","GWS Lighted Nocks Green S 3 pk.","KIN-85365","Gws"
"250724","Ripcord Drive Arrow Rest Black LH","KIN-85378","Ripcord"
"250725","Ripcord Drive Arrow Rest Micro Black RH","KIN-85379","Ripcord"
"250726","Ripcord Drive Arrow Rest Micro Black LH","KIN-85380","Ripcord"
"250648","Ripcord Max Arrow Rest Black LH","KIN-85382","Ripcord"
"250649","Ripcord Max Arrow Rest Micro Black LH","KIN-85388","Ripcord"
"249725","Dead Center Dead Silent Carbon V2 Stabilizer Realtree Edge 6in.","KIN-85418","Dead Center"
"249492","Dead Center Dead Silent Carbon V2 Stabilizer Realtree Edge 8in.","KIN-85419","Dead Center"
"249493","Dead Center Dead Silent Carbon V2 Stabilizer Black 10in.","KIN-85420","Dead Center"
"249684","Dead Center Dead Silent Carbon V2 Stabilizer Realtree Edge 10in.","KIN-85421","Dead Center"
"250149","Dead Center Diamond Series Single Offest Mount Hoyt Black","KIN-85424","Dead Center"
"249999","Dead Center Stabilizer Silencer Black 3/4 in. 2pk.","KIN-85426","Dead Center"
"250000","Dead Center Stabilizer Silencer Red 3/4in. 2pk.","KIN-85428","Dead Center"
"250062","Dead Center Stabilizer Silencer Orange 3/4 in. 2pk.","KIN-85429","Dead Center"
"250164","Dead Center Stabilizer Sock w/ Logo Black 18in.","KIN-85430","Dead Center"
"250156","Dead Center Stabilizer Sock w/ Logo Black 36in.","KIN-85431","Dead Center"
"251254","TRU Ball T-Rex Release Bone Collector 4 Finger Black","KIN-85434","Tru Ball"
"251365","TRU Ball Honey Badger Claw Quick Silver Release 4 Finger Medium","KIN-85435","Tru Ball"
"251369","TRU Ball Honey Badger Claw Quick Silver Release 4 Finger Large","KIN-85436","Tru Ball"
"251316","TRU Ball Abyss Flex Quick Silver Release Medium","KIN-85437","Tru Ball"
"251317","TRU Ball Abyss Flex Quick Silver Release Large","KIN-85438","Tru Ball"
"251341","TRU Ball FulKrum Flex Quick Silver Release Medium","KIN-85439","Tru Ball"
"251342","TRU Ball FulKrum Flex Quick Silver Release Large","KIN-85440","Tru Ball"
"251255","TRU Ball Blade Pro Quick Silver Release 3 Finger Black/Silver Large","KIN-85443","Tru Ball"
"251318","TRU Ball Blade Pro Quick Silver Release 4 Finger Black/Silver Large","KIN-85444","Tru Ball"
"251189","TRU Ball Short-N-Sweet'R S1 Release Velcro Black Large","KIN-85445","Tru Ball"
"251126","TRU Ball Short-N-Sweet'R S1 Release Buckle Black Large","KIN-85446","Tru Ball"
"251127","TRU Ball Short-N-Sweet'R S2 Release Velcro Black Large","KIN-85447","Tru Ball"
"246499","G5 Deadmeat Crossbow Collars 100 gr. 10 pk.","KIN-85466","G5 OUTDOORS"
"246500","G5 Deadmeat Crossbow Collars 125 gr. 10 pk.","KIN-85467","G5 OUTDOORS"
"246505","G5 Havoc Crossbow Collars 20 pk.","KIN-85470","G5 OUTDOORS"
"251859","TenPoint ACUdraw 50 Sled","KIN-85502","TENPOINT"
"251837","TenPoint ACUdraw","KIN-85503","TENPOINT"
"246613","Blood Therapy Type O Broadheads 100 gr. 3 pk.","KIN-85520","Blood Therapy"
"246546","Swhacker Replacement Blades Razor Series Bleeder 0.020 6 pk.","KIN-85532","Swhacker"
"246556","Swhacker Replacement Blades Razor Series Bleeder 0.015 6 pk.","KIN-85533","Swhacker"
"249580","Bowfinger XL Hunter Stabilizer Black 10 in.","KIN-85541","Bowfinger"
"249685","Bowfinger XL Hunter Stabilizer Black 12 in.","KIN-85542","Bowfinger"
"244020","Double Take Glory Nocks Red X 1 pk.","KIN-85605","Double Take Archery"
"244006","Double Take Glory Nocks Green X 1 pk.","KIN-85607","Double Take Archery"
"248505","RAD Glow Peep Black 3 /16 in.","KIN-85610","Radical Archery Designs"
"248470","RAD Glow Peep Green 3/16 in.","KIN-85611","Radical Archery Designs"
"248506","RAD Glow Peep Orange 3/16 in.","KIN-85612","Radical Archery Designs"
"248471","RAD Super Deuce 38 Peep Sight Grey 3/16 in.","KIN-85627","Radical Archery Designs"
"249287","LOC Outdoorz Pro Hunt'R Lite Sling Timber Ridge","KIN-85642","LOC OUTDOORZ"
"249288","LOC Outdoorz Pro Hunt'R Lite Sling Deep Woods","KIN-85643","LOC OUTDOORZ"
"249183","LOC Outdoorz Pro Hunt'R Lite Sling Sitka","KIN-85644","LOC OUTDOORZ"
"252151","NuFletch Ignitor Crossbow Nocks Red Moon .285 X Bolt 3 pk.","KIN-85649","Nufletch"
"252189","NuFletch Ignitor Crossbow Nocks Green Flat .285 X Bolt 3 pk.","KIN-85650","Nufletch"
"252190","NuFletch Ignitor Crossbow Nocks Green Moon .285 X Bolt 3 pk.","KIN-85651","Nufletch"
"252200","NuFletch Ignitor Crossbow Nocks Red Flat .295 X Bolt 3 pk.","KIN-85652","Nufletch"
"252201","NuFletch Ignitor Crossbow Nocks Red Moon .295 X Bolt 3 pk.","KIN-85653","Nufletch"
"252133","NuFletch Ignitor Crossbow Nocks Green Flat .295 X Bolt 3 pk.","KIN-85654","Nufletch"
"252134","NuFletch Ignitor Crossbow Nocks Green Moon .295 X Bolt 3 pk.","KIN-85655","Nufletch"
"252152","NuFletch Ignitor Crossbow Nocks Red Flat .300 X Bolt 3 pk.","KIN-85656","Nufletch"
"252191","NuFletch Ignitor Crossbow Nocks Red Moon .300 X Bolt 3 pk.","KIN-85657","Nufletch"
"252154","NuFletch Ignitor Crossbow Nocks Green Moon .300 X Bolt 3 pk.","KIN-85659","Nufletch"
"246318","Thorn Archery Broadheads 2 Blade 100 gr. 3 pk.","KIN-85665","Thorn Archery"
"246300","Thorn Archery Broadheads 2 Blade 125 gr. 3 pk.","KIN-85666","Thorn Archery"
"246447","Thorn Archery HPX Broadheads 2 Blade 100 gr. 3 pk.","KIN-85669","Thorn Archery"
"246444","Thorn Archery HPX Broadheads 2 Blade 125 gr. 3 pk.","KIN-85670","Thorn Archery"
"246514","Thorn Archery Sheer Pins Compound Orange 12 pk.","KIN-85671","Thorn Archery"
"246506","Thorn Archery Practice Clips 3 pk.","KIN-85675","Thorn Archery"
"246526","Thorn Archery Multi Tool","KIN-85676","Thorn Archery"
"250092","Precision Balance Stabilizer Mount Fully Adjustable V-Bar Mount","KIN-85687","Precision Balance"
"250026","Precision Balance Stabilizer Weight Black 5.5 oz.","KIN-85693","Precision Balance"
"250157","Precision Balance Stabilizer Wrap Orange Front Wrap","KIN-85698","Precision Balance"
"250158","Precision Balance Stabilizer Wrap Yellow Front Wrap","KIN-85699","Precision Balance"
"250159","Precision Balance Stabilizer Wrap Green Front Wrap","KIN-85700","Precision Balance"
"250162","Precision Balance Stabilizer Wrap White Front Wrap","KIN-85701","Precision Balance"
"250165","Precision Balance Stabilizer Wrap Red Side Wrap","KIN-85703","Precision Balance"
"249072","BCY Nock Point Tying Thread Red 75 yds.","KIN-85705","Bcy"
"252155","NuFletch Ignitor Crossbow Nocks Red Flat .285 X Bolt 3 pk.","KIN-85707","Nufletch"
"249581","Limbsaver Hunter Micro Lite Stabilizer Black 7 in.","KIN-85713","LIMBSAVER"
"250078","Limbsaver FW1 Stabilizer Enhancer Node Camo","KIN-85714","LIMBSAVER"
"249494","Limbsaver S-Coil Pro Stabilizer Black 4.5 in.","KIN-85716","LIMBSAVER"
"249495","Limbsaver S-Coil Pro Stabilizer Camo 4.5 in.","KIN-85717","LIMBSAVER"
"245223","Gut Check Arrow Wrap Indicators Turkey 6 pk.","KIN-85725","Gut Check"
"245217","Gut Check Highly Reflective Arrow Wraps Yellow 6 pk.","KIN-85732","Gut Check"
"245218","Gut Check Highly Reflective Arrow Wraps Red 6 pk.","KIN-85733","Gut Check"
"250001","Limbsaver FW1 Stabilizer Enhancer Node Red","KIN-85767","LIMBSAVER"
"246607","Bloodrush Hybrid Broadheads 100 gr. 3 pk.","KIN-85786","ALLEN"
"248650","Draves Komfort Kiss Kisser Button Black 25 pk.","KIN-85790","Draves"
"248681","Draves Komfort Kiss Kisser Button Red 25 pk.","KIN-85814","Draves"
"248651","Draves Komfort Kiss Kisser Button Green 25 pk.","KIN-85815","Draves"
"252157","Clean Shot Nock Out Lighted Crossbow Nocks Orange Half Moon .297 3 pk.","KIN-85817","Clean-Shot"
"252302","RS Bow Vise HIR Set Square Up Level and VariNock Level","KIN-85838","RS BOWVISE"
"251587","Muzzy Replacement Bottle Slides 2 pk.","KIN-85866","MUZZY"
"251656","Muzzy Shoot Through Rod Spincast Reels","KIN-85870","MUZZY"
"246448","Ramcat Lacerator Crossbow Bolt Package 20&quote; 100 gr. 3 pk.","KIN-85875","RAMCAT"
"246412","Ramcat Lacerator Crossbow Bolt Package 20&quote; 125 gr. 3 pk.","KIN-85877","RAMCAT"
"249289","Gibbs Deluxe Easy Wrist Sling Camo","KIN-85886","Gibbs"
"248850","Gibbs Super Flex D-Loop Material Purple 25 ft.","KIN-85889","Gibbs"
"244834","Trueflight Full Length Feathers Yellow RW 100 pk.","KIN-8589","Trueflight"
"245536","Q2i Predator X Vanes 2 in. Black 100 pk.","KIN-85906","Q2I"
"245704","Q2i Predator X Vanes 2 in. Purple 100 pk.","KIN-85915","Q2I"
"245070","Trueflight Full Length Feathers White RW 100 pk.","KIN-8594","Trueflight"
"250727","Trophy Taker Throwdown Rest Black RH/LH","KIN-86015","Trophy Taker"
"250197","Trophy Taker Sawtooth Quiver Black 5 Arrow","KIN-86018","Trophy Taker"
"250300","Trophy Taker Sawtooth Quiver Mossy Oak Country 5 Arrow","KIN-86019","Trophy Taker"
"246259","Trophy Taker A-TAC Broadheads 100 gr. 2 pk.","KIN-86020","Trophy Taker"
"246557","Trophy Taker A-TAC Replacement Blades 100/125 gr.","KIN-86022","Trophy Taker"
"246148","Trophy Taker Shuttle T-LOK Broadheads 125 gr. 3 pk.","KIN-86024","Trophy Taker"
"246575","Trophy Taker Shuttle T-LOK Replacement Blades 100 gr. 9 pk.","KIN-86025","Trophy Taker"
"246576","Trophy Taker Quad Steel Replacement Blades 100/125 gr.","KIN-86029","Trophy Taker"
"245322","Trophy Taker Shrink Fletch Red Tube 2 White/1 Black Blazer Vane 6 pk.","KIN-86036","Trophy Taker"
"244021","GWS Lighted Nocks Orange S 3 pk.","KIN-86083","Gws"
"246591","RediEdge Mechanical Broadhead Sharpener","KIN-86089","Rediedge"
"246592","RediEdge Broadheads Holder Black","KIN-86091","Rediedge"
"251093","AAE Gold Extended Clicker RH","KIN-86158","AAE"
"250675","AAE Prophecy Rest Black RH","KIN-86159","AAE"
"249726","AAE Conquer Stabilizer Black 6 in.","KIN-86160","AAE"
"249507","AAE Conquer Stabilizer Black 8 in.","KIN-86161","AAE"
"246604","Swhacker 4 Blade Hybrid Broadheads 100 gr. 1.75in. 3 pk.","KIN-86162","Swhacker"
"246605","Swhacker 4 Blade Hybrid Broadheads 125 gr. 2.25in. 3 pk.","KIN-86163","Swhacker"
"246449","Swhacker 4 Blade Hybrid Crossbow Broadheads 100 gr. 1.75in. 3 pk.","KIN-86164","Swhacker"
"246450","Swhacker 4 Blade Hybrid Crossbow Broadheads 125 gr. 2.25in. 3 pk.","KIN-86165","Swhacker"
"246527","G5 Torkee Broadhead Wrench","KIN-86313","G5 OUTDOORS"
"251625","AMS Retriever TNT Tournament Bowfishing Reel RH","KIN-86314","AMS"
"251610","AMS Retriever TNT Tournament Bowfishing Reel LH","KIN-86315","AMS"
"249214","Paradox Bow Sling High Timber Camo","KIN-86316","Paradox"
"249252","Paradox Bow Sling OT Brown Camo","KIN-86317","Paradox"
"251981","Victory X-Bolt Crossbow Bolts 20in. Half Moon Lighted Nocks 3 pk.","KIN-86345","Victory"
"252010","Victory X-Bolt Crossbow Bolts 22in. Half Moon Lighted Nocks 3 pk.","KIN-86346","Victory"
"244133","Victory Uni-Bushings NVX 25/HV 25 12 pk.","KIN-86348","Victory"
"249686","Mathews Flatline Stabilizer Black 6 in.","KIN-86350","MATHEWS"
"249727","Mathews Flatline Stabilizer Black 8 in.","KIN-86351","MATHEWS"
"249687","Mathews Flatline Stabilizer Lost XD 8 in.","KIN-86353","MATHEWS"
"249688","Mathews Flatline Stabilizer Sitka Elevated II 6 in.","KIN-86354","MATHEWS"
"249508","Mathews Flatline Stabilizer Sitka Elevated II 8 in.","KIN-86355","MATHEWS"
"249689","Mathews Flatline Stabilizer Sitka Sub Alpine 6 in.","KIN-86356","MATHEWS"
"249582","Mathews Flatline Stabilizer Sitka Sub Alpine 8 in.","KIN-86357","MATHEWS"
"249729","Mathews Flatline Stabilizer UA Forest 6 in.","KIN-86360","MATHEWS"
"251055","Mathews Limb Leg Bow Stand Black","KIN-86362","MATHEWS"
"249253","Paradox Bow Sling Forest Edge Camo","KIN-86369","Paradox"
"249290","Paradox Elite Bow Sling Open Spaces Camo","KIN-86371","Paradox"
"249254","Paradox Elite Bow Sling High Timber Camo","KIN-86372","Paradox"
"249255","Paradox Elite Bow Sling Forest Edge Camo","KIN-86374","Paradox"
"249184","Paradox Elite Custom Cobra Bow Sling OT Brown Camo","KIN-86375","Paradox"
"249291","Paradox Elite Custom Cobra Bow Sling High Timber Camo","KIN-86377","Paradox"
"249292","Paradox Elite Custom Cobra Bow Sling O T B Camo","KIN-86378","Paradox"
"249185","Paradox Elite Custom Cobra Bow Sling Forest Edge Camo","KIN-86379","Paradox"
"249256","Paradox MetL3 Bow Sling OT Brown Camo","KIN-86380","Paradox"
"249215","Paradox MetL3 Bow Sling Open Spaces Camo","KIN-86381","Paradox"
"249257","Paradox MetL3 Custom Cobra Bow Sling Open Spaces Camo","KIN-86385","Paradox"
"249186","Paradox MetL3 Custom Cobra Bow Sling High Timber Camo","KIN-86386","Paradox"
"249187","Paradox MetL3 Custom Cobra Bow Sling O T B Camo","KIN-86387","Paradox"
"249258","Paradox Bow Sling Open Spaces Camo","KIN-86395","Paradox"
"249259","Paradox Bow Sling Forest Edge Camo","KIN-86397","Paradox"
"246577","Afflictor K2 Hybrid Replacement Blades 125 gr. 6 pk.","KIN-86405","Afflictor"
"246558","Afflictor Hybrid EXT Replacement Blades 125 gr. 6 pk.","KIN-86409","Afflictor"
"252354","Last Chance Bow Scale 2.0","KIN-86414","Last Chance Archery"
"244726","Last Chance Vane Master Pro Xbow Fletching Adapter","KIN-86415","Last Chance Archery"
"252235","Last Chance Mini Xbow Adapter","KIN-86416","Last Chance Archery"
"250794","Spot Hogg Premier Long Bar Rest RH","KIN-86423","Spot-Hogg"
"252403","Raxx Crossbow Hanger Whitetail Skull","KIN-86596","Raxx"
"252388","Raxx Bow Hanger Bear Archery","KIN-86597","Raxx"
"252407","Raxx Bow Hanger Diamond Archery","KIN-86598","Raxx"
"252381","Raxx Bow Hanger Elite Archery","KIN-86599","Raxx"
"252408","Raxx Bow Hanger Mission Archery","KIN-86600","Raxx"
"252389","Raxx Bow Hanger Obsession Archery","KIN-86601","Raxx"
"251910","Trigger Tech Single Stage Crossbow Trigger Excalibur","KIN-86605","Trigger Tech"
"251915","Trigger Tech Straight Lever Excalibur","KIN-86607","Trigger Tech"
"251022","Third Hand Ground Bow Holder Black","KIN-8664","Third Hand"
"250111","Shrewd Quick Disconnect Matte Black Straight","KIN-86819","Shrewd Archery"
"252404","Raxx Bow Hanger Hoyt Archery","KIN-86820","Raxx"
"250894","Sawtooth Anchor Knot Purple","KIN-86844","Sawtooth"
"250900","Sawtooth Anchor Knot Pink","KIN-86845","Sawtooth"
"250901","Sawtooth Anchor Knot Orange","KIN-86846","Sawtooth"
"250895","Sawtooth Anchor Knot Lime Green","KIN-86847","Sawtooth"
"248595","Sawtooth Peep It 3/16 in. Purple w/ Peep Aligner","KIN-86861","Sawtooth"
"248507","Sawtooth Peep It 3/16 in. Pink w/ Peep Aligner","KIN-86862","Sawtooth"
"248596","Sawtooth Peep It 3/16 in. Orange w/ Peep Aligner","KIN-86863","Sawtooth"
"248608","Sawtooth Peep It 3/16 in. Purple","KIN-86877","Sawtooth"
"248472","Sawtooth Peep It 3/16 in. Pink","KIN-86878","Sawtooth"
"244117","Easton Uni Bushings SuperDrive 27 12 pk.","KIN-86898","Easton"
"244184","Easton Super Uni Bushings SuperDrive 27 12 pk.","KIN-86899","Easton"
"242619","Easton 5mm Full Metal Jacket Match Grade Arrows 300 Blazer Vanes 6 pk.","KIN-86900","Easton"
"242299","Easton 5mm FMJ Match Grade Arrows 340 Blazer Vanes 6 pk.","KIN-86901","Easton"
"242300","Easton 5mm FMJ Match Grade Arrows 400 Blazer Vanes 6 pk.","KIN-86902","Easton"
"242301","Easton 5mm FMJ Match Grade Arrows 500 Blazer Vanes 6 pk.","KIN-86903","Easton"
"242426","Easton 5mm Axis Match Grade Arrows 260 Blazer Vanes 6 pk.","KIN-86904","Easton"
"242620","Easton 5mm Axis Match Grade Arrows 300 Blazer Vanes 6 pk.","KIN-86905","Easton"
"242302","Easton 5mm Axis Match Grade Arrows 340 Blazer Vanes 6 pk.","KIN-86906","Easton"
"242303","Easton 5mm Axis Match Grade Arrows 400 Blazer Vanes 6 pk.","KIN-86907","Easton"
"250063","Mathews Nano Flatline Damper Orange 2 pk.","KIN-86911","MATHEWS"
"250198","Mathews Arrow Web HD Quiver Subalpine 4 Arrow","KIN-86921","MATHEWS"
"250199","Mathews Arrow Web HD Quiver Elevated II 4 Arrow","KIN-86922","MATHEWS"
"243765","Easton 4mm 8-32 Titanium Half Out 55 gr. 6 pk.","KIN-86923","Easton"
"244512","Easton Glue In Target Points Super Drive 27 200 gr. 12 pk.","KIN-86925","Easton"
"245538","AAE Max Stealth Vanes Black 2.6 in. 100 pk.","KIN-86934","AAE"
"248935","BCY X99 Bowstring Material Black 1/4 lb.","KIN-86935","Bcy"
"248968","BCY X99 Bowstring Material Neon Green 1/4 lb.","KIN-86936","Bcy"
"249030","BCY X99 Bowstring Material Red 1/4 lb.","KIN-86937","Bcy"
"249042","BCY X99 Bowstring Material Neon Orange 1/4 lb.","KIN-86938","Bcy"
"248936","BCY X99 Bowstring Material Blue 1/4 lb.","KIN-86939","Bcy"
"249031","BCY X99 Bowstring Material Tan 1/4 lb.","KIN-86940","Bcy"
"248937","BCY X99 Bowstring Material Silver 1/4 lb.","KIN-86941","Bcy"
"248938","BCY X99 Bowstring Material White 1/4 lb.","KIN-86942","Bcy"
"248969","BCY X99 Bowstring Material Flo Purple 1/4 lb.","KIN-86943","Bcy"
"244636","Gold Tip Accu-Points Pierce Xtra Small 80 gr. 12 pk.","KIN-86948","Gold Tip"
"244469","Gold Tip Accu-Points Pierce Xtra Small 100 gr. 12 pk.","KIN-86949","Gold Tip"
"244134","Gold Tip Pin Nock Bushings Pierce X-Small 600-700 12 pk.","KIN-86950","Gold Tip"
"251319","TRU Ball Rave Release 3 Finger Black","KIN-86954","Tru Ball"
"251275","TRU Ball Goat Release 3 Finger Black Medium","KIN-86955","Tru Ball"
"251258","TRU Ball Goat Release 3 Finger Black Large","KIN-86956","Tru Ball"
"248349","J and D Genesis String and Cable Kit White/Black D97","KIN-86962","Genesis"
"248238","J and D Genesis String and Cable Kit Black/Pink D97","KIN-86963","Genesis"
"248239","J and D Genesis String and Cable Kit Black/Red D97","KIN-86964","Genesis"
"248175","J and D Genesis String and Cable Kit Black/Royal Blue D97","KIN-86965","Genesis"
"248350","J and D Genesis String and Cable Kit Black/Flo Green D97","KIN-86966","Genesis"
"248240","J and D Genesis String and Cable Kit Black/Purple D97","KIN-86967","Genesis"
"248351","J and D Genesis String and Cable Kit Black/Flo Orange D97","KIN-86968","Genesis"
"248352","J and D Genesis String and Cable Kit Black/Flo Yellow D97","KIN-86969","Genesis"
"248176","J and D Genesis String and Cable Kit Black/Silver D97","KIN-86970","Genesis"
"248241","J and D Genesis String and Cable Kit Black/Teal D97","KIN-86971","Genesis"
"248177","J and D Genesis String and Cable Kit White/Royal Blue D97","KIN-86972","Genesis"
"248178","J and D Genesis String and Cable Kit White/Red D97","KIN-86973","Genesis"
"244091","Easton Compound G Pin Nocks Lemon Lime Large Groove 12 pk.","KIN-86974","Easton"
"244092","Easton Recurve Pin Nocks Crystal Large Groove 12 pk.","KIN-86975","Easton"
"244049","Easton Recurve Pin Nocks Crystal Small Groove 12 pk.","KIN-86976","Easton"
"244050","Easton Recurve Pin Nocks Lemon Lime Large Groove 12 pk.","KIN-86977","Easton"
"244051","Easton Recurve Pin Nocks Lemon Lime Small Groove 12 pk.","KIN-86978","Easton"
"247450","Genesis Bowstring Black/White","KIN-86982","Genesis"
"247510","Genesis Split Cable","KIN-86983","Genesis"
"250795","Genesis Replacement Rest RH","KIN-86984","Genesis"
"250798","Genesis Replacement Rest LH","KIN-86985","Genesis"
"243969","Easton 6.5mm Super 3D Nocks Red 12 pk.","KIN-86986","Easton"
"244098","Easton PlastiNocks Flo Orange 9/32 in. 12 pk.","KIN-87002","Easton"
"244470","Easton Glue In NIBB Points 1514 61gr. 12 pk.","KIN-87005","Easton"
"244589","Easton Glue In NIBB Points 1614 51 gr. 12 pk.","KIN-87006","Easton"
"244637","Easton Glue In NIBB Points 1616 63gr. 12 pk.","KIN-87007","Easton"
"244638","Easton Glue In NIBB Points 1713 54gr. 12 pk.","KIN-87008","Easton"
"244590","Easton Glue In NIBB Points 1814 60 gr. 12 pk.","KIN-87009","Easton"
"244591","Easton Glue In NIBB Points 2014 71 gr. 12 pk.","KIN-87010","Easton"
"244639","Easton Glue In NIBB Points 2016 80 gr. 12 pk.","KIN-87011","Easton"
"244640","Easton Glue In Bullet Points 2016 90 gr. 12 pk.","KIN-87012","Easton"
"250154","Precision Balance Stabilizer Wrap Yellow Side Wrap","KIN-87015","Precision Balance"
"243970","Gold Tip GT Series Nock Blue 100 pk.","KIN-87077","Gold Tip"
"243910","Gold Tip GT Series Nocks Pink 100 pk.","KIN-87078","Gold Tip"
"243911","Gold Tip GT Series Nocks Ruby 100 pk.","KIN-87079","Gold Tip"
"243874","Gold Tip GT Series Nocks Yellow 100 pk.","KIN-87080","Gold Tip"
"243875","Gold Tip Accu-Tough Nocks Black 12 pk.","KIN-87081","Gold Tip"
"243876","Gold Tip Accu-Tough Nock Blue 12 pk.","KIN-87082","Gold Tip"
"243877","Gold Tip Accu-Tough Nocks Green 12 pk.","KIN-87083","Gold Tip"
"243979","Gold Tip Accu-Tough Nocks Orange 12 pk.","KIN-87084","Gold Tip"
"243912","Gold Tip Accu-Tough Nocks Pink 12 pk.","KIN-87085","Gold Tip"
"243980","Gold Tip Accu-Tough Nocks Yellow 12 pk.","KIN-87087","Gold Tip"
"243878","Gold Tip GTO Nocks Ruby 12 pk.","KIN-87089","Gold Tip"
"243981","Gold Tip GTO Nocks Yellow 12 pk.","KIN-87090","Gold Tip"
"244065","Gold Tip Mini HD Pin Nocks Black 12 pk.","KIN-87092","Gold Tip"
"244052","Gold Tip Mini HD Pin Nocks Pink 12 pk.","KIN-87094","Gold Tip"
"244093","Gold Tip Mini HD Pin Nocks Ruby 12 pk.","KIN-87095","Gold Tip"
"244086","Gold Tip Mini HD Pin Nocks White 12 pk.","KIN-87096","Gold Tip"
"244053","Gold Tip Mini HD Pin Nocks Yellow 12 pk.","KIN-87097","Gold Tip"
"244650","Gold Tip FACT Weight Modules Kinetic 10 gr. 12 pk","KIN-87098","Gold Tip"
"244641","Gold Tip Glue In Points .204 SM 80 gr. 12 pk.","KIN-87110","Gold Tip"
"244592","Gold Tip Glue In Points .246 35 gr. 12 pk.","KIN-87111","Gold Tip"
"244471","Gold Tip Glue In Points 30X 50 gr. 12 pk.","KIN-87112","Gold Tip"
"244472","Gold Tip Accu-Points .204 Large 100 gr. 12 pk.","KIN-87113","Gold Tip"
"244642","Gold Tip Accu-Points .204 Small 100 gr. 12 pk.","KIN-87114","Gold Tip"
"244643","Gold Tip Accu-Points .204 Large 120 gr. 12 pk.","KIN-87115","Gold Tip"
"244513","Gold Tip Accu-Points .166 Xtra Small 75 gr. 12 pk.","KIN-87116","Gold Tip"
"244593","Gold Tip Glue In Points Triple X 50 gr. 12 pk.","KIN-87117","Gold Tip"
"244204","Gold Tip Nock Collar Pierce 600 12 pk.","KIN-87120","Gold Tip"
"244205","Gold Tip Nock Collar Pierce 700 12 pk.","KIN-87173","Gold Tip"
"243971","Gold Tip Nock Adjustment Wrench Fits All Gold Tip Nocks","KIN-87174","Gold Tip"
"244135","Gold Tip FACT Nock Adapters .246 20 gr. 12 pk.","KIN-87175","Gold Tip"
"244671","Gold Tip FACT Weight System Wrench .166","KIN-87176","Gold Tip"
"249583","Mathews Flatline Stabilizer Black 10 in.","KIN-87248","MATHEWS"
"249731","Mathews Flatline Stabilizer Sitka Elevated II 10 in.","KIN-87250","MATHEWS"
"249732","Mathews Flatline Stabilizer Sitka Sub Alpine 10 in.","KIN-87251","MATHEWS"
"249509","Mathews Flatline Stabilizer Black 12 in.","KIN-87254","MATHEWS"
"249690","Mathews Flatline Stabilizer Sitka Elevated II 12 in.","KIN-87256","MATHEWS"
"249584","Mathews Flatline Stabilizer Sitka Sub Alpine 12 in.","KIN-87257","MATHEWS"
"249585","Mathews Flatline Stabilizer UA Forest 12 in.","KIN-87259","MATHEWS"
"250160","Precision Balance Stabilizer Wrap Green Side Wrap","KIN-87371","Precision Balance"
"250163","Precision Balance Stabilizer Wrap White Side Wrap","KIN-87372","Precision Balance"
"251198","B3 King Release Swivel Stem Black","KIN-87374","B3"
"251370","B3 Coop Release Brass 3 Finger","KIN-87377","B3"
"251355","B3 Coop Release Chameleon 3 Finger","KIN-87378","B3"
"251094","Mybo Crescent Clicker RH","KIN-87423","Mybo"
"251095","Mybo Crescent Clicker LH","KIN-87424","Mybo"
"250933","Mybo Horizon Launcher Vivid Violet RH","KIN-87426","Mybo"
"250953","Mybo Horizon Launcher Purple Haze RH","KIN-87427","Mybo"
"250965","Mybo Horizon Launcher Midnight Black RH","KIN-87428","Mybo"
"250918","Mybo Horizon Launcher Royal Blue RH","KIN-87429","Mybo"
"250954","Mybo Horizon Launcher Ice Blue RH","KIN-87430","Mybo"
"250934","Mybo Horizon Launcher Lizard Green RH","KIN-87432","Mybo"
"250955","Mybo Horizon Launcher Sonic Silver RH","KIN-87433","Mybo"
"250966","Mybo Horizon Launcher Blaze Orange RH","KIN-87434","Mybo"
"250967","Mybo Horizon Launcher Vivid Violet LH","KIN-87435","Mybo"
"250935","Mybo Horizon Launcher Purple Haze LH","KIN-87436","Mybo"
"250956","Mybo Horizon Launcher Midnight Black LH","KIN-87437","Mybo"
"250919","Mybo Horizon Launcher Royal Blue LH","KIN-87438","Mybo"
"250968","Mybo Horizon Launcher Ice Blue LH","KIN-87439","Mybo"
"250936","Mybo Horizon Launcher Cherry Red LH","KIN-87440","Mybo"
"250920","Mybo Horizon Launcher Lizard Green LH","KIN-87441","Mybo"
"250921","Mybo Horizon Launcher Sonic Silver LH","KIN-87442","Mybo"
"250922","Mybo Horizon Launcher Blaze Orange LH","KIN-87443","Mybo"
"250957","Mybo Horizon Launcher Extension Plate","KIN-87444","Mybo"
"249878","Mybo Certo X2 Stabilizer 15 in.","KIN-87532","Mybo"
"249948","Mybo Certo X2 Stabilizer 10 in.","KIN-87534","Mybo"
"250114","Mybo 720 Single Mount Purple Haze Left Offset","KIN-87551","Mybo"
"250151","Mybo 720 Single Mount Lizard Green Left Offset","KIN-87556","Mybo"
"249968","Atomic Rods Alpha Stabilizer Black 33 in.","KIN-87577","Atomic Rods"
"249586","Bee Stinger MicroHex Counter Slide Stabilizer Olive 12 in","KIN-87586","Bee Stinger"
"249691","Bee Stinger MicroHex Counter Slide Stabilizer Brown 12 in.","KIN-87587","Bee Stinger"
"249511","Bee Stinger MicroHex Counter Slide Stabilizer Tan 12 in.","KIN-87588","Bee Stinger"
"249733","Bee Stinger MicroHex Counter Slide Stabilizer Grey 12 in.","KIN-87589","Bee Stinger"
"249587","Bee Stinger MicroHex Counter Slide Stabilizer Olive 15 in.","KIN-87590","Bee Stinger"
"249588","Bee Stinger MicroHex Counter Slide Stabilizer Brown 15 in.","KIN-87591","Bee Stinger"
"249692","Bee Stinger MicroHex Counter Slide Stabilizer Tan 15 in","KIN-87592","Bee Stinger"
"249589","Bee Stinger MicroHex Counter Slide Stabilizer Grey 15 in","KIN-87593","Bee Stinger"
"249590","Bee Stinger MicroHex Counter Slide Stabilizer Dovetail Olive 10 in.","KIN-87594","Bee Stinger"
"249512","Bee Stinger MicroHex Counter Slide Stabilizer Dovetail Brown 10 in.","KIN-87595","Bee Stinger"
"249693","Bee Stinger MicroHex Counter Slide Stabilizer Dovetail Tan 10 in.","KIN-87596","Bee Stinger"
"249591","Bee Stinger MicroHex Counter Slide Stabilizer Dovetail Grey 10 in.","KIN-87597","Bee Stinger"
"249513","Bee Stinger MicroHex Counter Slide Stabilizer Dovetail Olive 12 in.","KIN-87598","Bee Stinger"
"249734","Bee Stinger MicroHex Counter Slide Stabilizer Dovetail Brown 12 in.","KIN-87599","Bee Stinger"
"249514","Bee Stinger MicroHex Counter Slide Stabilizer Dovetail Tan 12 in.","KIN-87600","Bee Stinger"
"249735","Bee Stinger MicroHex Counter Slide Stabilizer Dovetail Grey 12 in.","KIN-87601","Bee Stinger"
"249694","Bee Stinger MicroHex Counter Slide Stabilizer Dovetail Olive 15 in.","KIN-87602","Bee Stinger"
"249592","Bee Stinger MicroHex Counter Slide Stabilizer Dovetail Brown 15 in.","KIN-87603","Bee Stinger"
"249593","Bee Stinger MicroHex Counter Slide Stabilizer Dovetail Tan 15 in.","KIN-87604","Bee Stinger"
"249695","Bee Stinger MicroHex Counter Slide Stabilizer Dovetail Grey 15 in.","KIN-87605","Bee Stinger"
"246384","SWAT Ballistic Broadheads 100 gr. 3 pk.","KIN-87606","Swat Broadheads"
"250969","SureLoc Rhythm Rest Black RH","KIN-87625","SureLoc"
"250958","SureLoc Rhythm Rest Orange RH","KIN-87626","SureLoc"
"250937","SureLoc Rhythm Rest Red RH","KIN-87627","SureLoc"
"250959","SureLoc Rhythm Rest Green RH","KIN-87628","SureLoc"
"250970","SureLoc Rhythm Rest Blue RH","KIN-87629","SureLoc"
"250859","SureLoc Rhythm Rest Blades .008, .010, .012","KIN-87630","SureLoc"
"250435","Angel Target Quiver Red w/White Trim RH","KIN-87637","Angel Archery"
"250508","Angel Quiver Belt Red w/White Trim Long","KIN-87646","Angel Archery"
"250509","Angel Quiver Belt Black w/White Trim Extra Long","KIN-87647","Angel Archery"
"250510","Angel Quiver Belt Blue w/White Trim Extra Long","KIN-87648","Angel Archery"
"250400","Angel Quiver Belt Red w/White Trim Extra Long","KIN-87649","Angel Archery"
"249044","Angel Majesty ASB Pro String Material White 250m","KIN-87660","Angel Archery"
"249032","Angel Majesty ASB String Material White 250m","KIN-87662","Angel Archery"
"248972","Angel Majesty ASB String Material Hunter Green 250m","KIN-87663","Angel Archery"
"248973","Angel Majesty ASB String Material Beige 250m","KIN-87664","Angel Archery"
"249033","Angel Majesty ASB String Material Blue 250m","KIN-87665","Angel Archery"
"248939","Angel Majesty ASB String Material Pink 250m","KIN-87666","Angel Archery"
"248940","Angel Majesty ASB String Material Yellow 250m","KIN-87667","Angel Archery"
"248941","Angel ASB String Material White 270m","KIN-87668","Angel Archery"
"249106","Angel Majesty Serving Pink .018 100m","KIN-87672","Angel Archery"
"249107","Angel Majesty Serving Yellow .018 100m","KIN-87673","Angel Archery"
"249055","Angel Majesty Serving Pink .021 80m","KIN-87679","Angel Archery"
"249108","Angel ASB Serving White .018 100m","KIN-87691","Angel Archery"
"249109","Angel ASB Serving Blue .018 100m","KIN-87692","Angel Archery"
"249110","Angel ASB Serving Red .018 100m","KIN-87693","Angel Archery"
"250806","Angel Plunger Button Silver","KIN-87703","Angel Archery"
"250807","Angel Plunger Button Gold","KIN-87704","Angel Archery"
"250816","Angel Plunger Button Red","KIN-87706","Angel Archery"
"244022","Lumenok Lighted Nocks Pink H 3 pk.","KIN-88097","Lumenok"
"252192","Lumenok Crossbow Nocks Pink Moon Gold Tip 3 pk.","KIN-88098","Lumenok"
"252193","Lumenok Crossbow Nocks Pink Flat Gold Tip 3 pk.","KIN-88099","Lumenok"
"252137","Lumenok Crossbow Nocks Pink Flat Excalibur 3 pk.","KIN-88100","Lumenok"
"249969","Dead Center IconX 625 Series Stabilizer Black 9 in.","KIN-88106","Dead Center"
"249970","Dead Center IconX 625 Series Stabilizer Black 12 in.","KIN-88107","Dead Center"
"249971","Dead Center IconX 625 Series Stabilizer Black 15 in.","KIN-88108","Dead Center"
"249848","Dead Center IconX 625 Series Stabilizer Black 24 in.","KIN-88109","Dead Center"
"249972","Dead Center IconX 625 Series Stabilizer Black 27 in.","KIN-88110","Dead Center"
"249849","Dead Center IconX 625 Series Stabilizer Black 30 in.","KIN-88111","Dead Center"
"249850","Dead Center IconX 625 Series Stabilizer Black 33 in.","KIN-88112","Dead Center"
"250002","Dead Center Custom Balance XL Weights Black 3 oz.","KIN-88113","Dead Center"
"250079","Dead Center Custom Balance XL Weights Black 6 oz.","KIN-88114","Dead Center"
"250029","Dead Center Custom Balance XL Weights Black 5/16-24 Thread 3 oz.","KIN-88115","Dead Center"
"250003","Dead Center Custom Balance XL Weights Black 5/16-24 Thread 6 oz.","KIN-88116","Dead Center"
"250116","Dead Center Aluminum V-Bar Extension 2 in.","KIN-88117","Dead Center"
"250142","Dead Center Aluminum V-Bar Extension 3 in.","KIN-88118","Dead Center"
"250152","Dead Center Aluminum V-Bar Extension 4 in.","KIN-88119","Dead Center"
"249949","Dead Center Dead Steady Stabilizer Black 8 in.","KIN-88120","Dead Center"
"249973","Dead Center Dead Steady Stabilizer Red White Blue 8 in.","KIN-88125","Dead Center"
"249950","Dead Center Dead Steady Stabilizer Red White Blue 10 in.","KIN-88126","Dead Center"
"249879","Dead Center Dead Steady Stabilizer Red White Blue 12 in.","KIN-88127","Dead Center"
"249951","Dead Center Dead Steady Stabilizer Red White Blue 15 in.","KIN-88128","Dead Center"
"249974","Dead Center Dead Steady Stabilizer Red White Blue 28 in.","KIN-88129","Dead Center"
"249952","Dead Center Dead Steady Stabilizer Red White Blue 30 in.","KIN-88130","Dead Center"
"243630","Easton X7 Eclipse Shafts 1914 1 doz.","KIN-9001914","Easton"
"243613","Easton X7 Eclipse Shafts 2014 1 doz.","KIN-9002014","Easton"
"243614","Easton X7 Eclipse Shafts 2114 1 doz.","KIN-9002114","Easton"
"243644","Easton X7 Eclipse Shafts 2212 1 doz.","KIN-9002212","Easton"
"243615","Easton X7 Eclipse Shafts 2213 1 doz.","KIN-9002213","Easton"
"243657","Easton Eclipse X7 Shafts 2413 1 doz.","KIN-9002413","Easton"
"251199","Spot Hogg The Keeton Release","KIN-90054","Spot-Hogg"
"252270","Last Chance Pro Parts Kit","KIN-90059","Last Chance Archery"
"252271","Last Chance Basic Parts Kit","KIN-90060","Last Chance Archery"
"250004","Last Chance Tungsten Weight 5/16 1 pk. 3 oz.","KIN-90062","Last Chance Archery"
"245304","Last Chance VMP Glue 20g","KIN-90064","Last Chance Archery"
"245307","Last Chance VMP Activator 2 fl. oz.","KIN-90065","Last Chance Archery"
"249594","Axion Quick Stand Stabilizer Black 6 in.","KIN-90070","Axion"
"249515","Axion Quick Stand Stabilizer Black 6 in. Blind Version","KIN-90071","Axion"
"249371","Axion Low Pro Limb Damper Hybrid Black","KIN-90072","Axion"
"249372","Axion Low Pro Limb Damper Mathews Black","KIN-90073","Axion"
"249736","Axion Quad Hybrid Stabilizer Black 5 in. with Damper","KIN-90074","Axion"
"249516","Axion Quad Stabilizer Lost XD 5 in. with Mathews Damper","KIN-90079","Axion"
"249517","Axion DNA Hybrid Stabilizer Black 5.5 in. with Damper","KIN-90082","Axion"
"249696","Axion DNA Hybrid Stabilizer Realtree Edge 5.5 in with Damper","KIN-90083","Axion"
"249737","Axion DNA Stabilizer Lost XD 5.5 in. with Mathews Damper","KIN-90084","Axion"
"252333","Range O Matic Foremaster Cord 21 lb.","KIN-90153","Range O Matic"
"252344","Range O Matic Foremaster Cord 28 lb.","KIN-90154","Range O Matic"
"252343","Range O Matic Foremaster Cord 31 lb.","KIN-90155","Range O Matic"
"252244","Bow Medic Ultimate Limb Brackets","KIN-90256","Bow Medic"
"252303","Bow Medic Level Box","KIN-90257","Bow Medic"
"252309","Bow Medic EZ Laser Tuner Tool","KIN-90258","Bow Medic"
"251533","Muzzy Classic Fish Arrow White with Quick Release Gar Point","KIN-9230","MUZZY"
"251577","Muzzy Replacement Carp Tips 2 pk.","KIN-9232","MUZZY"
"244319","Saunders Combo Points 9/32 85 gr. 100 pk.","KIN-9350","SAUNDERS"
"244402","Saunders Combo Points 5/16 85 gr. 100 pk.","KIN-9351","SAUNDERS"
"244425","Saunders Combo Points 9/32 100 gr. 100 pk.","KIN-9352","SAUNDERS"
"244426","Saunders Combo Points 5/16 100 gr. 100 pk.","KIN-9353","SAUNDERS"
"244275","Saunders Combo Points 21/64 100 gr. 100 pk.","KIN-9354","SAUNDERS"
"244427","Saunders Combo Points 11/32 100 gr. 100 pk.","KIN-9355","SAUNDERS"
"244276","Saunders Combo Points 9/32 125 gr. 100 pk.","KIN-9356","SAUNDERS"
"244403","Saunders Combo Points 5/16 125 gr. 100 pk.","KIN-9357","SAUNDERS"
"244404","Saunders Combo Points 21/64 125 gr. 100 pk.","KIN-9358","SAUNDERS"
"244405","Saunders Combo Points 11/32 125 gr. 100 pk.","KIN-9359","SAUNDERS"
"243982","Easton 6.5mm 3D Super Nocks Black 12 pk.","KIN-9360","Easton"
"243983","Easton 6.5mm 3D Super Nocks Neon Green 12 pk.","KIN-9361","Easton"
"243913","Easton 6.5mm 3D Super Nocks Neon Orange 12 pk.","KIN-9362","Easton"
"243914","Easton 6.5mm 3D Super Nocks White 12 pk.","KIN-9364","Easton"
"243915","Easton 6.5mm 3D Super Nocks Neon Green 100 pk.","KIN-9367","Easton"
"243972","Easton 6.5mm 3D Super Nocks White 100 pk.","KIN-9369","Easton"
"244600","Easton Glue In Bullet Points 2311/2312 100 gr. 12 pk.","KIN-9377","Easton"
"242966","Easton A/C/C Shafts 3-18 1 doz.","KIN-940318","Easton"
"242967","Easton A/C/C Shafts 3-49 1 doz.","KIN-940349","Easton"
"251770","Axe 440 Crossbow Package","KIN-AXE1000","Axe"
"251747","Barnett Whitetail Hunter STR Crossbow","KIN-BAR1284","Barnett"
"251729","Barnett Blackcat Recurve Crossbow","KIN-BAR1288","Barnett"
"251748","Barnett Explorer XP370 Crossbow","KIN-BAR1289","Barnett"
"251708","Barnett Explorer XP380 Crossbow","KIN-BAR1290","Barnett"
"251709","Barnett Explorer XP400 Crossbow","KIN-BAR1291","Barnett"
"251689","Barnett HyperTac 420 Crossbow","KIN-BAR1293","Barnett"
"251730","Barnett HyperTac 420 Crossbow with Crank Cocking Device","KIN-BAR1294","Barnett"
"251750","Barnett TS380 Crossbow","KIN-BAR1296","Barnett"
"251751","Barnett TS380 Crossbow with Crank Cocking Device","KIN-BAR1297","Barnett"
"251710","Barnett Whitetail Hunter STR Crossbow with Crank Cocking Device","KIN-BAR1298","Barnett"
"251731","Barnett Wildcat Camo Recurve Crossbow","KIN-BAR1300","Barnett"
"251711","Barnett Hyper Whitetail 410 Crossbow","KIN-BAR1301","Barnett"
"251752","Barnett HyperTac Pro 430 Crossbow","KIN-BAR1302","Barnett"
"251809","Barnett Hyper Whitetail 410 CCD Crossbow Package","KIN-BAR1303","Barnett"
"251811","Barnett Hyper XP405 Crossbow Package","KIN-BAR1304","Barnett"
"251810","Barnett Whitetail Hunter 400XTR Crossbow Package","KIN-BAR1305","Barnett"
"243390","Black Eagle Deep Impact Shafts .003 300 1 doz.","KIN-BE100300","Black Eagle"
"243254","Black Eagle Deep Impact Shafts .003 350 1 doz.","KIN-BE100350","Black Eagle"
"243391","Black Eagle Deep Impact Shafts .003 400 1 doz.","KIN-BE100400","Black Eagle"
"243517","Black Eagle Deep Impact Shafts .001 300 1 doz.","KIN-BE101300","Black Eagle"
"243518","Black Eagle Deep Impact Shafts .001 350 1 doz.","KIN-BE101350","Black Eagle"
"243519","Black Eagle Deep Impact Shafts .001 400 1 doz.","KIN-BE101400","Black Eagle"
"243520","Black Eagle Deep Impact Shafts .001 500 1 doz.","KIN-BE101500","Black Eagle"
"243107","Black Eagle Rampage Shafts .001 250 1 doz.","KIN-BE110250","Black Eagle"
"243392","Black Eagle Rampage Shafts .001 300 1 doz.","KIN-BE110300","Black Eagle"
"243393","Black Eagle Rampage Shafts .001 350 1 doz.","KIN-BE110350","Black Eagle"
"243394","Black Eagle Rampage Shafts .001 400 1 doz.","KIN-BE110400","Black Eagle"
"243255","Black Eagle Rampage Shafts .003 250 1 doz.","KIN-BE120250","Black Eagle"
"242968","Black Eagle Rampage Shafts .003 300 1 doz.","KIN-BE120300","Black Eagle"
"242969","Black Eagle Rampage Shafts .003 350 1 doz.","KIN-BE120350","Black Eagle"
"243395","Black Eagle Rampage Shafts .003 400 1 doz.","KIN-BE120400","Black Eagle"
"243256","Black Eagle Carnivore Shafts .001 250 1 doz.","KIN-BE130250","Black Eagle"
"242970","Black Eagle Carnivore Shafts .001 300 1 doz.","KIN-BE130300","Black Eagle"
"243257","Black Eagle Carnivore Shafts .001 350 1 doz.","KIN-BE130350","Black Eagle"
"243396","Black Eagle Carnivore Shafts .001 400 1 doz.","KIN-BE130400","Black Eagle"
"243513","Black Eagle Carnivore Shafts .003 250 1 doz.","KIN-BE133250","Black Eagle"
"243514","Black Eagle Carnivore Shafts .003 300 1 doz.","KIN-BE133300","Black Eagle"
"243515","Black Eagle Carnivore Shafts .003 350 1 doz.","KIN-BE133350","Black Eagle"
"243516","Black Eagle Carnivore Shafts .003 400 1 doz.","KIN-BE133400","Black Eagle"
"243108","Black Eagle Outlaw Shafts .005 300 1 doz.","KIN-BE140300","Black Eagle"
"242971","Black Eagle Outlaw Shafts .005 350 1 doz.","KIN-BE140350","Black Eagle"
"243397","Black Eagle Outlaw Shafts .005 400 1 doz.","KIN-BE140400","Black Eagle"
"242972","Black Eagle Outlaw Shafts .005 500 1 doz.","KIN-BE140500","Black Eagle"
"243530","Black Eagle Spartan Shafts .003 300 1 doz.","KIN-BE170300","Black Eagle"
"243258","Black Eagle Spartan Shafts .003 350 1 doz.","KIN-BE170350","Black Eagle"
"243109","Black Eagle Spartan Shafts .003 400 1 doz.","KIN-BE170400","Black Eagle"
"243398","Black Eagle Spartan Shafts .003 500 1 doz.","KIN-BE170500","Black Eagle"
"243529","Black Eagle Spartan Shafts .001 300 1 doz.","KIN-BE180300","Black Eagle"
"243259","Black Eagle Spartan Shafts .001 350 1 doz.","KIN-BE180350","Black Eagle"
"243260","Black Eagle Spartan Shafts .001 400 1 doz.","KIN-BE180400","Black Eagle"
"243261","Black Eagle Spartan Shafts .001 500 1 doz.","KIN-BE180500","Black Eagle"
"243521","Black Eagle Instinct Traditional Shafts .005 350 1 doz.","KIN-BE190350","Black Eagle"
"243522","Black Eagle Instinct Traditional Shafts .005 400 1 doz.","KIN-BE190400","Black Eagle"
"243523","Black Eagle Instinct Traditional Shafts .005 500 1 doz.","KIN-BE190500","Black Eagle"
"243524","Black Eagle Instinct Traditional Shafts .005 600 1 doz.","KIN-BE190600","Black Eagle"
"243525","Black Eagle Renegade Shafts .005 250 1 doz.","KIN-BE200250","Black Eagle"
"243526","Black Eagle Renegade Shafts .005 300 1 doz.","KIN-BE200300","Black Eagle"
"243527","Black Eagle Renegade Shafts .005 350 1 doz.","KIN-BE200350","Black Eagle"
"243528","Black Eagle Renegade Shafts .005 400 1 doz.","KIN-BE200400","Black Eagle"
"243531","Black Eagle Vintage Traditional Shafts .005 350 1 doz.","KIN-BE210350","Black Eagle"
"243532","Black Eagle Vintage Traditional Shafts .005 400 1 doz.","KIN-BE210400","Black Eagle"
"243533","Black Eagle Vintage Traditional Shafts .005 500 1 doz.","KIN-BE210500","Black Eagle"
"243534","Black Eagle Vintage Traditional Shafts .005 600 1 doz.","KIN-BE210600","Black Eagle"
"243535","Black Eagle X-Impact Shafts .001 250 1 doz.","KIN-BE220250","Black Eagle"
"243536","Black Eagle X-Impact Shafts .001 300 1 doz.","KIN-BE220300","Black Eagle"
"243537","Black Eagle X-Impact Shafts .001 350 1 doz.","KIN-BE220350","Black Eagle"
"243538","Black Eagle X-Impact Shafts .001 400 1 doz.","KIN-BE220400","Black Eagle"
"243539","Black Eagle X-Impact Shafts .001 500 1 doz.","KIN-BE220500","Black Eagle"
"251944","Black Eagle Zombie Slayer Crossbow Shafts .001 20 in. 1 doz.","KIN-BE23020","Black Eagle"
"251945","Black Eagle Zombie Slayer Crossbow Shafts .001 22 in. 1 doz.","KIN-BE23022","Black Eagle"
"243540","Black Eagle Zombie Slayer Shafts .001 300 1 doz.","KIN-BE240300","Black Eagle"
"243541","Black Eagle Zombie Slayer Shafts .001 350 1 doz.","KIN-BE240350","Black Eagle"
"243542","Black Eagle Zombie Slayer Shafts .001 400 1 doz.","KIN-BE240400","Black Eagle"
"243543","Black Eagle Zombie Slayer Shafts .001 500 1 doz.","KIN-BE240500","Black Eagle"
"243544","Black Eagle Zombie Slayer Shafts .003 300 1 doz.","KIN-BE250300","Black Eagle"
"243545","Black Eagle Zombie Slayer Shafts .003 350 1 doz.","KIN-BE250350","Black Eagle"
"243546","Black Eagle Zombie Slayer Shafts .003 400 1 doz.","KIN-BE250400","Black Eagle"
"243547","Black Eagle Zombie Slayer Shafts .003 500 1 doz.","KIN-BE250500","Black Eagle"
"246771","Bear Archery Cruzer G2 RTH Bow Package Shadow Series 5-70 lbs. RH","KIN-BEA1702","BEAR"
"246772","Bear Archery Cruzer G2 RTH Bow Package Shadow Series 5-70 lbs. LH","KIN-BEA1703","BEAR"
"246773","Bear Archery Cruzer G2 RTH Bow Package Realtree Edge 5-70 lbs. RH","KIN-BEA1800","BEAR"
"246692","Bear Archery Cruzer G2 RTH Bow Package Realtree Edge 5-70 lbs. LH","KIN-BEA1801","BEAR"
"246693","Bear Archery Cruzer G2 RTH Package True Timber Kanati RH","KIN-BEA1804","BEAR"
"246774","Bear Archery Cruzer G2 RTH Bow Package Moonshine Toxic 5-70 lbs. RH","KIN-BEA1808","BEAR"
"246744","Bear Archery Cruzer G2 RTH Bow Package Veil Stoke 5-70 lbs. RH","KIN-BEA1900","BEAR"
"247083","Fred Bear Montana Longbow Black 40lbs. RH","KIN-BEA1908","BEAR"
"247091","Fred Bear Montana Longbow Black 45 lbs. RH","KIN-BEA1909","BEAR"
"247097","Fred Bear Montana Longbow Black 50 lbs. RH","KIN-BEA1910","BEAR"
"247085","Fred Bear Montana Longbow Black 55 lbs. RH","KIN-BEA1911","BEAR"
"246946","Fred Bear Grizzly Recurve Bow 58 in. 30 lbs. RH","KIN-BEA1920","BEAR"
"246899","Fred Bear Grizzly Recurve Bow 58 in. 35 lbs. RH","KIN-BEA1921","BEAR"
"246947","Fred Bear Grizzly Recurve Bow 58 in. 40 lbs. RH","KIN-BEA1922","BEAR"
"246998","Fred Bear Grizzly Recurve Bow 58 in. 45 lbs. RH","KIN-BEA1923","BEAR"
"246948","Fred Bear Grizzly Recurve Bow 58 in. 50 lbs. RH","KIN-BEA1924","BEAR"
"247030","Fred Bear Grizzly Recurve Bow 58 in. 55 lbs. RH","KIN-BEA1925","BEAR"
"247031","Fred Bear Grizzly Recurve Bow 58 in. 45 lbs. LH","KIN-BEA1926","BEAR"
"246847","Bear Royale RTH Package Realtree Edge LH","KIN-BEA1932","BEAR"
"246838","Bear Royale RTH Package Veil Stoke RH","KIN-BEA1933","BEAR"
"246848","Bear Royale RTH Package Veil Stoke LH","KIN-BEA1934","BEAR"
"246833","Bear Royale RTH Package Strata RH","KIN-BEA1935","BEAR"
"246834","Bear Royale RTH Package Strata LH","KIN-BEA1936","BEAR"
"246835","Bear Royale RTH Package Toxic RH","KIN-BEA1937","BEAR"
"246855","Bear Royale RTH Package Toxic LH","KIN-BEA1938","BEAR"
"246839","Bear Royale RTH Package Wildfire RH","KIN-BEA1939","BEAR"
"246840","Bear Royale RTH Package Wildfire LH","KIN-BEA1940","BEAR"
"246841","Bear Royale RTH Package Shadow LH","KIN-BEA1942","BEAR"
"246849","Bear Royale RTH Package Purple RH","KIN-BEA1943","BEAR"
"246836","Bear Royale RTH Package Purple LH","KIN-BEA1944","BEAR"
"246999","Fred Bear Mag A Riser Fred Bear Camo RH","KIN-BEA1963","BEAR"
"246900","Fred Bear Mag A Riser Moss Green RH","KIN-BEA1964","BEAR"
"246949","Fred Bear Kodiak Recurve Purple Heart 40 lb. RH","KIN-BEA1965","BEAR"
"247000","Fred Bear Kodiak Recurve Purple Heart 45 lbs. RH","KIN-BEA1966","BEAR"
"246950","Fred Bear Kodiak Recurve Purple Heart 50 lbs. RH","KIN-BEA1967","BEAR"
"246901","Fred Bear Super Kodiak Recurve 40 lbs. RH","KIN-BEA1969","BEAR"
"247032","Fred Bear Super Kodiak Recurve 45 lbs. RH","KIN-BEA1970","BEAR"
"246951","Fred Bear Super Kodiak Recurve 50 lbs. RH","KIN-BEA1971","BEAR"
"247033","Fred Bear Super Kodiak Recurve 45 lbs. LH","KIN-BEA1972","BEAR"
"247034","Fred Bear Super Grizzly Recurve 35 lbs. RH","KIN-BEA1973","BEAR"
"247035","Fred Bear Super Grizzly Recurve 45 lbs. RH","KIN-BEA1974","BEAR"
"246902","Fred Bear Super Grizzly Recurve 50 lbs. RH","KIN-BEA1975","BEAR"
"246952","Fred Bear Super Grizzly Recurve 45 lbs. LH","KIN-BEA1976","BEAR"
"247092","Fred Bear Montana Longbow 45 lbs. LH","KIN-BEA1977","BEAR"
"246745","Fred Bear Legit RTH Extra Package Realtree Edge 10-70 lbs. RH","KIN-BEA1978","BEAR"
"246746","Fred Bear Legit RTH Extra Package True Timber Strata 10-70 lbs. RH","KIN-BEA1980","BEAR"
"246747","Fred Bear Legit RTH Extra Package Fred Bear Camo 10-70 lbs. RH","KIN-BEA1982","BEAR"
"246748","Fred Bear Legit RTH Extra Package Shadow 10-70 lbs. RH","KIN-BEA1984","BEAR"
"246694","Fred Bear Legit RTH Package Realtree Edge 10-70 lbs. RH","KIN-BEA1986","BEAR"
"246695","Fred Bear Legit RTH Package Realtree Edge 10-70 lbs. LH","KIN-BEA1987","BEAR"
"246716","Fred Bear Legit RTH Package True Timber Strata 10-70 lbs. RH","KIN-BEA1990","BEAR"
"246775","Fred Bear Legit RTH Package True Timber Strata 10-70 lbs. LH","KIN-BEA1991","BEAR"
"246717","Fred Bear Legit RTH Package Fred Bear Camo 10-70 lbs. RH","KIN-BEA1992","BEAR"
"246749","Fred Bear Legit RTH Package Fred Bear Camo 10-70 lbs. LH","KIN-BEA1993","BEAR"
"246718","Fred Bear Legit RTH Package Wildfire 10-70 lbs. RH","KIN-BEA1994","BEAR"
"246719","Fred Bear Legit RTH Package Wildfire 10-70 lbs. LH","KIN-BEA1995","BEAR"
"246750","Fred Bear Legit RTH Package Undertow 10-70 lbs. RH","KIN-BEA1996","BEAR"
"246696","Fred Bear Legit RTH Package Undertow 10-70 lbs. LH","KIN-BEA1997","BEAR"
"246776","Fred Bear Legit RTH Package Muddy Girl 10-70 lbs. RH","KIN-BEA1998","BEAR"
"246751","Fred Bear Legit RTH Package Muddy Girl 10-70 lbs. LH","KIN-BEA1999","BEAR"
"246720","Fred Bear Legit RTH Package Toxic 10-70 lbs. RH","KIN-BEA2000","BEAR"
"246721","Fred Bear Legit RTH Package Toxic 10-70 lbs. LH","KIN-BEA2001","BEAR"
"246697","Fred Bear Legit RTH Package Shadow 10-70 lbs. LH","KIN-BEA2003","BEAR"
"246686","Bear Resurgence LD Bow Realtree Edge 45-60 lbs. RH","KIN-BEA2004","BEAR"
"246687","Bear Resurgence LD Bow Realtree Edge 55-70 lbs. RH","KIN-BEA2005","BEAR"
"246688","Bear Resurgence LD Bow Realtree Edge 55-70 lbs. LH","KIN-BEA2006","BEAR"
"246690","Bear Resurgence LD Bow Shadow 45-60 lbs. RH","KIN-BEA2007","BEAR"
"246691","Bear Resurgence LD Bow Shadow 55-70 lbs. RH","KIN-BEA2008","BEAR"
"246689","Bear Resurgence LD Bow Shadow 55-70 lbs. LH","KIN-BEA2009","BEAR"
"246800","Bear Species EV RTH Bow Package Realtree Edge 45-60 lbs. RH","KIN-BEA2012","BEAR"
"246801","Bear Species EV RTH Bow Package Realtree Edge 55-70 lbs. RH","KIN-BEA2013","BEAR"
"246803","Bear Species EV RTH Bow Package Realtree Edge 45-60 lbs. LH","KIN-BEA2014","BEAR"
"246805","Bear Species EV RTH Bow Package Realtree Edge 55-70 lbs. LH","KIN-BEA2015","BEAR"
"246804","Bear Species EV RTH Bow Package Veil Whitetail 45-60 lbs. RH","KIN-BEA2016","BEAR"
"246807","Bear Species EV RTH Bow Package Veil Whitetail 55-70 lbs. RH","KIN-BEA2017","BEAR"
"246802","Bear Species EV RTH Bow Package Fred Bear Camo 45-60 lbs. RH","KIN-BEA2018","BEAR"
"246808","Bear Species EV RTH Bow Package Fred Bear Camo 55-70 lbs. RH","KIN-BEA2019","BEAR"
"246806","Bear Species EV RTH Bow Package Fred Bear Camo 45-60 lbs. LH","KIN-BEA2020","BEAR"
"246810","Bear Species EV RTH Bow Package Fred Bear Camo 55-70 lbs. LH","KIN-BEA2021","BEAR"
"246809","Bear Species EV RTH Bow Package Mossy Oak Bottomland 45-60 lbs. RH","KIN-BEA2022","BEAR"
"246812","Bear Species EV RTH Bow Package Mossy Oak Bottomland 55-70 lbs. RH","KIN-BEA2023","BEAR"
"246811","Bear Species EV RTH Bow Package Shadow 45-60 lbs. RH","KIN-BEA2024","BEAR"
"246814","Bear Species EV RTH Bow Package Shadow 55-70 lbs. RH","KIN-BEA2025","BEAR"
"246813","Bear Species EV RTH Bow Package Shadow 45-60 lbs. LH","KIN-BEA2026","BEAR"
"246816","Bear Species EV RTH Bow Package Shadow 55-70 lbs. LH","KIN-BEA2027","BEAR"
"246815","Bear Species EV RTH Bow Package True Timber Strata 45-60 lbs. RH","KIN-BEA2028","BEAR"
"246817","Bear Species EV RTH Bow Package True Timber Strata 55-70 lbs. RH","KIN-bea2029","BEAR"
"246819","Bear Species EV RTH Bow Package True Timber Strata 45-60 lbs. LH","KIN-BEA2030","BEAR"
"246818","Bear Species EV RTH Bow Package True Timber Strata 55-70 lbs. LH","KIN-BEA2031","BEAR"
"246820","Bear Legit Inspire RTH Bow Package Inspire 10-70 lbs. RH","KIN-BEA2032","BEAR"
"246821","Bear Legit Inspire RTH Bow Package Inspire 10-70 lbs. LH","KIN-BEA2033","BEAR"
"246822","Bear Legit RTH Bow Package True Timber Strata 10-70 lbs. RH","KIN-BEA2034","BEAR"
"246828","Bear Legit RTH Bow Package Veil Whitetail 10-70 lbs. RH","KIN-BEA2035","BEAR"
"246827","Bear Legit RTH Bow Package Veil Whitetail 10-70 lbs. LH","KIN-BEA2036","BEAR"
"246824","Bear Legit RTH Bow Package Mossy Oak Bottomland 10-70 lbs. RH","KIN-BEA2037","BEAR"
"246825","Bear Cruzer G2 RTH Bow Package Realtree Edge 5-70 lbs. LH","KIN-BEA2039","BEAR"
"246826","Bear Cruzer G2 RTH Bow Package True Timber Strata 5-70 lbs. LH","KIN-BEA2041","BEAR"
"246823","Bear Cruzer G2 RTH Bow Package Shadow 5-70 lbs. LH","KIN-BEA2043","BEAR"
"246830","Bear Cruzer G2 RTH Bow Package Wildfire 5-70 lbs. RH","KIN-BEA2044","BEAR"
"246829","Bear Cruzer G2 RTH Bow Package Fred Bear Camo 5-70 lbs. RH","KIN-BEA2045","BEAR"
"246861","Bear Pathfinder Bow Package Black 29 lbs. RH","KIN-BEA2046","BEAR"
"247073","Bear Kodiak Recurve Shedua and Green 40 lbs. RH","KIN-BEA2047","BEAR"
"247074","Bear Kodiak Recurve Shedua and Green 45 lbs. RH","KIN-BEA2048","BEAR"
"247075","Bear Kodiak Recurve Shedua and Green 50 lbs. RH","KIN-BEA2049","BEAR"
"247076","Bear Kodiak Recurve Shedua and Green 40 lbs. LH","KIN-BEA2050","BEAR"
"247077","Bear Kodiak Recurve Shedua and Green 45 lbs. LH","KIN-BEA2051","BEAR"
"247078","Bear Kodiak Hunter Recurve Shedua and Gray 40 lbs. RH","KIN-BEA2052","BEAR"
"247079","Bear Kodiak Hunter Recurve Shedua and Gray 45 lbs. RH","KIN-BEA2053","BEAR"
"247080","Bear Kodiak Hunter Recurve Shedua and Gray 50 lbs. RH","KIN-BEA2054","BEAR"
"247081","Bear Kodiak Hunter Recurve Shedua and Gray 40 lbs. LH","KIN-BEA2055","BEAR"
"247082","Bear Kodiak Hunter Recurve Shedua and Gray 45 lbs. LH","KIN-BEA2056","BEAR"
"251712","Bear X Desire XL Pistol Crossbow Black","KIN-BRX1011","BEAR"
"251753","Bear X Impact Crossbow Package Veil Stoke","KIN-BRX1012","BEAR"
"251793","Bear X Desire RD Crossbow","KIN-BRX1015","BEAR"
"251795","Bear X Trek 380 Crossbow","KIN-BRX1016","BEAR"
"251794","Bear X Konflict 405 Crossbow","KIN-brx1017","BEAR"
"251796","Bear X Constrictor LT Crossbow","KIN-BRX1018","BEAR"
"243111","BloodSport Prosecutor Shafts 400 1 doz.","KIN-BS04400","Bloodsport"
"243262","BloodSport Punisher Shafts 300 1 doz.","KIN-BS06300","Bloodsport"
"252094","Gold Tip Swift Crossbow Bolts Custom Fletch 6 pk.","KIN-C64247","Gold Tip"
"252096","Gold Tip Swift Pro Crossbow Bolts Custom Fletch 6 pk.","KIN-C642477","Gold Tip"
"252098","Gold Tip Ballistic Crossbow Bolts Custom Fletch 6 pk.","KIN-C64257","Gold Tip"
"252097","Gold Tip Ballistic Pro Crossbow Bolts Custom Fletch 6 pk.","KIN-C642577","Gold Tip"
"242928","Easton X7 Eclipse Arrows Custom Fletch 6 pk.","KIN-C907","Easton"
"242712","Black Eagle Deep Impact .001 Arrows Special Order 6 pk","KIN-CBE1017","Black Eagle"
"242684","Black Eage Deep Impact .003 Arrows Special Order 6 pk.","KIN-CBE107","Black Eagle"
"242427","Black Eagle Rampage .001 Arrows Special Order 6 pk.","KIN-CBE117","Black Eagle"
"242685","Black Eagle Rampage .003 Arrows Special Order 6 pk.","KIN-CBE127","Black Eagle"
"242711","Black Eagle Carnivore .003 Arrows Special Order 6 pk","KIN-CBE1337","Black Eagle"
"242622","Black Eagle Carnivore .001 Arrows Special Order 6 pk.","KIN-CBE137","Black Eagle"
"242686","Black Eagle Outlaw Arrows Special Order 6 pk.","KIN-CBE147","Black Eagle"
"242623","Black Eagle Spartan .003 Arrows Special Order 6 pk.","KIN-CBE177","Black Eagle"
"242308","Black Eagle Spartan .001 Arrows Special Order 6 pk.","KIN-cbe187","Black Eagle"
"242713","Black Eagle Instinct Traditional .005 Arrows Special Order 6 pk","KIN-CBE1907","Black Eagle"
"242726","Black Eagle Renegade .005 Arrows Special Order 6 pk","KIN-CBE2007","Black Eagle"
"242736","Black Eagle Vintage Traditional .005 Arrows Special Order 6 pk","KIN-CBE2107","Black Eagle"
"242742","Black Eagle X-Impact .001 Arrows Special Order 6 pk","KIN-CBE2207","Black Eagle"
"242868","Black Eagle Zombie Slayer Crossbow .001 Arrows Special Order 6 pk","KIN-CBE2307","Black Eagle"
"242747","Black Eagle Zombie Slayer .001 Arrows Special Order 6 pk","KIN-CBE2407","Black Eagle"
"242752","Black Eagle Zombie Slayer .003 Arrows Special Order 6 pk","KIN-CBE2507","Black Eagle"
"242753","BloodSport Evidence Arrows Custom Fletch 6 pk.","KIN-CBS017","Bloodsport"
"242755","BloodSport Justice Arrows Custom Fletch 6 pk.","KIN-CBS037","Bloodsport"
"242754","BloodSport Judgement Arrows Custom Fletch 6 pk.","KIN-CBS057","Bloodsport"
"242797","Easton 6.5 Match Grade Arrows Custom Fletch 6 pk","KIN-CE1317","Easton"
"242793","Easton 6.5 Hunter Calssic Arrows Custom Fletch 6 pk","KIN-CE1327","Easton"
"242789","Easton 6.5 Bowhunter Arrows Custom Fletch 6 pk","KIN-CE1337","Easton"
"242775","Easton 4mm Full Metal Jacket Match Grade Arrows Custom Fletch 6 pk.","KIN-CE1367","Easton"
"242771","Easton 4mm Full Metal Jacket Arrows Custom Fletch 6 pk.","KIN-CE1377","Easton"
"242784","Easton 4mm Axis Long Range Match Grade Arrows Custom Fletch 6 pk.","KIN-CE1387","Easton"
"242780","Easton 4mm Axis Long Range Arrows Custom Fletch 6 pk.","KIN-CE1397","Easton"
"242798","Easton 6.5 Whiteout Arrows Custom Fletch 6 pk.","KIN-CE1407","Easton"
"242803","Easton Carbon Legacy Arrows Custom Fletch 6 pk.","KIN-CE1427","Easton"
"242869","Easton 9mm Bolt Arrows Custom Fletch 6 pk.","KIN-CE1437","Easton"
"242687","Easton Powerflight Arrows 340 Blazer Vanes 6 pk.","KIN-CE2381340","Easton"
"242625","Easton Powerflight Arrows 400 Blazer Vanes 6 pk.","KIN-CE2381400","Easton"
"242428","Easton Powerflight Arrows 500 Blazer Vanes 6 pk.","KIN-CE2381500","Easton"
"242309","Easton Axis Arrows Special Order 6 pk.","KIN-CE617","Easton"
"242689","Easton Bloodline 6MM Arrows Custom Fletch 6 pk.","KIN-CE637","Easton"
"242430","Easton Carbon Ion Arrows Blue Special Order 6 pk.","KIN-CE667","Easton"
"242691","Easton Hexx 6MM Arrows Custom Fletch 6 pk.","KIN-CE737","Easton"
"242310","Easton FMJ Injexion Arrows Special Order 6 pk.","KIN-CE857","Easton"
"242432","Easton 6mm Full Metal Jacket Arrows Custom Fletch 6 pk.","KIN-CE977","Easton"
"242694","Easton Inspire Arrows Custom Fletch 6 pk.","KIN-CE987","Easton"
"242628","Gold Tip Ted Nugent Arrows White Custom Fletch 6 pk.","KIN-CG1017","Gold Tip"
"242695","Gold Tip Ted Nugent Arrows Pink Custom Fletch 6 pk.","KIN-CG1027","Gold Tip"
"242433","Gold Tip Ted Nugent Arrows Purple Custom Fletch 6 pk.","KIN-CG1037","Gold Tip"
"242629","Gold Tip Traditional Arrows Custom Fletch 6 pk.","KIN-CG1077","Gold Tip"
"242696","Gold Tip Traditional XT Arrows Custom Fletch 6 pk.","KIN-CG1087","Gold Tip"
"242697","Gold Tip Pierce Arrows Custom Fletch 6 pk.","KIN-CG1107","Gold Tip"
"242434","Gold Tip Pierce Platinum Arrows Custom Fletch 6 pk.","KIN-CG1117","Gold Tip"
"242313","Gold Tip Traditional Classic Arrows Custom Fletch 6 pk.","KIN-CG1147","Gold Tip"
"242698","Gold Tip Traditional Classic XT Arrows Custom Fletch 6 pk.","KIN-CG1157","Gold Tip"
"242818","Gold Tip Valkyrie Arrows Custom Fletch 6 pk.","KIN-CG1167","Gold Tip"
"242819","Gold Tip Valkyrie XT Arrows Custom Fletch 6 pk.","KIN-CG1177","Gold Tip"
"242824","Gold Tip Pierce Tour Arrows Custom Fletch 6 pk.","KIN-CG1187","Gold Tip"
"242829","Gold Tip X-Cutter Plus Arrows Custom Fletch 6 pk.","KIN-CG2007","Gold Tip"
"242826","Gold Tip 22 Series Pro Arrows Custom Fletch 6 pk.","KIN-CG2017","Gold Tip"
"242825","Gold Tip 22 Series Plus Arrows Custom Fletch 6 pk.","KIN-CG2027","Gold Tip"
"242821","Gold Tip 30X Pro Arrows Custom Fletch 6 pk.","KIN-CG2037","Gold Tip"
"242820","Gold Tip 30X Plus Arrows Custom Fletch 6 pk.","KIN-CG2047","Gold Tip"
"242823","Gold Tip 9.3 Max Pro Arrows Custom Fletch 6 pk.","KIN-CG2057","Gold Tip"
"242828","Gold Tip Triple X Pro Arrows Custom Fletch 6 pk.","KIN-CG2077","Gold Tip"
"242827","Gold Tip Triple X Plus Arrows Custom Fletch 6 pk.","KIN-CG2087","Gold Tip"
"242830","Gold Tip X-Cutter Pro Arrows Custom Fletch 6 pk.","KIN-CG2097","Gold Tip"
"242817","Gold Tip Black Label Quantum Arrows Custom Fletch 6 pk.","KIN-CG307","Gold Tip"
"242816","Gold Tip Black Label Arrows Custom Fletch 6 pk.","KIN-CG37","Gold Tip"
"242435","Gold Tip Hunter Pro Arrows Custom Fletch 6 pk.","KIN-CG787","Gold Tip"
"242630","Gold Tip Hunter XT Arrows Custom Fletch 6 pk.","KIN-CG797","Gold Tip"
"242699","Gold Tip Hunter Arrows Custom Fletch 6 pk.","KIN-CG807","Gold Tip"
"242632","Gold Tip Kinetic Kaos Arrows Custom Fletch 6 pk.","KIN-CG857","Gold Tip"
"242700","Gold Tip Kinetic Arrows Custom Fletch 6 pk.","KIN-CG867","Gold Tip"
"242436","Gold Tip Velocity Pro Arrows Custom Fletch 6 pk.","KIN-CG877","Gold Tip"
"242437","Gold Tip Velocity XT Arrows Custom Fletch 6 pk.","KIN-CG887","Gold Tip"
"242314","Gold Tip Velocity Arrows Custom Fletch 6 pk.","KIN-CG897","Gold Tip"
"242315","Gold Tip Ultralight Pro Arrows Custom Fletch 6 pk.","KIN-CG907","Gold Tip"
"242438","Gold Tip Ultralight Arrows Custom Fletch 6 pk.","KIN-CG917","Gold Tip"
"242633","Gold Tip Ultralight Entrada Arrows Custom Fletch 6 pk.","KIN-CG927","Gold Tip"
"242822","Gold Tip AirStrike Arrows Custom Fletch 6 pk.","KIN-CG9307","Gold Tip"
"242867","Gold Tip Lightning Arrows Custom Fletch 6 pk.","KIN-CG9607","Gold Tip"
"251801","CenterPoint Dagger 405 Crossbow Package","KIN-CPT1000","Centerpoint"
"251802","CenterPoint Tradition 405 Crossbow Package","KIN-CPT1001","Centerpoint"
"251803","CenterPoint Amped 425 SC Crossbow Package Silent Crank","KIN-CPT1002","Centerpoint"
"251808","CenterPoint Wrath 430 SC Crossbow Package Silent Crank","KIN-CPT1003","Centerpoint"
"251807","CenterPoint Wrath 430X Crossbow Package","KIN-CPT1004","Centerpoint"
"251806","CenterPoint Tyro Crossbow Package","KIN-CPT1005","Centerpoint"
"251804","CenterPoint Hellion 400 Crossbow Package","KIN-CPT1006","Centerpoint"
"251805","CenterPoint Hornet Crossbow Pacakge","KIN-CPT1007","Centerpoint"
"251692","Cold Steel Cheap Shot 130 Crossbow","KIN-CST0130","Cold Steel"
"242841","Victory VForce TKO Gamer Low Torque Arrows Custom Fletch 6 pk.","KIN-CV10007","Victory"
"242843","Victory VForce TKO Sport Low Torque Arrows Custom Fletch 6 pk.","KIN-CV10107","Victory"
"242840","Victory VFoce Elite Arrows Custom Fletch 6 pk.","KIN-CV10207","Victory"
"242848","Victory VAP Gamer Target Arrows Custom Fletch 6 pk.","KIN-CV10407","Victory"
"242849","Victory VAP Sport Target Arrows Custom Fletch 6 pk.","KIN-CV10507","Victory"
"242845","Victory 3DHV Gamer Arrows Custom Fletch 6 pk.","KIN-CV10607","Victory"
"242316","Victory VAP Gamer Arrows Custom Fletch 6 pk.","KIN-CV387","Victory"
"242317","Victory VAP Sport Arrows Custom Fletch 6 pk.","KIN-CV397","Victory"
"242318","Victory V-Force Gamer Arrows Custom Fletch 6 pk.","KIN-CV427","Victory"
"242319","Victory V-Force Sport Arrows Custom Fletch 6 pk.","KIN-CV437","Victory"
"242439","Victory VAP Elite Arrows Custom Fletch 6 pk.","KIN-CV487","Victory"
"242635","Victory RIP XV Elite Arrows Custom Fletch 6 pk.","KIN-CV557","Victory"
"242636","Victory RIP XV Gamer Arrows Custom Fletch 6 pk.","KIN-CV567","Victory"
"242637","Victory RIP XV Sport Arrows Custom Fletch 6 pk.","KIN-CV577","Victory"
"242320","Victory 3DHVEliteTarget Arrows Custom Fletch 6 pk.","KIN-CV597","Victory"
"242321","Victory NVX 23 Sport Target Arrows Custom Fletch 6 pk.","KIN-CV617","Victory"
"242838","Victory VAP TKO Elite Arrows Custom Fletch 6 pk.","KIN-CV687","Victory"
"242862","Vistory VXT Elite Taper Target Arrows Custom Fletch 6 pk.","KIN-CV717","Victory"
"242863","Victory VXT Gamer Taper Target Arrows Custom Fletch 6 pk.","KIN-CV727","Victory"
"242864","Victory VXT Sport Taper Target Arrows Custom Fletch 6 pk.","KIN-CV737","Victory"
"242847","Victory VAP Elite Target Arrows Custom Fletch 6 pk.","KIN-CV747","Victory"
"242846","Victory 3DHV Sport Arrows Custom Fletch 6 pk.","KIN-CV767","Victory"
"242844","Victory XTorsion Gamer Arrows Custom Fletch 6 pk.","KIN-CV787","Victory"
"242842","Victory VForce TKO Low Torque Elite Arrows Custom Fletch 6 pk.","KIN-CV807","Victory"
"242835","Victory VAP SS Elite Arrows Custom Fletch 6pk","KIN-CV817","Victory"
"242836","Victory VAP SS Gamer Arrows Custom Fletch 6pk","KIN-CV827","Victory"
"242837","Victory VAP SS Sport Arrows Custom Fletch 6pk","KIN-CV837","Victory"
"242853","Victory V-Tac 23 Elite Arrows Custom Fletch 6pk","KIN-CV857","Victory"
"242854","Victory V-Tac 23 Gamer Arrows Custom Fletch 6pk","KIN-CV867","Victory"
"242855","Victory V-Tac 23 Sport Arrows Custom Fletch 6pk","KIN-CV877","Victory"
"242856","Victory V-Tac 25 Elite Arrows Custom Fletch 6pk","KIN-CV887","Victory"
"242857","Victory V-Tac 25 Gamer Arrows Custom Fletch 6pk","KIN-CV897","Victory"
"242858","Victory V-Tac 25 Sport Arrows Custom Fletch 6pk","KIN-CV907","Victory"
"242859","Victory V-Tac 27 Elite Arrows Custom Fletch 6pk","KIN-CV917","Victory"
"242860","Victory V-Tac Gamer Arrows Custom Fletch 6pk","KIN-CV927","Victory"
"242834","Victory RIP TKO Low Torque Gamer Arrows Custom Fletch 6 pk.","KIN-CV9607","Victory"
"242831","Victory RIP Elite Arrows Custom Fletch 6 pk.","KIN-CV9707","Victory"
"242832","Victory RIP Gamer Arrows Custom Fletch 6 pk.","KIN-CV9807","Victory"
"242833","Victory RIP Sport Arrows Custom Fletch 6 pk.","KIN-CV9907","Victory"
"242701","Carbon Express Predator Arrows Custom Fletch 6 pk.","KIN-CX517","CARBON EXPRESS"
"242323","Carbon Express Maxima Red Arrows Custom Fletch 6 pk.","KIN-CX747","CARBON EXPRESS"
"242760","Carbon Express Maxima Red SD Arrows Custom Fletch 6 pk.","KIN-CX8617","CARBON EXPRESS"
"242765","Carbon Express Tank 23D Arrows Custom Fletch 6 pk.","KIN-CX8747","CARBON EXPRESS"
"242767","Carbon Express Tank 27 Arrows Custom Fletch 6 pk.","KIN-CX8757","CARBON EXPRESS"
"242766","Carbon Express Tank 25 Arrows Custom Fletch 6pk.","KIN-CX8797","CARBON EXPRESS"
"242763","Carbon Express Maxima Triad Arrows Custom 6 pk.","KIN-CX8827","CARBON EXPRESS"
"242757","Carbon Express D-Stroyer MX Hunter Arrows Custom 6 pk.","KIN-CX8837","CARBON EXPRESS"
"242759","Carbon Express D-Stroyer SD Arrows Custom 6 pk.","KIN-CX8847","CARBON EXPRESS"
"242756","Carbon Express D-Stroyer Arrows Custom 6 pk.","KIN-CX8857","CARBON EXPRESS"
"242764","Carbon Express Maxima XRZ Select Arrows Custom Fletch 6pk.","KIN-CX887","CARBON EXPRESS"
"242762","Carbon Express Maxima Red Contour SD Arrows Custom Fletch 6 pk.","KIN-CX897","CARBON EXPRESS"
"242761","Carbon Express Maxima Red Contour Arrows Custom Fletched 6 pk.","KIN-CX907","CARBON EXPRESS"
"242758","Carbon Express D-Stroyer Piledriver Arrows Custom Fletched 6 pk.","KIN-CX917","CARBON EXPRESS"
"242778","Easton 5mm Full Metal Jacket Match Grade Arrows Custom Fletch 1 doz.","KIN-DE1117","Easton"
"242786","Easton 5mm Axis Match Grade Arrows Custom Fletch 1 doz.","KIN-DE1127","Easton"
"242787","Easton 5mm Axis Sport Arrows Custom Fletch 1 doz.","KIN-DE1237","Easton"
"242776","Easton 5mm Full Metal Jacket Arrows Custom Fletch 1 doz.","KIN-DE527","Easton"
"242777","Easton 5mm Full Metal Jacket Dangerous Game Arrows Custom Fletch 1 doz.","KIN-DE537","Easton"
"242785","Easton 5mm Axis Arrows Custom Fletch 1 doz.","KIN-DE617","Easton"
"242788","Easton 5mm Axis Traditional Arrows Custom Fletch 1 doz.","KIN-DE717","Easton"
"251756","Strykezone SolutionLS Crossbow Package Realtree AP Green","KIN-DIA10024","Stryker"
"251693","Stryker Offspring Crossbow Pkg Mossy Oak Country","KIN-DIA1269","Stryker"
"251463","Diamond Edge Sonar Bow Neptune RH","KIN-DIA1288","Diamond"
"251446","Diamond Edge Sonar Bow Neptune LH","KIN-DIA1289","Diamond"
"246777","Diamond Carbon Knockout RAK Bow Package Mossy Oak Break Up Country 60 lbs. LH","KIN-DIA1325","Diamond"
"246752","Diamond Carbon Knockout RAK Bow Package Carbon Fiber 40 lbs. RH","KIN-DIA1326","Diamond"
"246722","Diamond Carbon Knockout RAK Bow Package Mossy Oak Break Up Country 50 lbs. RH","KIN-DIA1327","Diamond"
"246753","Diamond Carbon Knockout RAK Bow Package Carbon Fiber 50 lbs. RH","KIN-DIA1328","Diamond"
"246698","Diamond Carbon Knockout RAK Bow Package Mossy Oak Break Up Country 60 lbs. RH","KIN-DIA1329","Diamond"
"246723","Diamond Deploy SB RAK Bow Package Mossy Oak Break Up Country 60 lbs. LH","KIN-DIA1330","Diamond"
"246724","Diamond Deploy SB RAK Bow Package Mossy Oak Break Up Country 70 lbs. LH","KIN-DIA1331","Diamond"
"246699","Diamond Deploy SB RAK Bow Package Mossy Oak Break Up Country 60 lbs. RH","KIN-DIA1332","Diamond"
"246778","Diamond Deploy SB RAK Bow Package Carbon Fiber 60 lbs. RH","KIN-DIA1333","Diamond"
"246754","Diamond Deploy SB RAK Bow Package Mossy Oak Break Up Country 70 lbs. RH","KIN-DIA1334","Diamond"
"246779","Diamond Deploy SB RAK Bow Package Carbon Fiber 70 lbs. RH","KIN-DIA1335","Diamond"
"246700","Diamond Edge 320 Bow Package Black 70 lbs. LH","KIN-DIA1336","Diamond"
"246701","Diamond Edge 320 Bow Package Mossy Oak Break Up Country 70 lbs. LH","KIN-DIA1337","Diamond"
"246755","Diamond Edge 320 Bow Package Black 70 lbs. RH","KIN-DIA1338","Diamond"
"246756","Diamond Edge 320 Bow Package Mossy Oak Break Up Country 70 lbs. RH","KIN-DIA1339","Diamond"
"246702","Diamond Edge 320 Bow Package Purple Blaze 70 lbs. RH","KIN-DIA1340","Diamond"
"246725","Diamond Infinite Edge Pro Bow Package Mossy Oak Break Up Country 13-31 in. 70 lbs. LH","KIN-DIA1342","Diamond"
"246726","Diamond Infinite Edge Pro Bow Package Pink 13-31 in. 70 lbs. LH","KIN-DIA1343","Diamond"
"246780","Diamond Infinite Edge Pro Bow Package Black 13-31 in. 70 lbs. RH","KIN-DIA1344","Diamond"
"246727","Diamond Infinite Edge Pro Bow Package Mossy Oak Break Up Country 13-31 in. 70 lbs. RH","KIN-DIA1345","Diamond"
"246728","Diamond Infinite Edge Pro Bow Package Pink 13-31 in. 70 lbs. RH","KIN-DIA1346","Diamond"
"246757","Diamond Prism Bow Package Black 18-30 in. 5-55 lbs. LH","KIN-DIA1347","Diamond"
"246781","Diamond Prism Bow Package Mossy Oak Break Up Country 18-30 in. 5-55 lbs. LH","KIN-DIA1348","Diamond"
"246703","Diamond Prism Bow Package Electric Blue 18-30 in. 5-55 lbs. LH","KIN-DIA1349","Diamond"
"246704","Diamond Prism Bow Package Purple 18-30 in. 5-55 lbs. LH","KIN-DIA1350","Diamond"
"246782","Diamond Prism Bow Package Black 18-30 in. 5-55 lbs. RH","KIN-DIA1351","Diamond"
"246758","Diamond Prism Bow Package Mossy Oak Break Up Country 18-30 in. 5-55 lbs. RH","KIN-DIA1352","Diamond"
"246759","Diamond Prism Bow Package Bright Orange 18-30 in. 5-55 lbs. RH","KIN-DIA1353","Diamond"
"246783","Diamond Prism Bow Package Electric Blue 18-30 in. 5-55 lbs. RH","KIN-DIA1354","Diamond"
"246760","Diamond Prism Bow Package Neon Green 18-30 in. 5-55 lbs. RH","KIN-DIA1355","Diamond"
"246761","Diamond Prism Bow Package Purple 18-30 in. 5-55 lbs. RH","KIN-DIA1356","Diamond"
"246705","Diamond Infinite 305 Bow Package Black 70 lb. LH","KIN-DIA1359","Diamond"
"246706","Diamond Infinite 305 Bow Package Mossy Oak Break Up Country 70 lb. LH","KIN-DIA1360","Diamond"
"246784","Diamond Infinite 305 Bow Package Green Country Roots 70 lb. LH","KIN-DIA1361","Diamond"
"246729","Diamond Infinite 305 Bow Package Teal Country Roots 70 lb. LH","KIN-DIA1362","Diamond"
"246730","Diamond Infinite 305 Bow Package Black 70 lb. RH","KIN-DIA1363","Diamond"
"246785","Diamond Infinite 305 Bow Package Mossy Oak break Up Country 70 lb. RH","KIN-DIA1364","Diamond"
"246731","Diamond Infinite 305 Bow Package Green Country Roots 70 lb. RH","KIN-DIA1365","Diamond"
"246732","Diamond Infinite 305 Bow Package Teal Country Roots 70 lb. RH","KIN-DIA1366","Diamond"
"246680","Diamond Edge XT Bow Black 20-70lb 19-31 in. RH","KIN-DIA1367","Diamond Edge XT Bow"
"246681","Diamond Edge XT Bow Mossy Oak Breakup Country 20-70lb 19-31 in. RH","KIN-DIA1368","Diamond Edge XT Bow"
"246682","Diamond Edge XT Bow Moss Oak Green Country Roots 20-70lb 19-31 in. RH","KIN-DIA1369","Diamond Edge XT Bow"
"246683","Diamond Edge XT Bow Mossy Oak Teal Country Roots 20-70lb 19-31 in. RH","KIN-DIA1370","Diamond Edge XT Bow"
"246684","Diamond Edge XT Bow Black 20-70lb 19-31 in. LH","KIN-DIA1371","Diamond Edge XT Bow"
"246685","Diamond Edge XT Bow Mossy Oak Breakup Country 20-70lb 19-31 in. LH","KIN-DIA1372","Diamond Edge XT Bow"
"243549","Easton 5mm Full Metal Jacket Match Grade Shafts 250 1 doz.","KIN-E111250","Easton"
"243550","Easton 5mm Full Metal Jacket Match Grade Shafts 300 1 doz.","KIN-E111300","Easton"
"243399","Easton 5mm Full Metal Jacket Match Grade Shafts 340 1 doz.","KIN-E111340","Easton"
"243400","Easton 5mm Full Metal Jacket Match Grade Shafts 400 1 doz.","KIN-E111400","Easton"
"243112","Easton 5mm Full Metal Jacket Match Grade Shafts 500 1 doz.","KIN-E111500","Easton"
"243113","Easton 5mm Axis Match Grade Shafts 260 1 doz.","KIN-E112260","Easton"
"243263","Easton 5mm Axis Match Grade Shafts 300 1 doz.","KIN-E112300","Easton"
"243264","Easton 5mm Axis Match Grade Shafts 400 1 doz.","KIN-E112400","Easton"
"243574","Easton A/C/E Shafts 400 1 doz.","KIN-E113400","Easton"
"243265","Easton SuperDrive 27 Pro Shafts S Nock 1 doz.","KIN-E114","Easton"
"243266","Easton SuperDrive 27 Pro Shafts G Nock 1 doz.","KIN-E115","Easton"
"243267","Easton SuperDrive 27 Shafts S Nock 1 doz.","KIN-E116","Easton"
"243401","Easton SuperDrive 27 Shafts G Nock 1 doz.","KIN-E117","Easton"
"242974","Easton X10 Protour Shafts 670 1 doz.","KIN-E120670","Easton"
"243402","Easton X10 Protour Shafts 720 1 doz.","KIN-E120720","Easton"
"243403","Easton X10 Protour Shafts 770 1 doz.","KIN-E120770","Easton"
"242975","Easton ProComp Target Shafts 1000 1 doz.","KIN-E1211000","Easton"
"243114","Easton ProComp Target Shafts 1150 1 doz.","KIN-E1211150","Easton"
"243570","Easton ProComp Target Shafts 250 1 doz.","KIN-E121250","Easton"
"242976","Easton ProComp Target Shafts 300 1 doz.","KIN-E121300","Easton"
"243268","Easton ProComp Target Shafts 340 1 doz.","KIN-E121340","Easton"
"243404","Easton ProComp Target Shafts 380 1 doz.","KIN-E121380","Easton"
"242977","Easton ProComp Target Shafts 420 1 doz.","KIN-E121420","Easton"
"243405","Easton ProComp Target Shafts 470 1 doz.","KIN-E121470","Easton"
"243115","Easton ProComp Target Shafts 520 1 doz.","KIN-E121520","Easton"
"243406","Easton ProComp Target Shafts 610 1 doz.","KIN-E121610","Easton"
"243116","Easton ProComp Target Shafts 660 1 doz.","KIN-E121660","Easton"
"243269","Easton ProComp Target Shafts 710 1 doz.","KIN-E121710","Easton"
"243117","Easton ProComp Target Shafts 810 1 doz.","KIN-E121810","Easton"
"242978","Easton ProComp Target Shafts 880 1 doz.","KIN-E121880","Easton"
"243607","Easton 5mm Axis Sport Shafts 200 1 doz.","KIN-E123200","Easton"
"243555","Easton 5mm Axis Sport Shafts 260 1 doz.","KIN-E123260","Easton"
"243556","Easton 5mm Axis Sport Shafts 300 1 doz.","KIN-E123300","Easton"
"243557","Easton 5mm Axis Sport Shafts 340 1 doz.","KIN-E123340","Easton"
"243558","Easton 5mm Axis Sport Shafts 400 1 doz.","KIN-E123400","Easton"
"243118","Easton 5mm Axis Sport Shafts 500 1 doz.","KIN-E123500","Easton"
"243119","Easton 5mm Axis Sport Shafts 600 1 doz.","KIN-E123600","Easton"
"243120","Easton 5mm Axis Sport Shafts 700 1 doz.","KIN-E123700","Easton"
"243631","Easton X23 Shafts 2312 1 doz.","KIN-E1252312","Easton"
"243616","Easton X23 Shafts 2314 1 doz.","KIN-E1252314","Easton"
"243617","Easton X23 Shafts 2315 1 doz.","KIN-E1252315","Easton"
"243645","Easton X23 Shafts 2318 1 doz.","KIN-E1252318","Easton"
"243618","Easton X27 Shafts 2712 Black/Silver 1 doz.","KIN-E1262712","Easton"
"243654","Easton RX-7 Shafts 21/525 1 doz.","KIN-E127RX21","Easton"
"243619","Easton RX-7 Shafts 22/475 1 doz.","KIN-E127RX22","Easton"
"243620","Easton RX-7 Shafts 23/420 1 doz.","KIN-E127RX23","Easton"
"243666","Easton Genesis Shafts Teal 1820 1 doz.","KIN-E1281820","Easton"
"243571","Easton SuperDrive 19 Shafts G Uni Bushing 330 1 doz.","KIN-E129330","Easton"
"243572","Easton SuperDrive 19 Shafts G Uni Bushing 380 1 doz.","KIN-E129380","Easton"
"243573","Easton SuperDrive 19 Shafts G Uni Bushing 460 1 doz.","KIN-E129460","Easton"
"243551","Easton AC ProComp Hunter Shafts 250 1 doz.","KIN-E130250","Easton"
"243552","Easton AC ProComp Hunter Shafts 300 1 doz.","KIN-E130300","Easton"
"243553","Easton AC ProComp Hunter Shafts 340 1 doz.","KIN-E130340","Easton"
"243554","Easton AC ProComp Hunter Shafts 380 1 doz.","KIN-E130380","Easton"
"242980","Easton 6.5 Match Grade Shafts 250 1 doz.","KIN-E131250","Easton"
"243566","Easton 6.5 Match Grade Shafts 300 1 doz.","KIN-E131300","Easton"
"243567","Easton 6.5 Match Grade Shafts 340 1 doz.","KIN-E131340","Easton"
"243568","Easton 6.5 Match Grade Shafts 400 1 doz.","KIN-E131400","Easton"
"243569","Easton 6.5 Match Grade Shafts 500 1 doz.","KIN-E131500","Easton"
"243271","Easton 6.5 Hunter Classic Shafts 250 1 doz.","KIN-E132250","Easton"
"243562","Easton 6.5 Hunter Classic Shafts 300 1 doz.","KIN-E132300","Easton"
"243563","Easton 6.5 Hunter Classic Shafts 340 1 doz.","KIN-E132340","Easton"
"243564","Easton 6.5 Hunter Classic Shafts 400 1 doz.","KIN-E132400","Easton"
"243565","Easton 6.5 Hunter Classic Shafts 500 1 doz.","KIN-E132500","Easton"
"242794","Easton 6.5 Hunter Classic Arrows 340 Blazer Vanes 36 pk.","KIN-E13291340","Easton"
"242795","Easton 6.5 Hunter Classic Arrows 400 Blazer Vanes 36 pk.","KIN-E13291400","Easton"
"242796","Easton 6.5 Hunter Classic Arrows 500 Blazer Vanes 36 pk.","KIN-E13291500","Easton"
"243272","Easton 6.5 Bowhunter Shafts 250 1 doz.","KIN-E133250","Easton"
"243559","Easton 6.5 Bowhunter Shafts 340 1 doz.","KIN-E133340","Easton"
"243560","Easton 6.5 Bowhunter Shafts 400 1 doz.","KIN-E133400","Easton"
"243561","Easton 6.5 Bowhunter Shafts 500 1 doz.","KIN-E133500","Easton"
"242790","Easton 6.5 Bowhunter Arrows 340 Blazer Vanes 36 pk.","KIN-E13391340","Easton"
"242791","Easton 6.5 Bowhunter Arrows 400 Blazer Vanes 36 pk.","KIN-E13391400","Easton"
"242792","Easton 6.5 Bowhunter Arrows 500 Blazer Vanes 36 pk.","KIN-E13391500","Easton"
"243273","Easton 5mm Full Metal Jacket Legend Shafts 300 1 doz.","KIN-E134300","Easton"
"243274","Easton 5mm Full Metal Jacket Legend Shafts 340 1 doz.","KIN-E134340","Easton"
"242981","Easton 6.5mm Matrix Shafts 300 1 doz.","KIN-E135300","Easton"
"243407","Easton 6.5mm Matrix Shafts 340 1 doz.","KIN-E135340","Easton"
"243121","Easton 6.5mm Matrix Shafts 400 1 doz.","KIN-E135400","Easton"
"242982","Easton 6.5mm Matrix Shafts 500 1 doz.","KIN-E135500","Easton"
"243122","Easton 4mm Full Metal Jacket Match Grade Shafts 250 1 doz.","KIN-E136250","Easton"
"243408","Easton 4mm Full Metal Jacket Match Grade Shafts 300 1 doz.","KIN-E136300","Easton"
"242983","Easton 4mm Full Metal Jacket Match Grade Shafts 340 1 doz.","KIN-E136340","Easton"
"243275","Easton 4mm Full Metal Jacket Match Grade Shafts 400 1 doz.","KIN-E136400","Easton"
"243409","Easton 4mm Full Metal Jacket Shafts 250 1 doz.","KIN-E137250","Easton"
"243410","Easton 4mm Full Metal Jacket Shafts 300 1 doz.","KIN-E137300","Easton"
"242984","Easton 4mm Full Metal Jacket Shafts 340 1 doz.","KIN-E137340","Easton"
"243411","Easton 4mm Full Metal Jacket Shafts 400 1 doz.","KIN-E137400","Easton"
"242772","Easton 4mm Full Metal Jacket Arrows 300 Blazer Vanes 36 pk.","KIN-E13791300","Easton"
"242773","Easton 4mm Full Metal Jacket Arrows 340 Blazer Vanes 36 pk.","KIN-E13791340","Easton"
"242774","Easton 4mm Full Metal Jacket Arrows 400 Blazer Vanes 36 pk.","KIN-E13791400","Easton"
"243123","Easton 4mm Axis Long Range Match Grade Shafts 250 1 doz.","KIN-E138250","Easton"
"242985","Easton 4mm Axis Long Range Match Grade Shafts 300 1 doz.","KIN-E138300","Easton"
"243276","Easton 4mm Axis Long Range Match Grade Shafts 340 1 doz.","KIN-E138340","Easton"
"243277","Easton 4mm Axis Long Range Match Grade Shafts 400 1 doz.","KIN-E138400","Easton"
"243412","Easton 4mm Axis Long Range Shafts 250 1 doz.","KIN-E139250","Easton"
"243413","Easton 4mm Axis Long Range Shafts 300 1 doz.","KIN-E139300","Easton"
"243414","Easton 4mm Axis Long Range Shafts 340 1 doz.","KIN-E139340","Easton"
"242986","Easton 4mm Axis Long Range Shafts 400 1 doz.","KIN-E139400","Easton"
"242782","Easton 4mm Axis Long Range Arrows 340 Blazer Vanes 36 pk.","KIN-E13991340","Easton"
"242783","Easton 4mm Axis Long Range Arrows 400 Blazer Vanes 36 pk.","KIN-E13991400","Easton"
"243415","Easton 6.5 Whiteout Shafts 300 1 doz.","KIN-E140300","Easton"
"243124","Easton 6.5 Whiteout Shafts 340 1 doz.","KIN-E140340","Easton"
"243125","Easton 6.5 Whiteout Shafts 400 1 doz.","KIN-E140400","Easton"
"243126","Easton 6.5 Whiteout Shafts 500 1 doz.","KIN-E140500","Easton"
"242799","Easton 6.5 Whiteout Arrows 300 Blazer Vanes 36 pk.","KIN-E14091300","Easton"
"242800","Easton 6.5 Whiteout Arrows 340 Blazer Vanes 36 pk.","KIN-E14091340","Easton"
"242801","Easton 6.5 Whiteout Arrows 400 Blazer Vanes 36 pk.","KIN-E14091400","Easton"
"242802","Easton 6.5 Whiteout Arrows 500 Blazer Vanes 36 pk.","KIN-E14091500","Easton"
"243278","Easton 6.5 Matrix Match Grade Shafts 340 1 doz.","KIN-E141340","Easton"
"243416","Easton 6.5 Matrix Match Grade Shafts 400 1 doz.","KIN-E141400","Easton"
"243279","Easton 6.5 Matrix Match Grade Shafts 500 1 doz.","KIN-E141500","Easton"
"243280","Easton Carbon Legacy Shafts 340 1 doz.","KIN-E142340","Easton"
"243281","Easton Carbon Legacy Shafts 400 1 doz.","KIN-E142400","Easton"
"243282","Easton Carbon Legacy Shafts 500 1 doz.","KIN-E142500","Easton"
"243283","Easton Carbon Legacy Shafts 600 1 doz.","KIN-E142600","Easton"
"243127","Easton Carbon Legacy Shafts 700 1 doz.","KIN-E142700","Easton"
"242804","Easton Carbon Legacy Arrows 400 Blazer Vanes 36 pk.","KIN-E14291400","Easton"
"242805","Easton Carbon Legacy Arrows 500 Blazer Vanes 36 pk.","KIN-E14291500","Easton"
"242806","Easton Carbon Legacy Arrows 600 Blazer Vanes 36 pk.","KIN-E14291600","Easton"
"251938","Easton 9mm Bolt Shafts 20 in. 1 doz.","KIN-E143020","Easton"
"251941","Easton 9mm Bolt Shafts 22 in. 1 doz.","KIN-E143022","Easton"
"243128","Easton 4mm Avance Shafts 1000 1 doz.","KIN-E1441000","Easton"
"243417","Easton 4mm Avance Shafts 1150 1 doz.","KIN-E1441150","Easton"
"243284","Easton 4mm Avance Shafts 1400 1 doz.","KIN-E1441400","Easton"
"243418","Easton 4mm Avance Shafts 1600 1 doz.","KIN-E1441600","Easton"
"242987","Easton 4mm Avance Shafts 1800 1 doz.","KIN-E1441800","Easton"
"242988","Easton 4mm Avance Shafts 2000 1 doz.","KIN-E1442000","Easton"
"243419","Easton 4mm Avance Shafts 340 1 doz.","KIN-E144340","Easton"
"243420","Easton 4mm Avance Shafts 400 1 doz.","KIN-E144400","Easton"
"243421","Easton 4mm Avance Shafts 450 1 doz.","KIN-E144450","Easton"
"243285","Easton 4mm Avance Shafts 500 1 doz.","KIN-E144500","Easton"
"242989","Easton 4mm Avance Shafts 550 1 doz.","KIN-E144550","Easton"
"243286","Easton 4mm Avance Shafts 600 1 doz.","KIN-E144600","Easton"
"243129","Easton 4mm Avance Shafts 660 1 doz.","KIN-E144660","Easton"
"243287","Easton 4mm Avance Shafts 730 1 doz.","KIN-E144730","Easton"
"243288","Easton 4mm Avance Shafts 810 1 doz.","KIN-E144810","Easton"
"243422","Easton 4mm Avance Shafts 900 1 doz.","KIN-E144900","Easton"
"242990","Easton 4mm Avance Sport Shafts 1000 1 doz.","KIN-E1451000","Easton"
"243423","Easton 4mm Avance Sport Shafts 1150 1 doz.","KIN-E1451150","Easton"
"243424","Easton 4mm Avance Sport Shafts 1400 1 doz.","KIN-E1451400","Easton"
"243130","Easton 4mm Avance Sport Shafts 1600 1 doz.","KIN-E1451600","Easton"
"243425","Easton 4mm Avance Sport Shafts 1800 1 doz.","KIN-E1451800","Easton"
"243131","Easton 4mm Avance Sport Shafts 2000 1 doz.","KIN-E1452000","Easton"
"243132","Easton 4mm Avance Sport Shafts 340 1 doz.","KIN-E145340","Easton"
"243289","Easton 4mm Avance Sport Shafts 400 1 doz.","KIN-E145400","Easton"
"243426","Easton 4mm Avance Sport Shafts 450 1 doz.","KIN-E145450","Easton"
"243133","Easton 4mm Avance Sport Shafts 500 1 doz.","KIN-E145500","Easton"
"243427","Easton 4mm Avance Sport Shafts 550 1 doz.","KIN-E145550","Easton"
"243290","Easton 4mm Avance Sport Shafts 600 1 doz.","KIN-E145600","Easton"
"242991","Easton 4mm Avance Sport Shafts 660 1 doz.","KIN-E145660","Easton"
"243291","Easton 4mm Avance Sport Shafts 730 1 doz.","KIN-E145730","Easton"
"243428","Easton 4mm Avance Sport Shafts 810 1 doz.","KIN-E145810","Easton"
"243429","Easton 4mm Avance Sport Shafts 900 1 doz.","KIN-E145900","Easton"
"242992","Easton Apollo Shafts 1200 1 doz.","KIN-E1501200","Easton"
"243134","Easton Apollo Shafts 1400 1 doz.","KIN-E1501400","Easton"
"242993","Easton Apollo Shafts 1600 1 doz.","KIN-E1501600","Easton"
"243431","Easton Apollo Shafts 1800 1 doz.","KIN-E1501800","Easton"
"243292","Easton Apollo Shafts 2000 1 doz.","KIN-E1502000","Easton"
"242994","Easton Super Drive 23 Shafts S Uni Bushing 325 1doz.","KIN-E160325","Easton"
"242995","Easton Super Drive 23 Shafts S Uni Bushing 375 1doz.","KIN-E160375","Easton"
"243293","Easton Super Drive 23 Shafts S Uni Bushing 475 1doz.","KIN-E160475","Easton"
"243294","Easton Super Drive 23 Shafts G Uni Bushing 325 1 doz.","KIN-E170325","Easton"
"243433","Easton Super Drive 23 Shafts G Uni Bushing 375 1 doz.","KIN-E170375","Easton"
"242996","Easton Super Drive 23 Shafts G Uni Bushing 475 1 doz.","KIN-E170475","Easton"
"243136","Easton X10 Shafts 1000 1 doz.","KIN-E1901000","Easton"
"243137","Easton X10 Shafts 325 1 doz.","KIN-E190325","Easton"
"243138","Easton X10 Shafts 750 1 doz.","KIN-E190750","Easton"
"243295","Easton X10 Shafts 830 1 doz.","KIN-E190830","Easton"
"243296","Easton X10 Shafts 900 1 doz.","KIN-E190900","Easton"
"243585","Easton Superdrive Micro Shafts 325 1 doz.","KIN-E200325","Easton"
"243586","Easton Superdrive Micro Shafts 375 1 doz.","KIN-E200375","Easton"
"243587","Easton Superdrive Micro Shafts 425 1 doz.","KIN-E200425","Easton"
"243588","Easton Superdrive Micro Shafts 475 1 doz.","KIN-E200475","Easton"
"243589","Easton Superdrive Micro Shafts 525 1 doz.","KIN-E200525","Easton"
"243590","Easton Superdrive Micro Shafts 575 1 doz.","KIN-E200575","Easton"
"243591","Easton Superdrive Micro Shafts 625 1 doz.","KIN-E200625","Easton"
"243592","Easton Superdrive Micro Shafts 675 1 doz.","KIN-E200675","Easton"
"243593","Easton Superdrive Micro Shafts 750 1 doz.","KIN-E200750","Easton"
"243594","Easton Superdrive Micro Shafts 850 1 doz.","KIN-E200850","Easton"
"243595","Easton Superdrive Micro Shafts 950 1 doz.","KIN-E200950","Easton"
"243596","Easton Sonic 6.0 Shafts 250 1 doz.","KIN-E201250","Easton"
"243597","Easton Sonic 6.0 Shafts 300 1 doz.","KIN-E201300","Easton"
"243598","Easton Sonic 6.0 Shafts 340 1 doz.","KIN-E201340","Easton"
"243599","Easton Sonic 6.0 Shafts 400 1 doz.","KIN-E201400","Easton"
"243600","Easton Sonic 6.0 Shafts 500 1 doz.","KIN-E201500","Easton"
"243601","Easton Sonic 6.0 Shafts 600 1 doz.","KIN-E201600","Easton"
"242903","Easton Sonic 6.0 Arrows 300 Blazer Vanes 36 pk.","KIN-E20191300","Easton"
"242904","Easton Sonic 6.0 Arrows 340 Blazer Vanes 36 pk.","KIN-E20191340","Easton"
"242905","Easton Sonic 6.0 Arrows 400 Blazer Vanes 36 pk.","KIN-E20191400","Easton"
"242906","Easton Sonic 6.0 Arrows 500 Blazer Vanes 36 pk.","KIN-E20191500","Easton"
"243603","Easton 5mm FMJ Autumn Orange Shafts 250 1 doz.","KIN-E202250","Easton"
"243604","Easton 5mm FMJ Autumn Orange Shafts 300 1 doz.","KIN-E202300","Easton"
"243605","Easton 5mm FMJ Autumn Orange Shafts 340 1 doz.","KIN-E202340","Easton"
"243602","Easton 5mm FMJ Autumn Orange Shafts 400 1 doz.","KIN-E202400","Easton"
"242900","Easton 5mm FMJ Autumn Orange Arrows 300 Blazer Vanes 36 pk.","KIN-E20291300","Easton"
"242901","Easton 5mm FMJ Autumn Orange Arrows 340 Blazer Vanes 36 pk.","KIN-E20291340","Easton"
"242902","Easton 5mm FMJ Autumn Orange Arrows 400 Blazer Vanes 36 pk.","KIN-E20291400","Easton"
"243658","Easton Jazz Shafts 1214 1 doz.","KIN-E2031214","Easton"
"243659","Easton Jazz Shafts 1416 1 doz.","KIN-E2031416","Easton"
"243660","Easton Jazz Shafts 1516 1 doz.","KIN-E2031516","Easton"
"243661","Easton Jazz Shafts 1616 1 doz.","KIN-E2031616","Easton"
"243662","Easton Jazz Shafts 1716 1 doz.","KIN-E2031716","Easton"
"243663","Easton Jazz Shafts 1816 1 doz.","KIN-E2031816","Easton"
"243664","Easton Jazz Shafts 1916 1 doz.","KIN-E2031916","Easton"
"243665","Easton Jazz Shafts 2016 1 doz.","KIN-E2032016","Easton"
"242997","Easton PowerFlight Shafts 300 1 doz.","KIN-E230300","Easton"
"243139","Easton PowerFlight Shafts 340 1 doz.","KIN-E230340","Easton"
"243434","Easton PowerFlight Shafts 400 1 doz.","KIN-E230400","Easton"
"242998","Easton PowerFlight Shafts 500 1 doz.","KIN-E230500","Easton"
"242702","Easton Powerflight Arrows 400 Blazer Vanes 36 pk.","KIN-E2391400","Easton"
"243621","Easton Gamegetter XX75 Shafts 300 1 doz.","KIN-E250300","Easton"
"243655","Easton Gamegetter XX75 Shafts 340 1 doz.","KIN-E250340","Easton"
"243646","Easton Gamegetter XX75 Shafts 400 1 doz.","KIN-E250400","Easton"
"243622","Easton Gamegetter XX75 Shafts 500 1 doz.","KIN-E250500","Easton"
"243548","Easton 5mm Full Metal Jacket Shafts 250 1 doz.","KIN-E520250","Easton"
"243297","Easton 5mm Full Metal Jacket Shafts 300 1 doz.","KIN-E520300","Easton"
"243298","Easton 5mm Full Metal Jacket Shafts 340 1 doz.","KIN-E520340","Easton"
"243435","Easton 5mm Full Metal Jacket Shafts 400 1 doz.","KIN-E520400","Easton"
"243299","Easton 5mm Full Metal Jacket Shafts 500 1 doz.","KIN-E520500","Easton"
"242640","Easton 5mm Full Metal Jacket Arrows 340 Blazer Vanes 36 pk.","KIN-E5291340","Easton"
"242441","Easton 5mm Full Metal Jacket Arrows 400 Blazer Vanes 36 pk.","KIN-E5291400","Easton"
"242999","Easton 5mm Full Metal Jacket Dangerous Game Shafts 250 1 doz.","KIN-E530250","Easton"
"243300","Easton Carbon Injexion Shafts 480 1 doz.","KIN-E590480","Easton"
"243606","Easton 5mm Axis Shafts 200 1 doz.","KIN-E610200","Easton"
"243140","Easton 5mm Axis Shafts 260 1 doz.","KIN-E610260","Easton"
"243436","Easton 5mm Axis Shafts 300 1 doz.","KIN-E610300","Easton"
"243000","Easton 5mm Axis Shafts 340 1 doz.","KIN-E610340","Easton"
"243301","Easton 5mm Axis Shafts 400 1 doz.","KIN-E610400","Easton"
"243141","Easton 5mm Axis Shafts 500 1 doz.","KIN-E610500","Easton"
"243142","Easton 5mm Axis Shafts 600 1 doz.","KIN-E610600","Easton"
"242703","Easton 5mm Axis Arrows 340 Blazer Vanes 36 pk.","KIN-E6191340","Easton"
"242338","Easton 5mm Axis Arrows 400 Blazer Vanes 36 pk.","KIN-E6191400","Easton"
"243001","Easton Bloodline 6MM Shafts 240 1 doz.","KIN-E630240","Easton"
"243437","Easton Bloodline 6MM Shafts 330 1 doz.","KIN-E630330","Easton"
"243438","Easton Bloodline 6MM Shafts 400 1 doz.","KIN-E630400","Easton"
"243681","Easton Jazz Shafts 2016 1 doz.","KIN-E6702016","Easton"
"243682","Easton Tribute Shafts 1214 1 doz.","KIN-E6801214","Easton"
"243676","Easton Tribute Shafts 1416 1 doz.","KIN-E6801416","Easton"
"243671","Easton Tribute Shafts 1516 1 doz.","KIN-E6801516","Easton"
"243002","Easton 5mm Axis Traditional Shafts 340 1 doz.","KIN-E710340","Easton"
"243439","Easton 5mm Axis Traditional Shafts 400 1 doz.","KIN-E710400","Easton"
"243003","Easton 5mm Axis Traditional Shafts 500 1 doz.","KIN-E710500","Easton"
"243143","Easton 5mm Axis Traditional Shafts 600 1 doz.","KIN-E710600","Easton"
"243440","Easton 5mm Axis Traditional Shafts 700 1 doz.","KIN-E710700","Easton"
"243004","Easton Hexx 6MM Shafts 260 1 doz.","KIN-E730260","Easton"
"243441","Easton Hexx 6MM Shafts 330 1 doz.","KIN-E730330","Easton"
"243302","Easton Hexx 6MM Shafts 480 1 doz.","KIN-E730480","Easton"
"243144","Easton Aftermath 6MM Shafts 600 1 doz.","KIN-E760600","Easton"
"243673","Easton Genesis Shafts Green 1820 1 doz.","KIN-E9201820","Easton"
"243444","Easton SuperDrive 25 Shafts 1 doz.","KIN-E950290","Easton"
"243668","Easton Genesis Shafts Purple 1820 1 doz.","KIN-E9601820","Easton"
"243445","Easton 6mm Full Metal Jacket Shafts 320 1 doz.","KIN-E970320","Easton"
"243006","Easton 6mm Full Metal Jacket Shafts 390 1 doz.","KIN-E970390","Easton"
"243446","Easton 6mm Full Metal Jacket Shafts 470 1 doz.","KIN-E970470","Easton"
"243007","Easton Inspire Shafts 1000 1 doz.","KIN-E9801000","Easton"
"243303","Easton Inspire Shafts 570 1 doz.","KIN-E980570","Easton"
"243304","Easton Inspire Shafts 630 1 doz.","KIN-E980630","Easton"
"243447","Easton Inspire Shafts 750 1 doz.","KIN-E980750","Easton"
"243305","Easton Inspire Shafts 900 1 doz.","KIN-E980900","Easton"
"243448","Easton FMJ Match Shafts 400 1 doz.","KIN-E990400","Easton"
"243145","Easton FMJ Match Shafts 450 1 doz.","KIN-E990450","Easton"
"243146","Easton FMJ Match Shafts 490 1 doz.","KIN-E990490","Easton"
"243449","Easton FMJ Match Shafts 530 1 doz.","KIN-E990530","Easton"
"243674","Easton Genesis Shafts Black 1820 1 doz.","KIN-EA1101820","Easton"
"251733","Excalibur Matrix Bulldog 400 Crossbow RT Xtra TactZone Pkg","KIN-EXC1233","Excalibur"
"251694","Excalibur Matrix G340 Crossbow","KIN-EXC1244","Excalibur"
"251757","Excalibur Assassin 360 Strata Crossbow","KIN-EXC1245","Excalibur"
"251695","Excalibur MAG 340 Crossbow Package Mossy Oak Break Up Country","KIN-EXC1252","Excalibur"
"251696","Excalibur Micro 340 TD Realtree Timber w/ Tact 100 Scope","KIN-EXC1256","Excalibur"
"251697","Excalibur TwinStrike Crossbow Package Mossy Oak Breakup Country with Overwatch Scope","KIN-EXC1257","Excalibur"
"251734","Excalibur TwinStrike Crossbow Package Strata with Overwatch Scope","KIN-EXC1258","Excalibur"
"251758","Excalibur Micro Mag 340 Crossbow Package Realtree Excape with Dead Zone Scope","KIN-EXC1259","Excalibur"
"251784","Excalibur TwinStrike TAC2 Crossbow Package Black with Tact 100 Scope and Charger EXT","KIN-EXC1260","Excalibur"
"251785","Excalibur MAG Air Crossbow Package Black with Fixed Power Scope","KIN-EXC1261","Excalibur"
"251786","Excalibur Mirco 380 Crossbow Package Mossy Oak Breakup Country with Tac 100 Scope","KIN-EXC1262","Excalibur"
"251787","Excalibur Mirco 380 Crossbow Package Realtree Excape with Overwatch Scope","KIN-EXC1263","Excalibur"
"251536","Fin Finder Raider Bowfishing Arrow Special Order Black","KIN-FFBLACK","Fin-Finder"
"251537","Fin Finder Raider Bowfishing Arrow Special Order Blue","KIN-FFBLUE","Fin-Finder"
"251538","Fin Finder Raider Bowfishing Arrow Special Order Flo Green","KIN-FFFLOGREEN","Fin-Finder"
"251539","Fin Finder Raider Bowfishing Arrow Special Order Green","KIN-FFGREEN","Fin-Finder"
"251540","Fin Finder Raider Bowfishing Arrow Special Order Orange","KIN-FFORANGE","Fin-Finder"
"251541","Fin Finder Raider Bowfishing Arrow Special Order Pink","KIN-FFPINK","Fin-Finder"
"251542","Fin Finder Raider Bowfishing Arrow Special Order Purple","KIN-FFPURPLE","Fin-Finder"
"251543","Fin Finder Raider Bowfishing Arrow Special Order Red","KIN-FFRED","Fin-Finder"
"251544","Fin Finder Raider Bowfishing Arrow Special Order White","KIN-FFWHITE","Fin-Finder"
"251545","Fin Finder Raider Bowfishing Arrow Special Order Yellow","KIN-FFYELLOW","Fin-Finder"
"243008","Gold Tip Ted Nugent Shafts White 300 1 doz.","KIN-G1010300","Gold Tip"
"243147","Gold Tip Ted Nugent Shafts White 400 1 doz.","KIN-G1010400","Gold Tip"
"243306","Gold Tip Ted Nugent Shafts White 500 1 doz.","KIN-G1010500","Gold Tip"
"243450","Gold Tip Ted Nugent Shafts Pink 400 1 doz.","KIN-G1020400","Gold Tip"
"243451","Gold Tip Ted Nugent Shafts Pink 500 1 doz.","KIN-G1020500","Gold Tip"
"243148","Gold Tip Ted Nugent Shafts Purple 400 1 doz.","KIN-G1030400","Gold Tip"
"243149","Gold Tip Ted Nugent Shafts Purple 500 1 doz.","KIN-G1030500","Gold Tip"
"243009","Gold Tip Traditional Shafts 340 1 doz.","KIN-G1070340","Gold Tip"
"243307","Gold Tip Traditional Shafts 400 1 doz.","KIN-G1070400","Gold Tip"
"243308","Gold Tip Traditional Shafts 500 1 doz.","KIN-G1070500","Gold Tip"
"243452","Gold Tip Traditional Shafts 600 1 doz.","KIN-G1070600","Gold Tip"
"243150","Gold Tip Traditional XT Shafts 340 1 doz.","KIN-G1080340","Gold Tip"
"243309","Gold Tip Traditional XT Shafts 400 1 doz.","KIN-G1080400","Gold Tip"
"243310","Gold Tip Traditional XT Shafts 500 1 doz.","KIN-G1080500","Gold Tip"
"243311","Gold Tip Traditional XT Shafts 600 1 doz.","KIN-G1080600","Gold Tip"
"243312","Gold Tip Pierce Shafts 250 1 doz.","KIN-G1100250","Gold Tip"
"243010","Gold Tip Pierce Shafts 300 1 doz.","KIN-G1100300","Gold Tip"
"243151","Gold Tip Pierce Shafts 340 1 doz.","KIN-G1100340","Gold Tip"
"243152","Gold Tip Pierce Shafts 400 1 doz.","KIN-G1100400","Gold Tip"
"243153","Gold Tip Pierce Shafts 500 1 doz.","KIN-G1100500","Gold Tip"
"243011","Gold Tip Pierce Platinum Shafts 250 1 doz.","KIN-G1110250","Gold Tip"
"243154","Gold Tip Pierce Platinum Shafts 300 1 doz.","KIN-G1110300","Gold Tip"
"243012","Gold Tip Pierce Platinum Shafts 340 1 doz.","KIN-G1110340","Gold Tip"
"243013","Gold Tip Pierce Platinum Shafts 400 1 doz.","KIN-G1110400","Gold Tip"
"243453","Gold Tip Pierce Platinum Shafts 500 1 doz.","KIN-G1110500","Gold Tip"
"243014","Gold Tip Traditional Classic Shafts 400 1 doz.","KIN-G1140400","Gold Tip"
"243313","Gold Tip Traditional Classic Shafts 500 1 doz.","KIN-G1140500","Gold Tip"
"243454","Gold Tip Traditional Classic Shafts 600 1 doz.","KIN-G1140600","Gold Tip"
"243015","Gold Tip Traditional Classic XT Shafts 400 1 doz.","KIN-G1150400","Gold Tip"
"243016","Gold Tip Valkyrie Shafts 300 1 doz.","KIN-G1160300","Gold Tip"
"243017","Gold Tip Valkyrie Shafts 340 1 doz.","KIN-G1160340","Gold Tip"
"243314","Gold Tip Valkyrie Shafts 400 1 doz.","KIN-G1160400","Gold Tip"
"243155","Gold Tip Valkyrie XT Shafts 300 1 doz.","KIN-G1170300","Gold Tip"
"243156","Gold Tip Valkyrie XT Shafts 340 1 doz.","KIN-G1170340","Gold Tip"
"243315","Gold Tip Valkyrie XT Shafts 400 1 doz.","KIN-G1170400","Gold Tip"
"243157","Gold Tip Valkyrie XT Shafts 500 1 doz.","KIN-G1170500","Gold Tip"
"243018","Gold Tip Valkyrie XT Shafts 600 1 doz.","KIN-G1170600","Gold Tip"
"243316","Gold Tip Pierce Tour Shafts 300 1 doz.","KIN-G1180300","Gold Tip"
"243317","Gold Tip Pierce Tour Shafts 340 1 doz.","KIN-G1180340","Gold Tip"
"243158","Gold Tip Pierce Tour Shafts 400 1 doz.","KIN-G1180400","Gold Tip"
"243455","Gold Tip Pierce Tour Shafts 500 1 doz.","KIN-G1180500","Gold Tip"
"243318","Gold Tip Pierce Tour Shafts 600 1 doz.","KIN-G1180600","Gold Tip"
"243319","Gold Tip Pierce Tour Shafts 700 1 doz.","KIN-G1180700","Gold Tip"
"243159","Gold Tip X-Cutter Plus Shafts 1 doz.","KIN-G2000","Gold Tip"
"243019","Gold Tip 22 Series Pro Shafts 1 doz.","KIN-G2010","Gold Tip"
"243020","Gold Tip 22 Series Plus Shafts 1 doz.","KIN-G2020","Gold Tip"
"243021","Gold Tip 30X Pro Shafts 1 doz.","KIN-G2030","Gold Tip"
"243160","Gold Tip 30X Plus Shafts 1 doz.","KIN-G2040","Gold Tip"
"243161","Gold Tip 9.3 Max Pro Shafts 1 doz.","KIN-G2050","Gold Tip"
"243320","Gold Tip Triple X Pro Shafts 1 doz.","KIN-G2070","Gold Tip"
"243022","Gold Tip Triple X Plus Shafts 1 doz.","KIN-G2080","Gold Tip"
"243456","Gold Tip X-Cutter Pro Shafts 1 doz.","KIN-G2090","Gold Tip"
"243162","Gold Tip Black Label Shafts 300 1 doz.","KIN-G3000","Gold Tip"
"243457","Gold Tip Black Label Shafts 340 1 doz.","KIN-G3010","Gold Tip"
"243023","Gold Tip Black Label Shafts 400 1 doz.","KIN-G3020","Gold Tip"
"243321","Gold Tip Black Label Quantum Shafts 250 1 doz","KIN-G3030","Gold Tip"
"243322","Gold Tip Black Label Quantum Shafts 300 1 doz.","KIN-G3040","Gold Tip"
"243323","Gold Tip Black Label Quantum Shafts 340 1 doz.","KIN-G3050","Gold Tip"
"243163","Gold Tip Black Label Quantum Shafts 400 1 doz.","KIN-G3060","Gold Tip"
"243324","Gold Tip Hunter Pro Shafts 300 1 doz.","KIN-G780300","Gold Tip"
"243458","Gold Tip Hunter Pro Shafts 340 1 doz.","KIN-G780340","Gold Tip"
"243024","Gold Tip Hunter Pro Shafts 400 1 doz.","KIN-G780400","Gold Tip"
"243459","Gold Tip Hunter Pro Shafts 500 1 doz.","KIN-G780500","Gold Tip"
"243460","Gold Tip Hunter XT Shafts 250 1 doz.","KIN-G790250","Gold Tip"
"243164","Gold Tip Hunter XT Shafts 300 1 doz.","KIN-G790300","Gold Tip"
"243165","Gold Tip Hunter XT Shafts 340 1 doz.","KIN-G790340","Gold Tip"
"243461","Gold Tip Hunter XT Shafts 400 1 doz.","KIN-G790400","Gold Tip"
"243166","Gold Tip Hunter XT Shafts 500 1 doz.","KIN-G790500","Gold Tip"
"242442","Gold Tip Hunter XT Arrows 400 4 in. Vanes 36 pk.","KIN-G7961400","Gold Tip"
"242641","Gold Tip Hunter XT Arrows 300 Blazer Vanes 36 pk.","KIN-G7991300","Gold Tip"
"242339","Gold Tip Hunter XT Arrows 340 Blazer Vanes 36 pk.","KIN-G7991340","Gold Tip"
"242340","Gold Tip Hunter XT Arrows 400 Blazer Vanes 36 pk.","KIN-G7991400","Gold Tip"
"242341","Gold Tip Hunter XT Arrows 500 Blazer Vanes 36 pk.","KIN-G7991500","Gold Tip"
"243462","Gold Tip Hunter Shafts 300 1 doz.","KIN-G800300","Gold Tip"
"243025","Gold Tip Hunter Shafts 340 1 doz.","KIN-G800340","Gold Tip"
"243325","Gold Tip Hunter Shafts 400 1 doz.","KIN-G800400","Gold Tip"
"243167","Gold Tip Hunter Shafts 500 1 doz.","KIN-G800500","Gold Tip"
"242443","Gold Tip Hunter Arrows 400 4 in. Vanes 36 pk.","KIN-G8061400","Gold Tip"
"242444","Gold Tip Hunter Arrows 300 Blazer Vanes 36 pk.","KIN-G8091300","Gold Tip"
"242445","Gold Tip Hunter Arrows 500 Blazer Vanes 36 pk.","KIN-G8091500","Gold Tip"
"243326","Gold Tip Kinetic Kaos Shafts 200 1 doz.","KIN-G850200","Gold Tip"
"243168","Gold Tip Kinetic Kaos Shafts 300 1 doz.","KIN-G850300","Gold Tip"
"243026","Gold Tip Kinetic Kaos Shafts 340 1 doz.","KIN-G850340","Gold Tip"
"243327","Gold Tip Kinetic Kaos Shafts 400 1 doz.","KIN-G850400","Gold Tip"
"243463","Gold Tip Kinetic Kaos Shafts 500 1 doz.","KIN-G850500","Gold Tip"
"243169","Gold Tip Kinetic Shafts 200 1 doz.","KIN-G860200","Gold Tip"
"243170","Gold Tip Kinetic Shafts 300 1 doz.","KIN-G860300","Gold Tip"
"243464","Gold Tip Kinetic Shafts 340 1 doz.","KIN-G860340","Gold Tip"
"243465","Gold Tip Kinetic Shafts 400 1 doz.","KIN-G860400","Gold Tip"
"243328","Gold Tip Kinetic Shafts 500 1 doz.","KIN-G860500","Gold Tip"
"243171","Gold Tip Velocity Pro Shafts 300 1 doz.","KIN-G870300","Gold Tip"
"243172","Gold Tip Velocity Pro Shafts 340 1 doz.","KIN-G870340","Gold Tip"
"243173","Gold Tip Velocity Pro Shafts 400 1 doz.","KIN-G870400","Gold Tip"
"243466","Gold Tip Velocity XT Shafts 300 1 doz.","KIN-G880300","Gold Tip"
"243174","Gold Tip Velocity XT Shafts 340 1 doz.","KIN-G880340","Gold Tip"
"243027","Gold Tip Velocity XT Shafts 400 1 doz.","KIN-G880400","Gold Tip"
"243175","Gold Tip Velocity XT Shafts 500 1 doz.","KIN-G880500","Gold Tip"
"243329","Gold Tip Velocity XT Shafts 600 1 doz.","KIN-G880600","Gold Tip"
"243330","Gold Tip Velocity Shafts 300 1 doz.","KIN-G890300","Gold Tip"
"243176","Gold Tip Velocity Shafts 340 1 doz.","KIN-G890340","Gold Tip"
"243177","Gold Tip Velocity Shafts 400 1 doz.","KIN-G890400","Gold Tip"
"243467","Gold Tip Velocity Shafts 500 1 doz.","KIN-G890500","Gold Tip"
"243178","Gold Tip Velocity Shafts 600 1 doz.","KIN-G890600","Gold Tip"
"243179","Gold Tip Ultralight Pro Shafts 300 1 doz.","KIN-G900300","Gold Tip"
"243468","Gold Tip Ultralight Pro Shafts 340 1 doz.","KIN-G900340","Gold Tip"
"243028","Gold Tip Ultralight Pro Shafts 400 1 doz.","KIN-G900400","Gold Tip"
"243180","Gold Tip Ultralight Pro Shafts 500 1 doz.","KIN-G900500","Gold Tip"
"243331","Gold Tip Ultralight Pro Shafts 600 1 doz.","KIN-G900600","Gold Tip"
"243029","Gold Tip Ultralight Pro Shafts 700 1 doz.","KIN-G900700","Gold Tip"
"243030","Gold Tip Ultralight Shafts 300 1 doz.","KIN-G910300","Gold Tip"
"243031","Gold Tip Ultralight Shafts 340 1 doz.","KIN-G910340","Gold Tip"
"243332","Gold Tip Ultralight Shafts 400 1 doz.","KIN-G910400","Gold Tip"
"243032","Gold Tip Ultralight Shafts 500 1 doz.","KIN-G910500","Gold Tip"
"243333","Gold Tip Ultralight Shafts 600 1 doz.","KIN-G910600","Gold Tip"
"243181","Gold Tip Ultralight Shafts 700 1 doz.","KIN-G910700","Gold Tip"
"243334","Gold Tip Ultralight Entrada Shafts 400 1 doz.","KIN-G920400","Gold Tip"
"243469","Gold Tip Ultralight Entrada Shafts 500 1 doz.","KIN-G920500","Gold Tip"
"243033","Gold Tip Ultralight Entrada Shafts 600 1 doz.","KIN-G920600","Gold Tip"
"243470","Gold Tip Ultralight Entrada Shafts 700 1 doz.","KIN-G920700","Gold Tip"
"243335","Gold Tip AirStrike Shafts 250 1 doz.","KIN-G930250","Gold Tip"
"243034","Gold Tip AirStrike Shafts 300 1 doz.","KIN-g930300","Gold Tip"
"243471","Gold Tip AirStrike Shafts 340 1 doz.","KIN-g930340","Gold Tip"
"243035","Gold Tip AirStrike Shafts 400 1 doz.","KIN-g930400","Gold Tip"
"243669","Gold Tip Lightning Shafts 28 in. 1 doz.","KIN-g96028","Gold Tip"
"243584","Gold Tip Force FOC Shafts 250 1 doz.","KIN-G970250","Gold Tip"
"243583","Gold Tip Force FOC Shafts 300 1 doz.","KIN-G970300","Gold Tip"
"243582","Gold Tip Force FOC Shafts 340 1 doz.","KIN-G970340","Gold Tip"
"243581","Gold Tip Force FOC Shafts 400 1 doz.","KIN-G970400","Gold Tip"
"242897","Gold Tip Force FOC Arrows 300 Blazer Vanes 36 pk.","KIN-G97091300","Gold Tip"
"242898","Gold Tip Force FOC Arrows 340 Blazer Vanes 36 pk.","KIN-G97091340","Gold Tip"
"242899","Gold Tip Force FOC Arrows 400 Blazer Vanes 36 pk.","KIN-G97091400","Gold Tip"
"251698","Killer Instinct Burner 415 Crossbow Package","KIN-KIL1220","Killer Instinct"
"251699","Killer Instinct SWAT XP Crossbow","KIN-KIL1222","Killer Instinct"
"251759","Killer Instinct Burner 415 Crossbow Package Gray","KIN-KIL1223","Killer Instinct"
"251735","Killer Instinct Lethal 405 Crossbow Package Black","KIN-KIL1224","Killer Instinct"
"251736","Killer Instinct Lethal 405 Crossbow Package Black with Crank","KIN-KIL1225","Killer Instinct"
"251737","Killer Instinct Ripper 425 Crossbow Package Camo","KIN-KIL1226","Killer Instinct"
"251716","Killer Instinct Fatal-X Crossbow Package Camo","KIN-KIL1227","Killer Instinct"
"251738","Killer Instinct Fatal-X Crossbow Package Camo with Crank","KIN-KIL1228","Killer Instinct"
"251700","Killer Instinct SWAT X1 Crossbow Package Black","KIN-KIL1229","Killer Instinct"
"251788","Killer Instinct Fuel 415 RDC Crossbow Pacakge","KIN-KIL1230","Killer Instinct"
"246675","Martin Anax 3D SD Bow Black Riser/Black Limbs 60 lbs. RH","KIN-MAR207","Martin"
"246638","Martin Axxon 40 SD Bow Black Riser/Black Limbs 60 lbs. RH","KIN-MAR210","Martin"
"246667","Martin Axxon 36 LD Bow Black Riser/Black Limbs 60 lbs. RH","KIN-MAR216","Martin"
"251701","Mission Sub-1 Crossbow Pro-Kit Black","KIN-MIS1018","Mission"
"251760","Mission Sub-1 Crossbow Only Black","KIN-MIS1020","Mission"
"251717","Mission Sub-1 Lite Crossbow Pro-Kit Black","KIN-MIS1024","Mission"
"251702","Mission Sub-1 Lite Crossbow Pro-Kit Realtree Edge","KIN-MIS1025","Mission"
"251703","Mission Sub-1 XR Crossbow Only Black Bow","KIN-MIS1026","Mission"
"251704","Mission Sub-1 XR Crossbow Only Realtree Edge","KIN-MIS1027","Mission"
"251739","Mission Sub-1 XR Crossbow Pro-Kit Black","KIN-MIS1028","Mission"
"251761","Mission Sub-1 XR Crossbow Pro-Kit Realtree Edge","KIN-MIS1029","Mission"
"251705","Mission Sub-1 Crossbow Only Realtree Edge","KIN-MIS1030","Mission"
"251762","Mission Sub-1 Crossbow Pro-Kit Realtree Edge","KIN-MIS1031","Mission"
"251740","Mission Sub-1 Lite Crossbow Only Black Bow","KIN-MIS1032","Mission"
"251718","Mission Sub-1 Lite Crossbow Only Realtree Edge","KIN-MIS1033","Mission"
"243336","Nexxus Infinity Shafts 250 1 Doz.","KIN-N100250","Nexxus"
"243036","Nexxus Infinity Shafts 300 1 Doz.","KIN-N100300","Nexxus"
"243037","Nexxus Infinity Shafts 350 1 Doz.","KIN-N100350","Nexxus"
"243038","Nexxus Infinity Shafts 400 1 Doz.","KIN-N100400","Nexxus"
"243183","No Limit Liberty Shafts 400 Spine 12 pk.","KIN-NL003400","No Limit"
"247183","October Mountain Adventure 2.0 Recurve Limbs 48 in. 10 lbs.","KIN-OMP16010L","OCTOBER MOUNTAIN"
"247168","October Mountain Adventure 2.0 Recurve Limbs 48 in. 15 lbs.","KIN-OMP16015L","OCTOBER MOUNTAIN"
"247169","October Mountain Adventure 2.0 Recurve Limbs 48 in. 20 lbs.","KIN-OMP16020L","OCTOBER MOUNTAIN"
"247001","October Mountain Adventure 2.0 Recurve Bow 48 in. 10 lbs. RH","KIN-OMP1604810","OCTOBER MOUNTAIN"
"246903","October Mountain Adventure 2.0 Recurve Bow 48 in. 15 lbs. RH","KIN-OMP1604815","OCTOBER MOUNTAIN"
"247036","October Mountain Adventure 2.0 Recurve Bow 48 in. 20 lbs. RH","KIN-OMP1604820","OCTOBER MOUNTAIN"
"247119","October Mountain Adventure 2.0 Recurve Riser 48 in. RH","KIN-OMP160R","OCTOBER MOUNTAIN"
"247002","October Mountain Adventure 2.0 Recurve Bow 48 in. 10 lbs. LH","KIN-OMP1614810","OCTOBER MOUNTAIN"
"246904","October Mountain Adventure 2.0 Recurve Bow 48 in. 15 lbs. LH","KIN-OMP1614815","OCTOBER MOUNTAIN"
"246905","October Mountain Adventure 2.0 Recurve Bow 48 in. 20 lbs. LH","KIN-OMP1614820","OCTOBER MOUNTAIN"
"247113","October Mountain Adventure 2.0 Recurve Riser 48 in. LH","KIN-OMP161L","OCTOBER MOUNTAIN"
"247154","October Mountain Adventure 2.0 Recurve Limbs 54 in. 15 lbs.","KIN-OMP16215L","OCTOBER MOUNTAIN"
"247155","October Mountain Adventure 2.0 Recurve Limbs 54 in. 20 lbs.","KIN-OMP16220L","OCTOBER MOUNTAIN"
"247136","October Mountain Adventure 2.0 Recurve Limbs 54 in. 24 lbs.","KIN-OMP16224L","OCTOBER MOUNTAIN"
"247037","October Mountain Adventure 2.0 Recurve Bow 54 in. 15 lbs. RH","KIN-OMP1625415","OCTOBER MOUNTAIN"
"246906","October Mountain Adventure 2.0 Recurve Bow 54 in. 20 lbs. RH","KIN-OMP1625420","OCTOBER MOUNTAIN"
"246953","October Mountain Adventure 2.0 Recurve Bow 54 in. 24 lbs. RH","KIN-OMP1625424","OCTOBER MOUNTAIN"
"247125","October Mountain Adventure 2.0 Recurve Riser 54 in. RH","KIN-OMP162R","OCTOBER MOUNTAIN"
"246954","October Mountain Adventure 2.0 Recurve Bow 54 in. 15 lbs. LH","KIN-OMP1635415","OCTOBER MOUNTAIN"
"247003","October Mountain Adventure 2.0 Recurve Bow 54 in. 20 lbs. LH","KIN-OMP1635420","OCTOBER MOUNTAIN"
"247038","October Mountain Adventure 2.0 Recurve Bow 54 in. 24 lbs. LH","KIN-OMP1635424","OCTOBER MOUNTAIN"
"247107","October Mountain Adventure 2.0 Recurve Riser 54 in. LH","KIN-OMP163L","OCTOBER MOUNTAIN"
"247170","October Mountain Adventure 2.0 Recurve Limbs 62 in. 20 lbs.","KIN-OMP16420L","OCTOBER MOUNTAIN"
"247184","October Mountain Adventure 2.0 Recurve Limbs 62 in. 25 lbs.","KIN-OMP16425L","OCTOBER MOUNTAIN"
"247156","October Mountain Adventure 2.0 Recurve Limbs 62 in. 28 lbs.","KIN-OMP16428L","OCTOBER MOUNTAIN"
"246955","October Mountain Adventure 2.0 Recurve Bow 62 in. 20 lbs. RH","KIN-OMP1646220","OCTOBER MOUNTAIN"
"247004","October Mountain Adventure 2.0 Recurve Bow 62 in. 25 lbs. RH","KIN-OMP1646225","OCTOBER MOUNTAIN"
"246907","October Mountain Adventure 2.0 Recurve Bow 62 in. 28 lbs. RH","KIN-OMP1646228","OCTOBER MOUNTAIN"
"247126","October Mountain Adventure 2.0 Recurve Riser 62 in. RH","KIN-OMP164R","OCTOBER MOUNTAIN"
"246908","October Mountain Adventure 2.0 Recurve Bow 62 in. 20 lbs. LH","KIN-OMP1656220","OCTOBER MOUNTAIN"
"247039","October Mountain Adventure 2.0 Recurve Bow 62 in. 25 lbs. LH","KIN-OMP1656225","OCTOBER MOUNTAIN"
"246909","October Mountain Adventure 2.0 Recurve Bow 62 in. 28 lbs. LH","KIN-OMP1656228","OCTOBER MOUNTAIN"
"247120","October Mountain Adventure 2.0 Recurve Riser 62 in. LH","KIN-OMP165L","OCTOBER MOUNTAIN"
"247157","October Mountain Adventure 2.0 Recurve Limbs 68 in. 23 lbs.","KIN-OMP16623L","OCTOBER MOUNTAIN"
"247137","October Mountain Adventure 2.0 Recurve Limbs 68 in. 28 lbs.","KIN-OMP16628L","OCTOBER MOUNTAIN"
"247185","October Mountain Adventure 2.0 Recurve Limbs 68 in. 34 lbs.","KIN-OMP16634L","OCTOBER MOUNTAIN"
"247138","October Mountain Adventure 2.0 Recurve Limbs 68 in. 38 lbs.","KIN-OMP16638L","OCTOBER MOUNTAIN"
"246910","October Mountain Adventure 2.0 Recurve Bow 68 in. 23 lbs. RH","KIN-OMP1666823","OCTOBER MOUNTAIN"
"246911","October Mountain Adventure 2.0 Recurve Bow 68 in. 28 lbs. RH","KIN-OMP1666828","OCTOBER MOUNTAIN"
"247040","October Mountain Adventure 2.0 Recurve Bow 68 in. 34 lbs. RH","KIN-OMP1666834","OCTOBER MOUNTAIN"
"246956","October Mountain Adventure 2.0 Recurve Bow 68 in. 38 lbs. RH","KIN-OMP1666838","OCTOBER MOUNTAIN"
"247127","October Mountain Adventure 2.0 Recurve Riser 68 in. RH","KIN-OMP166R","OCTOBER MOUNTAIN"
"247005","October Mountain Adventure 2.0 Recurve Bow 68 in. 23 lbs. LH","KIN-OMP1676823","OCTOBER MOUNTAIN"
"246957","October Mountain Adventure 2.0 Recurve Bow 68 in. 28 lbs. LH","KIN-OMP1676828","OCTOBER MOUNTAIN"
"247006","October Mountain Adventure 2.0 Recurve Bow 68 in. 34 lbs. LH","KIN-OMP1676834","OCTOBER MOUNTAIN"
"247041","October Mountain Adventure 2.0 Recurve Bow 68 in. 38 lbs. LH","KIN-OMP1676838","OCTOBER MOUNTAIN"
"247108","October Mountain Adventure 2.0 Recurve Riser 68 in. LH","KIN-OMP167L","OCTOBER MOUNTAIN"
"247158","October Mountain Smoky Mountain Hunter Limbs 62 in. 30 lbs.","KIN-omp16830l","OCTOBER MOUNTAIN"
"247186","October Mountain Smoky Mountain Hunter Limbs 62 in. 35 lbs.","KIN-OMP16835L","OCTOBER MOUNTAIN"
"247187","October Mountain Smoky Mountain Hunter Limbs 62 in. 40 lbs.","KIN-OMP16840L","OCTOBER MOUNTAIN"
"247188","October Mountain Smoky Mountain Hunter Limbs 62 in. 45 lbs.","KIN-OMP16845L","OCTOBER MOUNTAIN"
"247139","October Mountain Smoky Mountain Hunter Limbs 62 in. 50 lbs.","KIN-OMP16850L","OCTOBER MOUNTAIN"
"247159","October Mountain Smoky Mountain Hunter Limbs 62 in. 55 lbs.","KIN-OMP16855L","OCTOBER MOUNTAIN"
"247007","October Mountain Smoky Mountain Hunter Recurve Bow 62 in. 30 lbs. RH","KIN-OMP1686230","OCTOBER MOUNTAIN"
"246958","October Mountain Smoky Mountain Hunter Recurve Bow 62 in. 35 lbs. RH","KIN-OMP1686235","OCTOBER MOUNTAIN"
"246912","October Mountain Smoky Mountain Hunter Recurve Bow 62 in. 40 lbs. RH","KIN-OMP1686240","OCTOBER MOUNTAIN"
"246913","October Mountain Smoky Mountain Hunter Recurve Bow 62 in. 45 lbs. RH","KIN-OMP1686245","OCTOBER MOUNTAIN"
"246959","October Mountain Smoky Mountain Hunter Recurve Bow 62 in. 50 lbs. RH","KIN-OMP1686250","OCTOBER MOUNTAIN"
"247008","October Mountain Smoky Mountain Hunter Recurve Bow 62 in. 55 lbs. RH","KIN-OMP1686255","OCTOBER MOUNTAIN"
"247114","October Mountain Smoky Mountain Hunter Riser 62 in. RH","KIN-OMP168R","OCTOBER MOUNTAIN"
"246914","October Mountain Smoky Mountain Hunter Recurve Bow 62 in. 30 lbs. LH","KIN-OMP1696230","OCTOBER MOUNTAIN"
"247009","October Mountain Smoky Mountain Hunter Recurve Bow 62 in. 35 lbs. LH","KIN-OMP1696235","OCTOBER MOUNTAIN"
"246960","October Mountain Smoky Mountain Hunter Recurve Bow 62 in. 40 lbs. LH","KIN-OMP1696240","OCTOBER MOUNTAIN"
"247042","October Mountain Smoky Mountain Hunter Recurve Bow 62 in. 45 lbs. LH","KIN-OMP1696245","OCTOBER MOUNTAIN"
"247043","October Mountain Smoky Mountain Hunter Recurve Bow 62 in. 50 lbs. LH","KIN-OMP1696250","OCTOBER MOUNTAIN"
"247109","October Mountain Smoky Mountain Hunter Riser 62 in. LH","KIN-OMP169L","OCTOBER MOUNTAIN"
"246915","October Mountain Mountaineer 2.0 Recurve Bow 62 in. 35 lbs. RH","KIN-OMP1706235","OCTOBER MOUNTAIN"
"246916","October Mountain Mountaineer 2.0 Recurve Bow 62 in. 40 lbs. RH","KIN-OMP1706240","OCTOBER MOUNTAIN"
"246961","October Mountain Mountaineer 2.0 Recurve Bow 62 in. 45 lbs. RH","KIN-OMP1706245","OCTOBER MOUNTAIN"
"247044","October Mountain Mountaineer 2.0 Recurve Bow 62 in. 50 lbs. RH","KIN-OMP1706250","OCTOBER MOUNTAIN"
"247010","October Mountain Mountaineer 2.0 Recurve Bow 62 in. 55 lbs. RH","KIN-OMP1706255","OCTOBER MOUNTAIN"
"247160","October Mountain Mountaineer 2.0 Recurve Limbs 62 in. 35 lbs.","KIN-OMP170635","OCTOBER MOUNTAIN"
"247161","October Mountain Mountaineer 2.0 Recurve Limbs 62 in. 40 lbs.","KIN-OMP170640","OCTOBER MOUNTAIN"
"247171","October Mountain Mountaineer 2.0 Recurve Limbs 62 in. 45 lbs.","KIN-OMP170645","OCTOBER MOUNTAIN"
"247162","October Mountain Mountaineer 2.0 Recurve Limbs 62 in. 50 lbs.","KIN-OMP170650","OCTOBER MOUNTAIN"
"247172","October Mountain Mountaineer 2.0 Recurve Limbs 62 in. 55 lbs.","KIN-OMP170655","OCTOBER MOUNTAIN"
"247086","October Mountain Ozark Hunter Longbow 68 in. 35 lbs. RH","KIN-OMP1706835","OCTOBER MOUNTAIN"
"247093","October Mountain Ozark Hunter Longbow 68 in. 40 lbs. RH","KIN-OMP1706840","OCTOBER MOUNTAIN"
"247087","October Mountain Ozark Hunter Longbow 68 in. 45 lbs. RH","KIN-OMP1706845","OCTOBER MOUNTAIN"
"247088","October Mountain Ozark Hunter Longbow 68 in. 50 lbs. RH","KIN-OMP1706850","OCTOBER MOUNTAIN"
"247098","October Mountain Ozark Hunter Longbow 68 in. 55 lbs. RH","KIN-OMP1706855","OCTOBER MOUNTAIN"
"247121","October Mountain Mountaineer 2.0 Recurve Riser 62 in. RH","KIN-OMP170R","OCTOBER MOUNTAIN"
"246962","October Mountain Mountaineer 2.0 Recurve Bow 62 in. 35 lbs. LH","KIN-OMP1716235","OCTOBER MOUNTAIN"
"246917","October Mountain Mountaineer 2.0 Recurve Bow 62 in. 40 lbs. LH","KIN-OMP1716240","OCTOBER MOUNTAIN"
"247045","October Mountain Mountaineer 2.0 Recurve Bow 62 in. 45 lbs. LH","KIN-OMP1716245","OCTOBER MOUNTAIN"
"247046","October Mountain Mountaineer 2.0 Recurve Bow 62 in. 50 lbs. LH","KIN-OMP1716250","OCTOBER MOUNTAIN"
"246918","October Mountain Mountaineer 2.0 Recurve Bow 62 in. 55 lbs. LH","KIN-OMP1716255","OCTOBER MOUNTAIN"
"247094","October Mountain Ozark Hunter Longbow 68 in. 45 lbs. LH","KIN-OMP1716845","OCTOBER MOUNTAIN"
"247095","October Mountain Ozark Hunter Longbow 68 in. 50 lbs. LH","KIN-OMP1716850","OCTOBER MOUNTAIN"
"247110","October Mountain Mountaineer 2.0 Recurve Riser 62 in. LH","KIN-OMP171L","OCTOBER MOUNTAIN"
"247128","October Mountain Explorer 2.0 Recurve Riser 54 in. RH","KIN-OMP172R","OCTOBER MOUNTAIN"
"247129","October Mountain Explorer 2.0 Recurve Riser 54 in. LH","KIN-OMP173L","OCTOBER MOUNTAIN"
"251459","Fin Finder Sand Shark Bowfishing Recurve 62 in. 35 lbs. RH","KIN-OMP1746235","Fin-Finder"
"251464","Fin Finder Sand Shark Bowfishing Recurve 62 in. 45 lbs. RH","KIN-OMP1746245","Fin-Finder"
"251448","Fin Finder Sand Shark Bowfishing Recurve 62 in. 35 lbs. LH","KIN-OMP1756235","Fin-Finder"
"251465","Fin Finder Sand Shark Bowfishing Recurve 62 in. 45lbs. LH","KIN-OMP1756245","Fin-Finder"
"247115","October Mountain Explorer 2.0 Recurve Riser 62 in. RH","KIN-OMP176R","OCTOBER MOUNTAIN"
"247116","October Mountain Night Ridge ILF Recurve Riser Black 60 in. RH","KIN-OMP1770R","OCTOBER MOUNTAIN"
"247130","October Mountain Night Ridge ILF Recurve Riser NEXT Camo 60 in. RH","KIN-OMP1771R","OCTOBER MOUNTAIN"
"247133","October Mountain Night Ridge ILF Recurve Riser Realtree Excape 60 in. RH","KIN-OMP1772R","OCTOBER MOUNTAIN"
"247189","October Mountain Night Ridge ILF Recurve Limbs 60 in. 35 lbs.","KIN-OMP17735L","OCTOBER MOUNTAIN"
"247173","October Mountain Night Ridge ILF Recurve Limbs 60 in. 40 lbs.","KIN-OMP17740L","OCTOBER MOUNTAIN"
"247190","October Mountain Night Ridge ILF Recurve Limbs 60 in. 45 lbs.","KIN-OMP17745L","OCTOBER MOUNTAIN"
"247140","October Mountain Night Ridge ILF Recurve Limbs 60 in. 50 lbs.","KIN-OMP17750L","OCTOBER MOUNTAIN"
"247047","October Mountain Night Ridge ILF Recurve Bow Black 60 in. 35 lbs. RH","KIN-OMP1776035","OCTOBER MOUNTAIN"
"246963","October Mountain Night Ridge ILF Recurve Bow Black 60 in. 40 lbs. RH","KIN-OMP1776040","OCTOBER MOUNTAIN"
"246919","October Mountain Night Ridge ILF Recurve Bow Black 60 in. 45 lbs. RH","KIN-OMP1776045","OCTOBER MOUNTAIN"
"247011","October Mountain Night Ridge ILF Recurve Bow Black 60 in. 50 lbs. RH","KIN-OMP1776050","OCTOBER MOUNTAIN"
"247131","October Mountain Explorer 2.0 Recurve Riser 62 in. LH","KIN-OMP177L","OCTOBER MOUNTAIN"
"246920","October Mountain Night Ridge ILF Recurve Bow NEXT Camo 60 in. 35 lbs. RH","KIN-OMP1786035","OCTOBER MOUNTAIN"
"246964","October Mountain Night Ridge ILF Recurve Bow NEXT Camo 60 in. 40 lbs. RH","KIN-OMP1786040","OCTOBER MOUNTAIN"
"246965","October Mountain Night Ridge ILF Recurve Bow NEXT Camo 60 in. 45 lbs. RH","KIN-OMP1786045","OCTOBER MOUNTAIN"
"247048","October Mountain Night Ridge ILF Recurve Bow NEXT Camo 60 in. 50 lbs. RH","KIN-OMP1786050","OCTOBER MOUNTAIN"
"249435","Fin Finder Sand Shark Replacement Limbs 35lbs.","KIN-OMP178635","Fin-Finder"
"249436","Fin Finder Sand Shark Replacement Limbs 45lbs.","KIN-OMP178645","Fin-Finder"
"247069","October Mountain Night Ridge ILF Recurve Bow Realtree Excape 60 in. 35 lbs. RH","KIN-OMP1796035","OCTOBER MOUNTAIN"
"247070","October Mountain Night Ridge ILF Recurve Bow Realtree Excape 60 in. 40 lbs. RH","KIN-OMP1796040","OCTOBER MOUNTAIN"
"247071","October Mountain Night Ridge ILF Recurve Bow Realtree Excape 60 in. 45 lbs. RH","KIN-OMP1796045","OCTOBER MOUNTAIN"
"247072","October Mountain Night Ridge ILF Recurve Bow Realtree Excape 60 in. 50 lbs. RH","KIN-OMP1796050","OCTOBER MOUNTAIN"
"247089","October Mountain Strata Longbow 62 in. 35 lbs. RH","KIN-OMP1816235","OCTOBER MOUNTAIN"
"247084","October Mountain Strata Longbow 62 in. 40 lbs. RH","KIN-OMP1816240","OCTOBER MOUNTAIN"
"247099","October Mountain Strata Longbow 62 in. 45 lbs. RH","KIN-OMP1816245","OCTOBER MOUNTAIN"
"247096","October Mountain Strata Longbow 62 in. 50 lbs. RH","KIN-OMP1816250","OCTOBER MOUNTAIN"
"247090","October Mountain Strata Longbow 62 in. 45 lbs. LH","KIN-OMP1826245","OCTOBER MOUNTAIN"
"247100","October Mountain Strata Longbow 62 in. 50 lbs. LH","KIN-OMP1826250","OCTOBER MOUNTAIN"
"247122","October Mountain Sektor ILF Recurve Riser 17 in. RH","KIN-OMP1990R","OCTOBER MOUNTAIN"
"247049","October Mountain Sektor Recurve Bow 62 in. 35 lbs. LH","KIN-OMP19916035","OCTOBER MOUNTAIN"
"247050","October Mountain Sektor Recurve Bow 62 in. 40 lbs. LH","KIN-OMP19916040","OCTOBER MOUNTAIN"
"247012","October Mountain Sektor Recurve Bow 62 in. 45 lbs. LH","KIN-OMP19916045","OCTOBER MOUNTAIN"
"247013","October Mountain Sektor Recurve Bow 62 in. 50 lbs. LH","KIN-OMP19916050","OCTOBER MOUNTAIN"
"247123","October Mountain Sektor ILF Recurve Riser 17 in. LH","KIN-OMP1991R","OCTOBER MOUNTAIN"
"247132","October Mountain Sektor Recurve Riser 62 in. RH","KIN-OMP1992R","OCTOBER MOUNTAIN"
"247141","October Mountain Sektor Recurve Limbs 62 in. 35 lbs.","KIN-OMP19935L","OCTOBER MOUNTAIN"
"247117","October Mountain Sektor Recurve Riser 62 in. LH","KIN-omp1993R","OCTOBER MOUNTAIN"
"247174","October Mountain Sektor Recurve Limbs 62 in. 40 lbs.","KIN-OMP19940L","OCTOBER MOUNTAIN"
"247196","October Mountain Sektor Recurve Limbs 62 in. 45 lbs.","KIN-OMP19945L","OCTOBER MOUNTAIN"
"247142","October Mountain Sektor Recurve Limbs 62 in. 50 lbs.","KIN-OMP19950L","OCTOBER MOUNTAIN"
"246921","October Mountain Sektor Recurve Bow 62 in. 35 lbs. RH","KIN-OMP1996035","OCTOBER MOUNTAIN"
"247051","October Mountain Sektor Recurve Bow 62 in. 40 lbs. RH","KIN-OMP1996040","OCTOBER MOUNTAIN"
"246966","October Mountain Sektor Recurve Bow 62 in. 45 lbs. RH","KIN-OMP1996045","OCTOBER MOUNTAIN"
"246967","October Mountain Sektor Recurve Bow 62 in. 50 lbs. RH","KIN-OMP1996050","OCTOBER MOUNTAIN"
"247118","October Mountain Carbon Z ILF Recurve Riser 15 in. RH","KIN-OMP2000R","OCTOBER MOUNTAIN"
"247111","October Mountain Carbon Z ILF Recurve Riser 15 in. LH","KIN-OMP2001R","OCTOBER MOUNTAIN"
"247175","October Mountain Reaper ILF Recurve Limbs Short 35 lbs.","KIN-OMP20035L","OCTOBER MOUNTAIN"
"247191","October Mountain Reaper ILF Recurve Limbs Short 40 lbs.","KIN-OMP20040L","OCTOBER MOUNTAIN"
"247176","October Mountain Reaper ILF Recurve Limbs Short 45 lbs.","KIN-OMP20045L","OCTOBER MOUNTAIN"
"247177","October Mountain Reaper ILF Recurve Limbs Short 50 lbs.","KIN-OMP20050L","OCTOBER MOUNTAIN"
"247192","October Mountain Reaper ILF Recurve Limbs Medium 35 lbs.","KIN-OMP20135L","OCTOBER MOUNTAIN"
"247163","October Mountain Reaper ILF Recurve Limbs Medium 40 lbs.","KIN-OMP20140L","OCTOBER MOUNTAIN"
"247164","October Mountain Reaper ILF Recurve Limbs Medium 45 lbs.","KIN-OMP20145L","OCTOBER MOUNTAIN"
"247178","October Mountain Reaper ILF Recurve Limbs Medium 50 lbs.","KIN-OMP20150L","OCTOBER MOUNTAIN"
"247143","October Mountain Reaper ILF Recurve Limbs Long 35 lbs.","KIN-OMP20235L","OCTOBER MOUNTAIN"
"247144","October Mountain Reaper ILF Recurve Limbs Long 40 lbs.","KIN-OMP20340L","OCTOBER MOUNTAIN"
"247193","October Mountain Reaper ILF Recurve Limbs Long 45 lbs.","KIN-OMP20345L","OCTOBER MOUNTAIN"
"247145","October Mountain Reaper ILF Recurve Limbs Long 50 lbs.","KIN-OMP20350L","OCTOBER MOUNTAIN"
"247179","October Mountain Explorer CE Recurve Limbs 54 in. 15 lbs.","KIN-OMP21015L","OCTOBER MOUNTAIN"
"247146","October Mountain Explorer CE Recurve Limbs 54 in. 20 lbs.","KIN-OMP21020L","OCTOBER MOUNTAIN"
"247194","October Mountain Explorer CE Recurve Limbs 54 in. 25 lbs.","KIN-OMP21025L","OCTOBER MOUNTAIN"
"247165","October Mountain Explorer CE Recurve Limbs 54 in. 28 lbs.","KIN-OMP21028L","OCTOBER MOUNTAIN"
"247052","October Mountain Explorer CE Recurve Bow Green 54 in. 15 lbs. RH","KIN-OMP2115415","OCTOBER MOUNTAIN"
"246922","October Mountain Explorer CE Recurve Bow Green 54 in. 20 lbs. RH","KIN-OMP2115420","OCTOBER MOUNTAIN"
"246923","October Mountain Explorer CE Recurve Bow Green 54 in. 25 lbs. RH","KIN-OMP2115425","OCTOBER MOUNTAIN"
"247014","October Mountain Explorer CE Recurve Bow Green 54 in. 28 lbs. RH","KIN-OMP2115428","OCTOBER MOUNTAIN"
"246968","October Mountain Explorer CE Recurve Bow Blue 54 in. 15 lbs. RH","KIN-OMP2125415","OCTOBER MOUNTAIN"
"247053","October Mountain Explorer CE Recurve Bow Blue 54 in. 20 lbs. RH","KIN-OMP2125420","OCTOBER MOUNTAIN"
"247015","October Mountain Explorer CE Recurve Bow Blue 54 in. 25 lbs. RH","KIN-OMP2125425","OCTOBER MOUNTAIN"
"247016","October Mountain Explorer CE Recurve Bow Blue 54 in. 28 lbs. RH","KIN-OMP2125428","OCTOBER MOUNTAIN"
"246969","October Mountain Explorer CE Recurve Bow Blue 54 in. 15 lbs. LH","KIN-OMP2145415","OCTOBER MOUNTAIN"
"247017","October Mountain Explorer CE Recurve Bow Blue 54 in. 20 lbs. LH","KIN-OMP2145420","OCTOBER MOUNTAIN"
"247018","October Mountain Explorer CE Recurve Bow Blue 54 in. 25 lbs. LH","KIN-OMP2145425","OCTOBER MOUNTAIN"
"247019","October Mountain Explorer CE Recurve Bow Blue 54 in. 28 lbs. LH","KIN-OMP2145428","OCTOBER MOUNTAIN"
"246970","October Mountain Explorer CE Recurve Bow Green 54 in. 15 lbs. LH","KIN-OMP2155415","OCTOBER MOUNTAIN"
"247020","October Mountain Explorer CE Recurve Bow Green 54 in. 20 lbs. LH","KIN-OMP2155420","OCTOBER MOUNTAIN"
"247054","October Mountain Explorer CE Recurve Bow Green 54 in. 25 lbs. LH","KIN-OMP2155425","OCTOBER MOUNTAIN"
"246971","October Mountain Explorer CE Recurve Bow Green 54 in. 28 lbs. LH","KIN-OMP2155428","OCTOBER MOUNTAIN"
"246924","October Mountain Mountaineer Dusk Recurve Bow 62 in. 30 lbs. RH","KIN-OMP2206230","OCTOBER MOUNTAIN"
"246972","October Mountain Mountaineer Dusk Recurve Bow 62 in. 35 lbs. RH","KIN-OMP2206235","OCTOBER MOUNTAIN"
"247055","October Mountain Mountaineer Dusk Recurve Bow 62 in. 40 lbs. RH","KIN-OMP2206240","OCTOBER MOUNTAIN"
"247021","October Mountain Mountaineer Dusk Recurve Bow 62 in. 45 lbs. RH","KIN-OMP2206245","OCTOBER MOUNTAIN"
"246973","October Mountain Mountaineer Dusk Recurve Bow 62 in. 50 lbs. RH","KIN-OMP2206250","OCTOBER MOUNTAIN"
"246974","October Mountain Mountaineer Dusk Recurve Bow 62 in. 55 lbs. RH","KIN-OMP2206255","OCTOBER MOUNTAIN"
"247124","October Mountain Mountaineer Dusk Riser 62 in. RH","KIN-OMP220R","OCTOBER MOUNTAIN"
"246925","October Mountain Mountaineer Dusk Recurve Bow 62 in. 35 lbs. LH","KIN-OMP2216235","OCTOBER MOUNTAIN"
"246926","October Mountain Mountaineer Dusk Recurve Bow 62 in. 40 lbs. LH","KIN-OMP2216240","OCTOBER MOUNTAIN"
"247056","October Mountain Mountaineer Dusk Recurve Bow 62 in. 45 lbs. LH","KIN-OMP2216245","OCTOBER MOUNTAIN"
"247057","October Mountain Mountaineer Dusk Recurve Bow 62 in. 50 lbs. LH","KIN-OMP2216250","OCTOBER MOUNTAIN"
"247147","October Mountain Mountaineer Dusk Recurve Limbs 62 in. 30 lbs.","KIN-OMP221630","OCTOBER MOUNTAIN"
"247180","October Mountain Mountaineer Dusk Recuve Limbs 62 in. 35 lbs.","KIN-OMP221635","OCTOBER MOUNTAIN"
"247195","October Mountain Mountaineer Dusk Recurve Limbs 62 in. 40 lbs.","KIN-OMP221640","OCTOBER MOUNTAIN"
"247181","October Mountain Mountaineer Dusk Recurve Limbs 62 in. 45 lbs.","KIN-OMP221645","OCTOBER MOUNTAIN"
"247182","October Mountain Mountaineer Dusk Recurve Limbs 62 in. 50 lbs.","KIN-OMP221650","OCTOBER MOUNTAIN"
"247148","October Mountain Mountaineer Dusk Recurve Limbs 62 in. 55 lbs.","KIN-OMP221655","OCTOBER MOUNTAIN"
"247112","October Mountain Mountaineer Dusk Riser 62 in. LH","KIN-OMP221L","OCTOBER MOUNTAIN"
"247022","October Mountain Ascent Recurve Bow Red 58 in. 35 lbs. RH","KIN-OMP81211","OCTOBER MOUNTAIN"
"246927","October Mountain Ascent Recurve Bow Red 58 in. 40 lbs. RH","KIN-OMP81212","OCTOBER MOUNTAIN"
"246928","October Mountain Ascent Recurve Bow Red 58 in. 45 lbs. RH","KIN-OMP81213","OCTOBER MOUNTAIN"
"246975","October Mountain Ascent Recurve Bow Red 58 in. 50 lbs. RH","KIN-OMP81214","OCTOBER MOUNTAIN"
"246929","October Mountain Ascent Recurve Bow Green 58 in. 35 lbs. RH","KIN-OMP81215","OCTOBER MOUNTAIN"
"247058","October Mountain Ascent Recurve Bow Green 58 in. 40 lbs. RH","KIN-OMP81216","OCTOBER MOUNTAIN"
"246976","October Mountain Ascent Recurve Bow Green 58 in. 45 lbs. RH","KIN-OMP81217","OCTOBER MOUNTAIN"
"247059","October Mountain Ascent Recurve Bow Green 58 in. 50 lbs. RH","KIN-OMP81218","OCTOBER MOUNTAIN"
"246930","October Mountain Ascent Recurve Bow Blue 58 in. 35 lbs. RH","KIN-OMP81219","OCTOBER MOUNTAIN"
"246977","October Mountain Ascent Recurve Bow Blue 58 in. 40 lbs. RH","KIN-OMP81220","OCTOBER MOUNTAIN"
"246931","October Mountain Ascent Recurve Bow Blue 58 in. 45 lbs. RH","KIN-OMP81221","OCTOBER MOUNTAIN"
"247023","October Mountain Ascent Recurve Bow Blue 58 in. 50 lbs. RH","KIN-OMP81222","OCTOBER MOUNTAIN"
"246978","October Mountain Ascent Recurve Bow Orange 58 in. 35 lbs. RH","KIN-OMP81223","OCTOBER MOUNTAIN"
"246932","October Mountain Ascent Recurve Bow Orange 58 in. 40 lbs. RH","KIN-OMP81224","OCTOBER MOUNTAIN"
"246979","October Mountain Ascent Recurve Bow Orange 58 in. 45 lbs. RH","KIN-OMP81225","OCTOBER MOUNTAIN"
"246980","October Mountain Ascent Recurve Bow Orange 58 in. 50 lbs. RH","KIN-OMP81226","OCTOBER MOUNTAIN"
"247060","October Mountain Ascent Recurve Bow Purple 58 in. 35 lbs. RH","KIN-OMP81227","OCTOBER MOUNTAIN"
"246981","October Mountain Ascent Recurve Bow Purple 58 in. 40 lbs. RH","KIN-OMP81228","OCTOBER MOUNTAIN"
"246982","October Mountain Ascent Recurve Bow Purple 58 in. 45 lbs. RH","KIN-OMP81229","OCTOBER MOUNTAIN"
"247061","October Mountain Ascent Recurve Bow Purple 58 in. 50 lbs. RH","KIN-OMP81230","OCTOBER MOUNTAIN"
"247024","October Mountain Ascent Recurve Bow Black 58 in. 35 lbs. RH","KIN-OMP81231","OCTOBER MOUNTAIN"
"246983","October Mountain Ascent Recurve Bow Black 58 in. 40 lbs. RH","KIN-OMP81232","OCTOBER MOUNTAIN"
"246933","October Mountain Ascent Recurve Bow Black 58 in. 45 lbs. RH","KIN-OMP81233","OCTOBER MOUNTAIN"
"246984","October Mountain Ascent Recurve Bow Black 58 in. 50 lbs. RH","KIN-OMP81234","OCTOBER MOUNTAIN"
"246985","October Mountain Ascent Recurve Bow Red 58 in. 20 lbs. RH","KIN-OMP81549","OCTOBER MOUNTAIN"
"247025","October Mountain Ascent Recurve Bow Red 58 in. 25 lbs. RH","KIN-OMP81550","OCTOBER MOUNTAIN"
"246986","October Mountain Ascent Recurve Bow Green 58 in. 20 lbs. RH","KIN-OMP81551","OCTOBER MOUNTAIN"
"247026","October Mountain Ascent Recurve Bow Green 58 in. 25 lbs. RH","KIN-OMP81552","OCTOBER MOUNTAIN"
"247062","October Mountain Ascent Recurve Bow Blue 58 in. 20 lbs. RH","KIN-OMP81553","OCTOBER MOUNTAIN"
"247027","October Mountain Ascent Recurve Bow Blue 58 in. 25 lbs. RH","KIN-OMP81554","OCTOBER MOUNTAIN"
"247063","October Mountain Ascent Recurve Bow Orange 58 in. 20 lbs. RH","KIN-OMP81555","OCTOBER MOUNTAIN"
"246987","October Mountain Ascent Recurve Bow Orange 58 in. 25 lbs. RH","KIN-OMP81556","OCTOBER MOUNTAIN"
"246988","October Mountain Ascent Recurve Bow Purple 58 in. 20 lbs. RH","KIN-OMP81557","OCTOBER MOUNTAIN"
"247064","October Mountain Ascent Recurve Bow Purple 58 in. 25 lbs. RH","KIN-OMP81558","OCTOBER MOUNTAIN"
"247065","October Mountain Ascent Recurve Bow Black 58 in. 20 lbs. RH","KIN-OMP81559","OCTOBER MOUNTAIN"
"246989","October Mountain Ascent Recurve Bow Black 58 in. 25 lbs. RH","KIN-OMP81560","OCTOBER MOUNTAIN"
"246934","October Mountain Ascent Recurve Bow Realtree EXCAPE 58 in. 35 lb. RH","KIN-OMP81561","OCTOBER MOUNTAIN"
"246935","October Mountain Ascent Recurve Bow Realtree EXCAPE 58 in. 40 lb. RH","KIN-OMP81562","OCTOBER MOUNTAIN"
"247028","October Mountain Ascent Recurve Bow Realtree EXCAPE 58 in. 45 lb. RH","KIN-OMP81563","OCTOBER MOUNTAIN"
"246990","October Mountain Ascent Recurve Bow Realtree EXCAPE 58 in. 50 lb. RH","KIN-OMP81564","OCTOBER MOUNTAIN"
"246451","Velocity The Beast Crossbow Broadheads 125 gr. 3 pk.","KIN-OPP0057","Velocity"
"246762","PSE Mini Burner RTS Package Lime Green 16-26.5 in. 40 lbs. RH","KIN-PSE1714","PSE"
"246786","PSE Mini Burner RTS Package Mossy Oak Country 16-26.5 in. 40 lbs. RH","KIN-PSE1715","PSE"
"246707","PSE Mini Burner RTS Package Black 16-26.5 in. 40 lbs. RH","KIN-PSE1716","PSE"
"246708","PSE Mini Burner RTS Package Mossy Oak Country 16-26.5 in. 40 lbs. LH","KIN-PSE1717","PSE"
"246763","PSE Mini Burner RTS Package Black 16-26.5 in. 40 lbs. LH","KIN-PSE1718","PSE"
"251741","PSE Zombie React Pistol Crossbow Package Black","KIN-PSE1726","PSE"
"251719","PSE Viper SS Handheld Crossbow Package Black","KIN-PSE1727","PSE"
"246764","PSE Uprising RTS Package Black 14-30 in. 70 lbs. RH","KIN-PSE1741","PSE"
"246709","PSE Uprising RTS Package Mossy Oak Country 14-30 in. 70 lbs. RH","KIN-PSE1742","PSE"
"246799","PSE Bow Madness Unleashed RTS Package RH 25-30.5&quote; 70 Lbs. Mossy Oak Country","KIN-PSE1750","PSE"
"246796","PSE Brute NXT RTS Package RH 22.5-30&quote; 70 Lbs. Mossy Oak Country","KIN-PSE1751","PSE"
"246797","PSE Stinger Max RTS Package RH 21.5-30&quote; 70 Lbs. Black","KIN-PSE1752","PSE"
"246798","PSE Stinger Max RTS Package RH 21.5-30&quote; 70 Lbs. Mossy Oak Country","KIN-PSE1753","PSE"
"246639","PSE Brute NXT Bow Black 22.5-30 in. 55 lbs. LH","KIN-PSE1754","PSE"
"246668","PSE Brute NXT Bow Black 22.5-30 in. 70 lbs. LH","KIN-PSE1755","PSE"
"246623","PSE Brute NXT Bow Mossy Oak Country 22.5-30 in. 55 lbs. LH","KIN-PSE1756","PSE"
"246624","PSE Brute NXT Bow Mossy Oak Country 22.5-30 in. 70 lbs. LH","KIN-PSE1757","PSE"
"246640","PSE Brute NXT Bow Black 22.5-30 in. 55 lbs. RH","KIN-PSE1758","PSE"
"246625","PSE Brute NXT Bow Black 22.5-30 in. 70 lbs. RH","KIN-PSE1759","PSE"
"246669","PSE Brute NXT Bow Mossy Oak Country 22.5-30 in. 55 lbs. RH","KIN-PSE1760","PSE"
"246676","PSE Brute NXT Bow Mossy Oak Country 22.5-30 in. 70 lbs. RH","KIN-PSE1761","PSE"
"246626","PSE Brute NXT Bow TrueTimber Strata 22.5-30 in. 55 lbs. RH","KIN-PSE1762","PSE"
"246641","PSE Brute NXT Bow TrueTimber Strata 22.5-30 in. 70 lbs. RH","KIN-PSE1763","PSE"
"246991","PSE Nighthawk Traditional Recurve Bow Wood Riser 62 in. 25 lbs. RH","KIN-PSE1764","PSE"
"247066","PSE Nighthawk Traditional Recurve Bow Wood Riser 62 in. 30 lbs. RH","KIN-PSE1765","PSE"
"246936","PSE Nighthawk Traditional Recurve Bow Wood Riser 62 in. 35 lbs. RH","KIN-PSE1766","PSE"
"246937","PSE Nighthawk Traditional Recurve Bow Wood Riser 62 in. 40 lbs. RH","KIN-PSE1767","PSE"
"246992","PSE Pro Max Traditional Recurve Bow Set Wood Riser 54 in. 15 lbs. RH","KIN-PSE1768","PSE"
"246938","PSE Pro Max Traditional Recurve Bow Set Wood Riser 54 in. 20 lbs. RH","KIN-PSE1769","PSE"
"247029","PSE Pro Max Traditional Recurve Bow Set Wood Riser 54 in. 25 lbs. RH","KIN-PSE1780","PSE"
"247067","PSE Pro Max Traditional Recurve Bow Set Wood Riser 62 in. 20 lbs. RH","KIN-PSE1781","PSE"
"246939","PSE Pro Max Traditional Recurve Bow Set Wood Riser 62 in. 25 lbs. RH","KIN-PSE1782","PSE"
"246993","PSE Pro Max Traditional Recurve Bow Set Wood Riser 62 in. 30 lbs. RH","KIN-PSE1783","PSE"
"246994","PSE Pro Max Traditional Recurve Bow Set Wood Riser 62 in. 35 lbs. RH","KIN-PSE1784","PSE"
"247068","PSE Shaman Traditional Recurve Bow Wood Riser 62 in. 30 lbs. RH","KIN-PSE1785","PSE"
"246940","PSE Shaman Traditional Recurve Bow Wood Riser 62 in. 35 lbs. RH","KIN-PSE1786","PSE"
"246941","PSE Shaman Traditional Recurve Bow Wood Riser 62 in. 40 lbs. RH","KIN-PSE1787","PSE"
"246995","PSE Shaman Traditional Recurve Bow Wood Riser 62 in. 45 lbs. RH","KIN-PSE1788","PSE"
"246942","PSE Shaman Traditional Recurve Bow Wood Riser 62 in. 50 lbs. RH","KIN-PSE1789","PSE"
"246670","PSE Stinger Max Bow Black 21.5-30 in. 55 lbs. LH","KIN-PSE1790","PSE"
"246627","PSE Stinger Max Bow Black 21.5-30 in. 70 lbs. LH","KIN-PSE1791","PSE"
"246642","PSE Stinger Max Bow Mossy Oak Country 21.5-30 in. 55 lbs. LH","KIN-PSE1792","PSE"
"246643","PSE Stinger Max Bow Mossy Oak Country 21.5-30 in. 70 lbs. LH","KIN-PSE1793","PSE"
"246644","PSE Stinger Max Bow Black 21.5-30 in. 55 lbs. RH","KIN-PSE1794","PSE"
"246628","PSE Stinger Max Bow Black 21.5-30 in. 70 lbs. RH","KIN-PSE1795","PSE"
"246677","PSE Stinger Max Bow Mossy Oak Country 21.5-30 in. 55 lbs. RH","KIN-PSE1796","PSE"
"246678","PSE Stinger Max Bow Mossy Oak Country 21.5-30 in. 70 lbs. RH","KIN-PSE1797","PSE"
"246629","PSE Stinger Max Bow TrueTimber Strata 21.5-30 in. 55 lbs. RH","KIN-PSE1798","PSE"
"246679","PSE Stinger Max Bow TrueTimber Strata 21.5-30 in. 70 lbs. RH","KIN-PSE1799","PSE"
"246710","PSE Brute NXT RTS Package Black 22.5-30 in. 55 lbs. LH","KIN-PSE1800","PSE"
"246787","PSE Brute NXT RTS Package Black 22.5-30 in. 70 lbs. LH","KIN-PSE1801","PSE"
"246788","PSE Brute NXT RTS Package Mossy Oak Country 22.5-30 in. 55 lbs. LH","KIN-PSE1802","PSE"
"246733","PSE Brute NXT RTS Package Mossy Oak Country 22.5-30 in. 70 lbs. LH","KIN-PSE1803","PSE"
"246734","PSE Brute NXT RTS Package Black 22.5-30 in. 55 lbs. RH","KIN-PSE1804","PSE"
"246711","PSE Brute NXT RTS Package Black 22.5-30 in. 70 lbs. RH","KIN-PSE1805","PSE"
"246789","PSE Brute NXT RTS Package Mossy Oak Country 22.5-30 in. 55 lbs. RH","KIN-PSE1806","PSE"
"246790","PSE Brute NXT RTS Package TrueTimber Strata 22.5-30 in. 55 lbs. RH","KIN-PSE1807","PSE"
"246735","PSE Brute NXT RTS Package TrueTimber Strata 22.5-30 in. 70 lbs. RH","KIN-PSE1808","PSE"
"246736","PSE Stinger Max RTS Package Black 21.5-30 in. 55 lbs. LH","KIN-PSE1809","PSE"
"246765","PSE Stinger Max RTS Package Black 21.5-30 in. 70 lbs. LH","KIN-PSE1810","PSE"
"246766","PSE Stinger Max RTS Package Mossy Oak Country 21.5-30 in. 55 lbs. LH","KIN-PSE1811","PSE"
"246791","PSE Stinger Max RTS Package Mossy Oak Country 21.5-30 in. 70 lbs. LH","KIN-PSE1812","PSE"
"246712","PSE Stinger Max RTS Package Black 21.5-30 in. 55 lbs. RH","KIN-PSE1813","PSE"
"246767","PSE Stinger Max RTS Package Mossy Oak Country 21.5-30 in. 55 lbs. RH","KIN-PSE1814","PSE"
"246713","PSE Stinger Max RTS Package TrueTimber Strata 21.5-30 in. 55 lbs. RH","KIN-PSE1815","PSE"
"246737","PSE Stinger Max RTS Package TrueTimber Strata 21.5-30 in. 70 lbs. RH","KIN-PSE1816","PSE"
"246768","PSE Uprising RTS Package Black 14-30 in. 50 lbs. LH","KIN-PSE1817","PSE"
"246792","PSE Uprising RTS Package Mossy Oak Country 14-30 in. 50 lbs. LH","KIN-PSE1818","PSE"
"251706","PSE Coalition Frontier Crossbow Package Black/Camo","KIN-PSE1819","PSE"
"251720","PSE Warhammer Crossbow Package Black","KIN-PSE1820","PSE"
"251721","PSE Warhammer Crossbow Package Mossy Oak Country","KIN-PSE1821","PSE"
"251742","PSE Warhammer Crossbow Package TrueTimber Strata","KIN-PSE1822","PSE"
"242347","PSE BGX Arrows 300 2.7 in. AAE Hybrid 12 pk.","KIN-PSE25300","PSE"
"242446","PSE BGX Arrows 350 2.7 in. AAE Hybrid 12 pk.","KIN-PSE25350","PSE"
"242652","PSE BGX Arrows 400 2.7 in. AAE Hybrid 12 pk.","KIN-PSE25400","PSE"
"242447","PSE BGX Arrows 500 2.7 in. AAE Hybrid 12 pk.","KIN-PSE25500","PSE"
"242448","PSE Desperado Arrows 600 28 in. 3 in. Vanes 6 pk.","KIN-PSE2628600","PSE"
"242653","PSE Explorer Youth Arrows 700 26 in. 3 in. Vanes 3 pk.","KIN-PSE2726700","PSE"
"242348","PSE Explorer Youth Arrows 700 28 in. 3 in. Vanes 3 pk.","KIN-PSE2728700","PSE"
"242654","PSE HD Hunter Arrows 300 2 in. Blazer Vanes 12 pk.","KIN-PSE28300","PSE"
"242349","PSE HD Hunter Arrows 359 2 in. Blazer Vanes 12 pk.","KIN-PSE28359","PSE"
"242350","PSE HD Hunter Arrows 424 2 in. Blazer Vanes 12 pk.","KIN-PSE28424","PSE"
"242655","PSE Mini Burner Youth Arrows 500 3 in. Vanes 6 pk.","KIN-PSE29500","PSE"
"242656","PSE Razorback Arrows 1000 2.25 in. Shield Cut Feathers 6 pk.","KIN-PSE301000","PSE"
"242704","PSE Razorback Arrows 1200 2.25 in. Shield Cut Feathers 6 pk.","KIN-PSE301200","PSE"
"242705","PSE Razorback Arrows 600 2.25 in. Shield Cut Feathers 6 pk.","KIN-PSE30600","PSE"
"242706","PSE Razorback Arrows 800 2.25 in. Shield Cut Feathers 6 pk.","KIN-PSE30800","PSE"
"242707","PSE Timber Arrows 400 4 in. Shield Cut Feathers 12 pk.","KIN-PSE31400","PSE"
"242657","PSE Timber Arrows 500 4 in. Shield Cut Feathers 12 pk.","KIN-PSE31500","PSE"
"242351","PSE Timber Arrows 600 4 in. Shield Cut Feathers 12 pk.","KIN-PSE31600","PSE"
"242352","PSE Vandal Arrows 300 2 in. Blazer Vanes 6 pk.","KIN-PSE32300","PSE"
"242449","PSE Vandal Arrows 340 2 in. Blazer Vanes 6 pk.","KIN-PSE32340","PSE"
"242708","PSE Vandal Arrows 400 2 in. Blazer Vanes 6 pk.","KIN-PSE32400","PSE"
"242450","PSE Vandal Arrows 500 2 in. Blazer Vanes 6 pk.","KIN-PSE32500","PSE"
"242451","PSE XP Arrows 300 2 in. Blazer Vanes 12 pk.","KIN-PSE33300","PSE"
"242709","PSE XP Arrows 350 2 in. Blazer Vanes 12 pk.","KIN-PSE33350","PSE"
"242658","PSE XP Arrows 400 2 in. Blazer Vanes 12 pk.","KIN-PSE33400","PSE"
"242353","PSE XP Arrows 500 2 in. Blazer Vanes 12 pk.","KIN-PSE33500","PSE"
"246738","Quest Thrive Bow Package Black 29 in. 60 lbs. LH","KIN-QUE1036","Quest"
"246769","Quest Thrive Bow Package Realtree Xtra 29 in. 60 lbs. LH","KIN-QUE1037","Quest"
"246793","Quest Thrive Bow Package Realtree Xtra 29 in. 70 lbs. LH","KIN-QUE1039","Quest"
"246794","Quest Thrive Bow Package Realtree Xtra 29 in. 60 lbs. RH","KIN-QUE1041","Quest"
"246630","Quest Thrive Bow Grey/ Elevate II 29 in. 70 lbs. RH","KIN-QUE1046","Quest"
"246671","Quest Thrive Bow Black 29 in. 70 lbs. RH","KIN-QUE1047","Quest"
"246631","Quest Centec Bow Realtree/ Black 29in. 70 lb. LH","KIN-QUE1049","Quest"
"246672","Quest Centec Bow Realtree/ Black 29in. 70 lb. RH","KIN-QUE1050","Quest"
"246673","Quest Centec Bow Subalpine/ Black 29 in. 70 lb RH","KIN-QUE1051","Quest"
"246674","Quest Centec Bow Realtree/ Black 25.5-31 in. 55 lb. LH","KIN-QUE1061","Quest"
"246859","Quest Centec NXT Bow Recon Gray/Black 26in. 45 lb. RH","KIN-QUE1063","Quest"
"246843","Quest Centec NXT Bow Package Subalpine/Black 26in. 45 lb. RH","KIN-QUE1066","Quest"
"246844","Quest Centec NXT Bow Package Galaxy/Black 26in. 45 lb. RH","KIN-QUE1068","Quest"
"246714","Quest Centec Bow Package Excape/Black 25.5-31 in. 70 lb. RH","KIN-QUE1069","Quest"
"246715","Quest Centec Bow Package Army Green/Black 25.5-31 in. 70 lb. RH","KIN-QUE1070","Quest"
"246795","Quest Centec Bow Package Recon Gray/Black 25.5-31 in. 70 lb. RH","KIN-QUE1071","Quest"
"246770","Quest Centec Bow Package Subalpine/Black 25.5-31 in. 70 lb. RH","KIN-QUE1072","Quest"
"246854","Quest Centec NXT Bow Package Blue Scar/Black 26in. 45 lb. RH","KIN-QUE1073","Quest"
"246860","Quest Centec NXT Bow Package Blouder Gray/Black 26in. 45 lb. RH","KIN-QUE1074","Quest"
"246845","Quest Centec NXT Bow Package Army Green/Black 26in. 45 lb. RH","KIN-QUE1075","Quest"
"251743","Ravin R18 Crossbow Package","KIN-RAV1314","Ravin"
"251763","Ravin R500E Crossbow Package","KIN-RAV1317","Ravin"
"251764","Ravin R500E Sniper Package","KIN-RAV1318","Ravin"
"251797","Ravin R5X Crossbow Package","KIN-RAV1319","Ravin"
"251799","Ravin R10X Crossbow Package","KIN-RAV1320","Ravin"
"251798","Ravin R26X Crossbow Package","KIN-RAV1321","Ravin"
"251800","Ravin R29X Sniper Crossbow Package","KIN-RAV1322","Ravin"
"251789","Rocky Mountain RM405 Crossbow Package Crank Black","KIN-ROMO1004","Rocky Mountain"
"251790","Rocky Mountain RM415 Crossbow Package Crank Dark Earth","KIN-ROMO1005","Rocky Mountain"
"251791","Rocky Mountain RM370 Crossbow Package Black","KIN-ROMO1006","Rocky Mountain"
"251792","SYKD Vindicate XVC Crossbow Package","KIN-SYK0001","SYKD Hunt"
"251722","TenPoint Havoc RS440 Crossbow Package ACUslide Veil Alpine","KIN-TEN1302","TENPOINT"
"251773","TenPoint Nitro 505 Xero Crossbow Package ACUslide Garmin Xero Rangefinding Scope","KIN-TEN1306","TENPOINT"
"251774","TenPoint Nitro 505 Oracle Crossbow Package ACUslide Burris Oracle Rangefinding Scope","KIN-TEN1307","TENPOINT"
"251775","TenPoint Nitro 505 Crossbow Package ACUslide Veil Alpine","KIN-TEN1308","TENPOINT"
"251780","TenPoint Nitro 505 Crossbow Package ACUslide Moss Green","KIN-TEN1309","TENPOINT"
"251779","TenPoint Viper S400 Oracle Crossbow Package ACUslide Burris Oracle Rangefinding Scope","KIN-TEN1310","TENPOINT"
"251778","TenPoint Turbo S1 Crossbow Package ACUslide Vektra","KIN-TEN1312","TENPOINT"
"251777","TenPoint Turbo S1 Crossbow Package ACUslide Moss Green","KIN-TEN1313","TENPOINT"
"251776","TenPoint Titan De-Cock Crossbow Package ACUdraw De-Cock Vektra","KIN-TEN1314","TENPOINT"
"251781","TenPoint Titan De-Cock Crossbow Package ACUdraw 50 Sled Vektra","KIN-TEN1315","TENPOINT"
"243338","Victory VForce TKO Gamer Low Torque Shafts 300 1 Doz.","KIN-V1000300","Victory"
"243040","Victory VForce TKO Gamer Low Torque Shafts 350 1 Doz.","KIN-V1000350","Victory"
"243185","Victory VForce TKO Gamer Low Torque Shafts 400 1 Doz.","KIN-V1000400","Victory"
"243339","Victory VForce TKO Sport Low Torque Shafts 300 1 Doz.","KIN-V1010300","Victory"
"243041","Victory VForce TKO Sport Low Torque Shafts 350 1 Doz.","KIN-V1010350","Victory"
"243042","Victory VForce TKO Sport Low Torque Shafts 400 1 Doz.","KIN-V1010400","Victory"
"243473","Victory VForce Elite Shafts 250 1 Doz.","KIN-V1020250","Victory"
"243043","Victory VForce Elite Shafts 300 1 Doz.","KIN-V1020300","Victory"
"243186","Victory VForce Elite Shafts 350 1 Doz.","KIN-V1020350","Victory"
"243474","Victory VForce Elite Shafts 400 1 Doz.","KIN-V1020400","Victory"
"243044","Victory VForce Elite Shafts 500 1 Doz.","KIN-V1020500","Victory"
"243475","Victory Carbon Trad Gamer Shafts 350 1 Doz.","KIN-V1030350","Victory"
"243476","Victory Carbon Trad Gamer Shafts 450 1 Doz.","KIN-V1030450","Victory"
"243340","Victory Carbon Trad Gamer Shafts 550 1 Doz.","KIN-V1030550","Victory"
"243187","Victory Carbon Trad Gamer Shafts 650 1 Doz.","KIN-V1030650","Victory"
"243188","Victory VAP Gamer Target Shafts 350 1 Doz.","KIN-V1040350","Victory"
"243341","Victory VAP Gamer Target Shafts 400 1 Doz.","KIN-V1040400","Victory"
"243189","Victory VAP Gamer Target Shafts 450 1 Doz.","KIN-V1040450","Victory"
"243342","Victory VAP Gamer Target Shafts 500 1 Doz.","KIN-V1040500","Victory"
"243190","Victory VAP Sport Target Shafts 350 1 Doz.","KIN-V1050350","Victory"
"243343","Victory VAP Sport Target Shafts 400 1 Doz.","KIN-V1050400","Victory"
"243191","Victory VAP Sport Target Shafts 450 1 Doz.","KIN-V1050450","Victory"
"243344","Victory VAP Sport Target Shafts 500 1 Doz.","KIN-V1050500","Victory"
"243045","Victory 3DHV Gamer Shafts 300 1 Doz.","KIN-V1060300","Victory"
"243345","Victory 3DHV Gamer Shafts 350 1 Doz.","KIN-V1060350","Victory"
"243192","Victory 3DHV Gamer Shafts 400 1 Doz.","KIN-V1060400","Victory"
"243346","Victory 3DHV Gamer Shafts 500 1 Doz.","KIN-V1060500","Victory"
"243347","Victory VForce TKO Gamer Target Shafts 300 1 Doz.","KIN-V1070300","Victory"
"243193","Victory VForce TKO Gamer Target Shafts 350 1 Doz.","KIN-V1070350","Victory"
"243194","Victory VForce TKO Gamer Target Shafts 400 1 Doz.","KIN-V1070400","Victory"
"243348","Victory VForce TKO Sport Target Shafts 300 1 Doz.","KIN-V1080300","Victory"
"243195","Victory VForce TKO Sport Target Shafts 350 1 Doz.","KIN-V1080350","Victory"
"243196","Victory VForce TKO Sport Target Shafts 400 1 Doz.","KIN-V1080400","Victory"
"243197","Victory VAP Gamer Shafts 250 1 Doz.","KIN-V380250","Victory"
"243349","Victory VAP Gamer Shafts 300 1 doz.","KIN-V380300","Victory"
"243198","Victory VAP Gamer Shafts 350 1 doz.","KIN-V380350","Victory"
"243477","Victory VAP Gamer Shafts 400 1 doz.","KIN-V380400","Victory"
"243199","Victory VAP Gamer Shafts 500 1 doz.","KIN-V380500","Victory"
"243046","Victory VAP Sport Shafts 250 1 Doz.","KIN-V390250","Victory"
"243047","Victory VAP Sport Shafts 300 1 Doz.","KIN-V390300","Victory"
"243048","Victory VAP Sport Shafts 350 1 doz.","KIN-V390350","Victory"
"243200","Victory VAP Sport Shafts 400 1 doz.","KIN-V390400","Victory"
"243350","Victory VAP Sport Shafts 500 1 doz.","KIN-V390500","Victory"
"243201","Victory VForce Gamer Shafts 250 1 Doz.","KIN-V420250","Victory"
"243202","Victory VForce Gamer Shafts 300 1 doz.","KIN-V420300","Victory"
"243049","Victory VForce Gamer Shafts 350 1 doz.","KIN-V420350","Victory"
"243478","Victory VForce Gamer Shafts 400 1 doz.","KIN-V420400","Victory"
"243203","Victory VForce Gamer Shafts 500 1 doz.","KIN-V420500","Victory"
"243050","Victory VForce Sport Shafts 250 1 Doz.","KIN-V430250","Victory"
"243204","Victory VForce Sport Shafts 300 1 doz.","KIN-V430300","Victory"
"243205","Victory VForce Sport Shafts 350 1 doz.","KIN-V430350","Victory"
"243051","Victory VForce Sport Shafts 400 1 doz.","KIN-V430400","Victory"
"243052","Victory VForce Sport Shafts 500 1 doz.","KIN-V430500","Victory"
"243351","Victory VAP Elite Shafts 300 1 doz.","KIN-V480300","Victory"
"243352","Victory VAP Elite Shafts 350 1 doz.","KIN-V480350","Victory"
"243479","Victory VAP Elite Shafts 400 1 doz.","KIN-V480400","Victory"
"243053","Victory VAP Elite Shafts 500 1 doz.","KIN-V480500","Victory"
"243353","Victory VAP TKO Gamer Low Torque Shafts 350 1 doz.","KIN-V530350","Victory"
"243206","Victory VAP TKO Sport Low Torque Shafts 300 1 doz.","KIN-V540300","Victory"
"243354","Victory VAP TKO Sport Low Torque Shafts 350 1 doz.","KIN-V540350","Victory"
"243054","Victory VAP TKO Sport Low Torque Shafts 400 1 doz.","KIN-V540400","Victory"
"243055","Victory RIP XV Elite Shafts 250 1 Doz.","KIN-V550250","Victory"
"243480","Victory RIP XV Elite Shafts 300 1 doz.","KIN-V550300","Victory"
"243355","Victory RIP XV Elite Shafts 350 1 doz.","KIN-V550350","Victory"
"243356","Victory RIP XV Elite Shafts 400 1 doz.","KIN-V550400","Victory"
"243357","Victory RIP XV Gamer Shafts 250 1 Doz.","KIN-V560250","Victory"
"243481","Victory RIP XV Gamer Shafts 300 1 doz.","KIN-V560300","Victory"
"243056","Victory RIP XV Gamer Shafts 350 1 doz.","KIN-V560350","Victory"
"243057","Victory RIP XV Gamer Shafts 400 1 doz.","KIN-V560400","Victory"
"243207","Victory RIP XV Sport Shafts 250 1 Doz.","KIN-V570250","Victory"
"243058","Victory RIP XV Sport Shafts 300 1 doz.","KIN-V570300","Victory"
"243059","Victory RIP XV Sport Shafts 350 1 doz.","KIN-V570350","Victory"
"243482","Victory RIP XV Sport Shafts 400 1 doz.","KIN-V570400","Victory"
"243208","Victory RIP XV Sport Shafts 500 1 doz.","KIN-V570500","Victory"
"243209","Victory 3DHV Elite Shafts 350 1 doz.","KIN-V590350","Victory"
"243210","Victory 3DHV Elite Shafts 400 1 doz.","KIN-V590400","Victory"
"243483","Victory 3DHV Elite Shafts 500 1 doz.","KIN-V590500","Victory"
"243060","Victory NVX 23 Elite Shafts 350 1 doz.","KIN-V600350","Victory"
"243061","Victory NVX 23 Elite Shafts 400 1 doz.","KIN-V600400","Victory"
"243062","Victory NVX 27 Elite Shafts 200 1 doz.","KIN-V660200","Victory"
"243063","Victory VAP TKO Elite Shafts 300 1 doz.","KIN-V680300","Victory"
"243064","Victory VAP TKO Elite Shafts 350 1 doz.","KIN-V680350","Victory"
"243212","Victory VAP TKO Elite Shafts 400 1 doz.","KIN-V680400","Victory"
"243065","Victory Carbon Trad Sport Shafts 350 1 doz.","KIN-V690350","Victory"
"243213","Victory Carbon Trad Sport Shafts 650 1 Doz.","KIN-V690650","Victory"
"243484","Victory VAP TKO Gamer Low Torque Arrows 400 1 doz.","KIN-V700400","Victory"
"243214","Victory VXT Elite Taper Target Shafts 300 1 Doz.","KIN-V710300","Victory"
"243485","Victory VXT Elite Taper Target Shafts 355 1 doz.","KIN-V710355","Victory"
"243215","Victory VXT Elite Taper Target Shafts 450 1 doz.","KIN-V710450","Victory"
"243360","Victory VXT Elite Taper Target Shafts 550 1 Doz.","KIN-V710550","Victory"
"243361","Victory VXT Gamer Taper Target Shafts 300 1 Doz.","KIN-V720300","Victory"
"243362","Victory VXT Gamer Taper Target Shafts 355 1 doz.","KIN-V720355","Victory"
"243216","Victory VXT Gamer Taper Target Shafts 450 1 doz.","KIN-V720450","Victory"
"243486","Victory VXT Gamer Taper Target Shafts 550 1 Doz.","KIN-V720550","Victory"
"243066","Victory VXT Sport Taper Target Shafts 300 1 Doz.","KIN-V730300","Victory"
"243487","Victory VXT Sport Taper Target Shafts 355 1 doz.","KIN-V730355","Victory"
"243488","Victory VXT Sport Taper Target Shafts 450 1 doz.","KIN-V730450","Victory"
"243067","Victory VXT Sport Taper Target Shafts 550 1 Doz.","KIN-V730550","Victory"
"243068","Victory VAP Elite Target Shafts 350 1 doz.","KIN-V740350","Victory"
"243069","Victory VAP Elite Target Shafts 400 1 doz.","KIN-V740400","Victory"
"243217","Victory VAP Elite Target Shafts 450 1 doz.","KIN-V740450","Victory"
"243070","Victory VAP Elite Target Shafts 500 1 doz.","KIN-V740500","Victory"
"243218","Victory VForce TKO Elite Target Shafts 300 1 doz.","KIN-V750300","Victory"
"243219","Victory VForce TKO Elite Target Shafts 350 1 doz.","KIN-V750350","Victory"
"243220","Victory VForce TKO Elite Target Shafts 400 1 doz.","KIN-V750400","Victory"
"243221","Victory 3DHV Sport Shafts 300 1 Doz.","KIN-V760300","Victory"
"243489","Victory 3DHV Sport Shafts 350 1 doz.","KIN-V760350","Victory"
"243071","Victory 3DHV Sport Shafts 400 1 doz.","KIN-V760400","Victory"
"243072","Victory 3DHV Sport Shafts 500 1 doz.","KIN-V760500","Victory"
"243490","Victory XTorsion Gamer Shafts 250 1 doz.","KIN-V780250","Victory"
"243222","Victory XTorsion Gamer Shafts 300 1 doz.","KIN-V780300","Victory"
"243363","Victory XTorsion Gamer Shafts 350 1 doz.","KIN-V780350","Victory"
"243073","Victory XTorsion Gamer Shafts 400 1 doz.","KIN-V780400","Victory"
"243223","Victory XTorsion Sport Shafts 250 1 doz.","KIN-V790250","Victory"
"243224","Victory XTorsion Sport Shafts 300 1 doz.","KIN-V790300","Victory"
"243364","Victory XTorsion Sport Shafts 350 1 doz.","KIN-V790350","Victory"
"243365","Victory XTorsion Sport Shafts 400 1 doz.","KIN-V790400","Victory"
"243366","Victory VForce TKO Low Torque Elite Shafts 300 1 doz.","KIN-V800300","Victory"
"243491","Victory VForce TKO Low Torque Elite Shafts 350 1 doz.","KIN-V800350","Victory"
"243225","Victory VForce TKO Low Torque Elite Shafts 400 1 doz.","KIN-V800400","Victory"
"243226","Victory VAP SS Elite Shafts 250 1 Doz.","KIN-V810250","Victory"
"243367","Victory VAP SS Elite Shafts 300 1 doz.","KIN-V810300","Victory"
"243074","Victory VAP SS Elite Shafts 350 1 doz.","KIN-V810350","Victory"
"243227","Victory VAP SS Elite Shafts 400 1 doz.","KIN-V810400","Victory"
"243075","Victory VAP SS Gamer Shafts 250 1 Doz.","KIN-V820250","Victory"
"243076","Victory VAP SS Gamer Shafts 300 1 doz.","KIN-V820300","Victory"
"243228","Victory VAP SS Gamer Shafts 350 1 doz.","KIN-V820350","Victory"
"243229","Victory VAP SS Gamer Shafts 400 1 doz.","KIN-V820400","Victory"
"243492","Victory VAP SS Sport Shafts 250 1 Doz.","KIN-V830250","Victory"
"243230","Victory VAP SS Sport Shafts 300 1 doz.","KIN-V830300","Victory"
"243368","Victory VAP SS Sport Shafts 350 1 doz.","KIN-V830350","Victory"
"243369","Victory VAP SS Sport Shafts 400 1 doz.","KIN-V830400","Victory"
"243370","Grizzly Stik Momentum TDT Shaft 170 6 pk.","KIN-V840170","Victory"
"243231","Grizzly Stik Momentum TDT Shaft 400 6 pk.","KIN-V840400","Victory"
"243077","Victory V-Tac 23 Elite Shafts 270 1 doz.","KIN-V850270","Victory"
"243371","Victory V-Tac 23 Elite Shafts 380 1 doz.","KIN-V850380","Victory"
"243493","Victory V-Tac 23 Elite Shafts 480 1 doz.","KIN-V850480","Victory"
"243078","Victory V-Tac 23 Gamer Shafts 270 1 doz.","KIN-V860270","Victory"
"243079","Victory V-Tac 23 Gamer Shafts 380 1 doz.","KIN-V860380","Victory"
"243372","Victory V-Tac 23 Gamer Shafts 480 1 doz.","KIN-V860480","Victory"
"243373","Victory V-Tac 23 Sport Shafts 270 1 doz.","KIN-V870270","Victory"
"243374","Victory V-Tac 23 Sport Shafts 380 1 doz.","KIN-V870380","Victory"
"243375","Victory V-Tac 23 Sport Shafts 480 1 doz.","KIN-V870480","Victory"
"243494","Victory V-Tac 25 Elite Shafts 300 1 doz.","KIN-V880300","Victory"
"243376","Victory V-Tac 25 Gamer Shafts 300 1 doz.","KIN-V890300","Victory"
"243232","Victory V-Tac 25 Sport Shafts 300 1 doz.","KIN-V900300","Victory"
"243377","Victory V-Tac 27 Elite Shafts 220 1 doz.","KIN-V910300","Victory"
"243233","Victory V-Tac 27 Gamer Shafts 220 1 doz.","KIN-V920300","Victory"
"243234","Victory V-Tac 27 Sport Shafts 220 Spine 1 doz.","KIN-V930300","Victory"
"243378","Victory RIP TKO Low Torque Sport Shafts 250 1 Doz.","KIN-V960250","Victory"
"243235","Victory RIP TKO Low Torque Sport Shafts 300 1 Doz.","KIN-V960300","Victory"
"243379","Victory RIP TKO Low Torque Sport Shafts 350 1 Doz.","KIN-V960350","Victory"
"243495","Victory RIP TKO Low Torque Sport Shafts 400 1 Doz.","KIN-V960400","Victory"
"243236","Victory RIP Elite Shafts 300 1 Doz.","KIN-V970300","Victory"
"243080","Victory RIP Elite Shafts 350 1 Doz.","KIN-V970350","Victory"
"243081","Victory RIP Elite Shafts 400 1 Doz.","KIN-V970400","Victory"
"243237","Victory RIP Elite Shafts 500 1 Doz.","KIN-V970500","Victory"
"243082","Victory RIP Gamer Shafts 300 1 Doz.","KIN-V980300","Victory"
"243496","Victory RIP Gamer Shafts 350 1 Doz.","KIN-V980350","Victory"
"243497","Victory RIP Gamer Shafts 400 1 Doz.","KIN-V980400","Victory"
"243380","Victory RIP Gamer Shafts 500 1 Doz.","KIN-V980500","Victory"
"243498","Victory RIP Sport Shafts 300 1 Doz.","KIN-V990300","Victory"
"243083","Victory RIP Sport Shafts 350 1 Doz.","KIN-V990350","Victory"
"243084","Victory RIP Sport Shafts 400 1 Doz.","KIN-V990400","Victory"
"243381","Victory RIP Sport Shafts 500 1 Doz.","KIN-V990500","Victory"
"251707","Wicked Ridge M370 Crossbow Package Rope Sled","KIN-WIC1224","Wicked Ridge"
"251744","Wicked Ridge Invader 400 Crossbow Package ACUdraw 50","KIN-WIC1226","Wicked Ridge"
"251782","Wicked Ridge Fury 410 De-Cock Crossbow Package ACUdraw De-Cock Peak XT","KIN-WIC1233","Wicked Ridge"
"251783","Wicked Ridge Raider 400 De-Cock Crossbow Package ACUdraw De-Cock Peak XT","KIN-WIC1234","Wicked Ridge"
"243238","Carbon Express Predator Shafts 2040 1 doz.","KIN-X5102040","CARBON EXPRESS"
"243239","Carbon Express Predator Shafts 3050 1 doz.","KIN-X5103050","CARBON EXPRESS"
"243085","Carbon Express Predator Shafts 4560 1 doz.","KIN-X5104560","CARBON EXPRESS"
"243499","Carbon Express Predator Shafts 6075 1 doz.","KIN-X5106075","CARBON EXPRESS"
"243240","Carbon Express Predator Shafts 800 1 doz.","KIN-X510800","CARBON EXPRESS"
"242710","Carbon Express Predator Arrows 4560 Blazer Vanes 36 pk.","KIN-X51914560","CARBON EXPRESS"
"242354","Carbon Express Predator Arrows 6075 Blazer Vanes 36 pk.","KIN-X51916075","CARBON EXPRESS"
"242452","Carbon Express Maxima Red Arrows 250 (.400 spine) Blazer Vanes 36 pk.","KIN-X7491250","CARBON EXPRESS"
"242453","Carbon Express Maxima Red Arrows 350 Blazer Vanes 36 pk.","KIN-X7491350","CARBON EXPRESS"
"243502","Carbon Express Maxima Red SD Shafts 450 1 doz.","KIN-X861450","CARBON EXPRESS"
"243383","Carbon Express Predator XSD Shafts 300 1 doz.","KIN-X865300","CARBON EXPRESS"
"243087","Carbon Express PileDriver DS Shafts 450 1 doz.","KIN-X870450","CARBON EXPRESS"
"243503","Carbon Express Maxima Red Badlands Shafts 350 1 doz.","KIN-X872350","CARBON EXPRESS"
"243088","Carbon Express Tank 23D Shafts 350 1 doz.","KIN-X874350","CARBON EXPRESS"
"243504","Carbon Express Tank 23D Shafts 400 1 doz.","KIN-X874400","CARBON EXPRESS"
"243089","Carbon Express Tank 23D Shafts 500 1 doz.","KIN-X874500","CARBON EXPRESS"
"243384","Carbon Express Tank 27 Shafts 1 doz.","KIN-X875","CARBON EXPRESS"
"243090","Carbon Express Maxima XRZ Shafts 150 1 doz.","KIN-X876150","CARBON EXPRESS"
"243091","Carbon Express Maxima XRZ Shafts 250 1 doz.","KIN-X876250","CARBON EXPRESS"
"243385","Carbon Express Maxima XRZ Shafts 350 1 doz.","KIN-X876350","CARBON EXPRESS"
"242870","Carbon Express Maxima XRZ Arrows 150 Blazer Vanes 36 pk.","KIN-X87691150","CARBON EXPRESS"
"242871","Carbon Express Maxima XRZ Arrows 250 Blazer Vanes 36 pk.","KIN-X87691250","CARBON EXPRESS"
"243386","Carbon Express Nano SST Shafts 400 1 doz.","KIN-X878400","CARBON EXPRESS"
"243093","Carbon Express Nano SST Shafts 450 1 doz.","KIN-X878450","CARBON EXPRESS"
"243243","Carbon Express Tank 25 Shafts 1 doz.","KIN-X879","CARBON EXPRESS"
"243094","Carbon Express Maxima XRZ Select Shafts 350 1 doz.","KIN-X880350","CARBON EXPRESS"
"243506","Carbon Express Nano-XRZ Shafts 350 1 doz.","KIN-X881350","CARBON EXPRESS"
"243095","Carbon Express Nano-XRZ Shafts 400 1 doz.","KIN-X881400","CARBON EXPRESS"
"243387","Carbon Express Nano-XRZ Shafts 500 1 doz.","KIN-X881500","CARBON EXPRESS"
"243096","Carbon Express Nano-XRZ Shafts 600 1 doz.","KIN-X881600","CARBON EXPRESS"
"243507","Carbon Express Nano-XRZ Shafts 700 1 doz.","KIN-X881700","CARBON EXPRESS"
"243508","Carbon Express Nano-XRZ Shafts 800 1 doz.","KIN-X881800","CARBON EXPRESS"
"243509","Carbon Express Maxima Triad Shafts 300 1 doz.","KIN-X882300","CARBON EXPRESS"
"243097","Carbon Express Maxima Triad Shafts 350 1 doz.","KIN-X882350","CARBON EXPRESS"
"243098","Carbon Express Maxima Triad Shafts 400 1 doz.","KIN-X882400","CargoBuckle"
"243244","Carbon Express D-Stroyer Mx Hunter Shafts 300 1 doz.","KIN-X883300","CARBON EXPRESS"
"243099","Carbon Express D-Stroyer Mx Hunter Shafts 350 1 doz.","KIN-X883350","CARBON EXPRESS"
"243245","Carbon Express D-Stroyer Mx Hunter Shafts 400 1 doz.","KIN-X883400","CARBON EXPRESS"
"243388","Carbon Express D-Stroyer SD Shafts 300 1 doz.","KIN-X884300","CARBON EXPRESS"
"243100","Carbon Express D-Stroyer SD Shafts 350 1 doz.","KIN-X884350","CARBON EXPRESS"
"243246","Carbon Express D-Stroyer SD Shafts 400 1 doz.","KIN-X884400","CARBON EXPRESS"
"243101","Carbon Express D-Stroyer Shafts 350 1 doz.","KIN-X885350","CARBON EXPRESS"
"243247","Carbon Express D-Stroyer Shafts 400 1 doz.","KIN-X885400","CARBON EXPRESS"
"243389","Carbon Express D-Stroyer Shafts 500 1 doz.","KIN-X885500","CARBON EXPRESS"
"243102","Carbon Express Predator SD Shafts 300 1 doz.","KIN-X886300","CARBON EXPRESS"
"243248","Carbon Express Predator SD Shafts 350 1 doz.","KIN-X886350","CARBON EXPRESS"
"243249","Carbon Express Predator SD Shafts 400 1 doz.","KIN-X886400","CARBON EXPRESS"
"243510","Carbon Express Maxima Red Contour SD Shafts 350 1 doz.","KIN-X89350","CARBON EXPRESS"
"243103","Carbon Express Maxima Red Contour SD Shafts 400 1 doz.","KIN-X89400","CARBON EXPRESS"
"243250","Carbon Express Maxima Red Contour Shafts 350 1 doz.","KIN-X90350","CARBON EXPRESS"
"243511","Carbon Express Maxima Red Contour Shafts 400 1 doz.","KIN-X90400","CARBON EXPRESS"
"243512","Carbon Express D-Stroyer Piledriver Shafts 300 1 doz.","KIN-X91300","CARBON EXPRESS"
"243104","Carbon Express D-Stroyer Piledriver Shafts 350 1 doz.","KIN-X91350","CARBON EXPRESS"
"243251","Carbon Express D-Stroyer Piledriver Shafts 400 1 doz.","KIN-X91400","CARBON EXPRESS"
"243575","Carbon Express Maxima Sable RZ Shafts 350 1 doz.","KIN-X930350","CARBON EXPRESS"
"243576","Carbon Express Maxima Sable RZ Shafts 400 1 doz.","KIN-X930400","CARBON EXPRESS"
"243577","Carbon Express Maxima Sable RZ Shafts 500 1 doz.","KIN-X930500","CARBON EXPRESS"
"242908","Carbon Express Maxima Sable RZ Arrows 350 Blazer Vanes 36 pk.","KIN-X93091350","CARBON EXPRESS"
"243578","Carbon Express Maxima Sable RZ Select Shafts 350 1 doz.","KIN-X931350","CARBON EXPRESS"
"243580","Carbon Express Maxima Sable RZ Select Shafts 400 1 doz.","KIN-X931400","CARBON EXPRESS"
"243579","Carbon Express Maxima Sable RZ Select Shafts 500 1 doz.","KIN-X931500","CARBON EXPRESS"
"251768","Xpedition Viking X-430 Crossbow Package Black","KIN-XPD0003","Xpedition Archery"
"251769","Xpedition Viking X-430 Crossbow Package Realtree Edge","KIN-XPD0004","Xpedition Archery"
